This file contains any messages produced by compilers while
running configure, to aid debugging if configure makes a mistake.

It was created by python configure 3.14, which was
generated by GNU Autoconf 2.72.  Invocation command line was

  $ /home/villarias/Projects/jayraldinescateringsystem/Tablet/.buildozer/android/platform/build-arm64-v8a/build/other_builds/hostpython3/desktop/hostpython3/configure --prefix /home/villarias/Projects/jayraldinescateringsystem/Tablet/.buildozer/android/platform/build-arm64-v8a/build/other_builds/hostpython3/desktop/hostpython3/native-build/root/usr/local/

## --------- ##
## Platform. ##
## --------- ##

hostname = dev
uname -m = x86_64
uname -r = 5.15.0-139-generic
uname -s = Linux
uname -v = #149~20.04.1-Ubuntu SMP Wed Apr 16 08:29:56 UTC 2025

/usr/bin/uname -p = x86_64
/bin/uname -X     = unknown

/bin/arch              = x86_64
/usr/bin/arch -k       = unknown
/usr/convex/getsysinfo = unknown
/usr/bin/hostinfo      = unknown
/bin/machine           = unknown
/usr/bin/oslevel       = unknown
/bin/universe          = unknown

PATH: /home/villarias/.buildozer/android/platform/apache-ant-1.9.4/bin/
PATH: /home/villarias/miniconda3/envs/jayraldines_tablet/bin/
PATH: /home/villarias/.gemini/antigravity-ide/bin/
PATH: /home/villarias/.local/bin/
PATH: /home/villarias/.local/bin/
PATH: /home/villarias/.local/bin/
PATH: /home/villarias/.fly/bin/
PATH: ./
PATH: /home/villarias/pgsql/bin/
PATH: /home/villarias/postgres/bin/
PATH: /home/villarias/node-v24.9.0/bin/
PATH: /home/villarias/node-v24.7.0-linux-x64/bin/
PATH: /home/villarias/.local/bin/
PATH: /home/villarias/.opencode/bin/
PATH: /home/villarias/.local/bin/
PATH: /home/villarias/.fly/bin/
PATH: ./
PATH: /home/villarias/miniconda3/bin/
PATH: /home/villarias/miniconda3/condabin/
PATH: /home/villarias/pgsql/bin/
PATH: /home/villarias/postgres/bin/
PATH: /home/villarias/.local/share/pnpm/
PATH: /home/villarias/node-v24.9.0/bin/
PATH: /home/villarias/node-v24.7.0-linux-x64/bin/
PATH: /home/villarias/.local/bin/
PATH: /home/villarias/.opencode/bin/
PATH: /home/villarias/.nvm/versions/node/v22.19.0/bin/
PATH: /home/villarias/.local/bin/
PATH: /home/villarias/.local/bin/
PATH: /usr/local/sbin/
PATH: /usr/local/bin/
PATH: /usr/sbin/
PATH: /usr/bin/
PATH: /sbin/
PATH: /bin/
PATH: /usr/games/
PATH: /usr/local/games/
PATH: /snap/bin/
PATH: /home/villarias/.dotnet/tools/
PATH: /home/villarias/.local/share/JetBrains/Toolbox/scripts/
PATH: /home/villarias/.dotnet/tools/
PATH: /home/villarias/.local/share/JetBrains/Toolbox/scripts/


## ----------- ##
## Core tests. ##
## ----------- ##

configure:3402: looking for aux files: install-sh config.guess config.sub
configure:3415:  trying /home/villarias/Projects/jayraldinescateringsystem/Tablet/.buildozer/android/platform/build-arm64-v8a/build/other_builds/hostpython3/desktop/hostpython3/
configure:3426:   /home/villarias/Projects/jayraldinescateringsystem/Tablet/.buildozer/android/platform/build-arm64-v8a/build/other_builds/hostpython3/desktop/hostpython3/install-sh found
configure:3444:   /home/villarias/Projects/jayraldinescateringsystem/Tablet/.buildozer/android/platform/build-arm64-v8a/build/other_builds/hostpython3/desktop/hostpython3/config.guess found
configure:3444:   /home/villarias/Projects/jayraldinescateringsystem/Tablet/.buildozer/android/platform/build-arm64-v8a/build/other_builds/hostpython3/desktop/hostpython3/config.sub found
configure:3655: checking build system type
configure:3671: result: x86_64-pc-linux-gnu
configure:3691: checking host system type
configure:3706: result: x86_64-pc-linux-gnu
configure:3784: checking for Python interpreter freezing
configure:3786: result: ./_bootstrap_python
configure:3820: checking for python3.14
configure:3856: result: no
configure:3820: checking for python3.15
configure:3856: result: no
configure:3820: checking for python3.14
configure:3856: result: no
configure:3820: checking for python3.13
configure:3841: found /home/villarias/.local/bin/python3.13
configure:3853: result: python3.13
configure:3867: checking Python for regen version
configure:3870: result: Python 3.13.0
configure:4005: checking for pkg-config
configure:4028: found /home/villarias/miniconda3/envs/jayraldines_tablet/bin/pkg-config
configure:4041: result: /home/villarias/miniconda3/envs/jayraldines_tablet/bin/pkg-config
configure:4066: checking pkg-config is at least version 0.9.0
configure:4069: result: yes
configure:4094: checking MACHDEP
configure:4168: result: "linux"
configure:4240: checking for --enable-universalsdk
configure:4289: result: no
configure:4313: checking for --with-universal-archs
configure:4329: result: no
configure:4529: checking for --with-app-store-compliance
configure:4567: result: not patching for app store compliance
configure:4992: checking for gcc
configure:5013: found /usr/bin/gcc
configure:5025: result: gcc
configure:5384: checking for C compiler version
configure:5393: gcc --version >&5
gcc (Ubuntu 9.4.0-1ubuntu1~20.04.2) 9.4.0
Copyright (C) 2019 Free Software Foundation, Inc.
This is free software; see the source for copying conditions.  There is NO
warranty; not even for MERCHANTABILITY or FITNESS FOR A PARTICULAR PURPOSE.

configure:5404: $? = 0
configure:5393: gcc -v >&5
Using built-in specs.
COLLECT_GCC=gcc
COLLECT_LTO_WRAPPER=/usr/lib/gcc/x86_64-linux-gnu/9/lto-wrapper
OFFLOAD_TARGET_NAMES=nvptx-none:hsa
OFFLOAD_TARGET_DEFAULT=1
Target: x86_64-linux-gnu
Configured with: ../src/configure -v --with-pkgversion='Ubuntu 9.4.0-1ubuntu1~20.04.2' --with-bugurl=file:///usr/share/doc/gcc-9/README.Bugs --enable-languages=c,ada,c++,go,brig,d,fortran,objc,obj-c++,gm2 --prefix=/usr --with-gcc-major-version-only --program-suffix=-9 --program-prefix=x86_64-linux-gnu- --enable-shared --enable-linker-build-id --libexecdir=/usr/lib --without-included-gettext --enable-threads=posix --libdir=/usr/lib --enable-nls --enable-clocale=gnu --enable-libstdcxx-debug --enable-libstdcxx-time=yes --with-default-libstdcxx-abi=new --enable-gnu-unique-object --disable-vtable-verify --enable-plugin --enable-default-pie --with-system-zlib --with-target-system-zlib=auto --enable-objc-gc=auto --enable-multiarch --disable-werror --with-arch-32=i686 --with-abi=m64 --with-multilib-list=m32,m64,mx32 --enable-multilib --with-tune=generic --enable-offload-targets=nvptx-none=/build/gcc-9-9QDOt0/gcc-9-9.4.0/debian/tmp-nvptx/usr,hsa --without-cuda-driver --enable-checking=release --build=x86_64-linux-gnu --host=x86_64-linux-gnu --target=x86_64-linux-gnu
Thread model: posix
gcc version 9.4.0 (Ubuntu 9.4.0-1ubuntu1~20.04.2) 
configure:5404: $? = 0
configure:5393: gcc -V >&5
gcc: error: unrecognized command line option '-V'
gcc: fatal error: no input files
compilation terminated.
configure:5404: $? = 1
configure:5393: gcc -qversion >&5
gcc: error: unrecognized command line option '-qversion'; did you mean '--version'?
gcc: fatal error: no input files
compilation terminated.
configure:5404: $? = 1
configure:5393: gcc -version >&5
gcc: error: unrecognized command line option '-version'
gcc: fatal error: no input files
compilation terminated.
configure:5404: $? = 1
configure:5424: checking whether the C compiler works
configure:5446: gcc    conftest.c  >&5
configure:5450: $? = 0
configure:5501: result: yes
configure:5505: checking for C compiler default output file name
configure:5507: result: a.out
configure:5513: checking for suffix of executables
configure:5520: gcc -o conftest    conftest.c  >&5
configure:5524: $? = 0
configure:5548: result: 
configure:5572: checking whether we are cross compiling
configure:5580: gcc -o conftest    conftest.c  >&5
configure:5584: $? = 0
configure:5591: ./conftest
configure:5595: $? = 0
configure:5583: result: no
configure:5589: checking for suffix of object files
configure:5612: gcc -c   conftest.c >&5
configure:5616: $? = 0
configure:5640: result: o
configure:5644: checking whether the compiler supports GNU C
configure:5664: gcc -c   conftest.c >&5
configure:5664: $? = 0
configure:5676: result: yes
configure:5687: checking whether gcc accepts -g
configure:5708: gcc -c -g  conftest.c >&5
configure:5708: $? = 0
configure:5755: result: yes
configure:5775: checking for gcc option to enable C11 features
configure:5790: gcc  -c   conftest.c >&5
configure:5790: $? = 0
configure:5809: result: none needed
configure:5932: checking how to run the C preprocessor
configure:5958: gcc -E  conftest.c
configure:5958: $? = 0
configure:5974: gcc -E  conftest.c
conftest.c:10:10: fatal error: ac_nonexistent.h: No such file or directory
   10 | #include <ac_nonexistent.h>
      |          ^~~~~~~~~~~~~~~~~~
compilation terminated.
configure:5974: $? = 1
configure: failed program was:
| /* confdefs.h */
| #define _NETBSD_SOURCE 1
| #define __BSD_VISIBLE 1
| #define _DARWIN_C_SOURCE 1
| #define _PYTHONFRAMEWORK ""
| #define _XOPEN_SOURCE 700
| #define _XOPEN_SOURCE_EXTENDED 1
| #define _POSIX_C_SOURCE 200809L
| /* end confdefs.h.  */
| #include <ac_nonexistent.h>
configure:6003: result: gcc -E
configure:6017: gcc -E  conftest.c
configure:6017: $? = 0
configure:6033: gcc -E  conftest.c
conftest.c:10:10: fatal error: ac_nonexistent.h: No such file or directory
   10 | #include <ac_nonexistent.h>
      |          ^~~~~~~~~~~~~~~~~~
compilation terminated.
configure:6033: $? = 1
configure: failed program was:
| /* confdefs.h */
| #define _NETBSD_SOURCE 1
| #define __BSD_VISIBLE 1
| #define _DARWIN_C_SOURCE 1
| #define _PYTHONFRAMEWORK ""
| #define _XOPEN_SOURCE 700
| #define _XOPEN_SOURCE_EXTENDED 1
| #define _POSIX_C_SOURCE 200809L
| /* end confdefs.h.  */
| #include <ac_nonexistent.h>
configure:6065: checking for grep that handles long lines and -e
configure:6131: result: /usr/bin/grep
configure:6136: checking for a sed that does not truncate output
configure:6208: result: /usr/bin/sed
configure:6213: checking for egrep
configure:6283: result: /usr/bin/grep -E
configure:6293: checking for CC compiler name
configure:6331: result: gcc
configure:6342: checking for stdio.h
configure:6342: gcc -c   conftest.c >&5
configure:6342: $? = 0
configure:6342: result: yes
configure:6342: checking for stdlib.h
configure:6342: gcc -c   conftest.c >&5
configure:6342: $? = 0
configure:6342: result: yes
configure:6342: checking for string.h
configure:6342: gcc -c   conftest.c >&5
configure:6342: $? = 0
configure:6342: result: yes
configure:6342: checking for inttypes.h
configure:6342: gcc -c   conftest.c >&5
configure:6342: $? = 0
configure:6342: result: yes
configure:6342: checking for stdint.h
configure:6342: gcc -c   conftest.c >&5
configure:6342: $? = 0
configure:6342: result: yes
configure:6342: checking for strings.h
configure:6342: gcc -c   conftest.c >&5
configure:6342: $? = 0
configure:6342: result: yes
configure:6342: checking for sys/stat.h
configure:6342: gcc -c   conftest.c >&5
configure:6342: $? = 0
configure:6342: result: yes
configure:6342: checking for sys/types.h
configure:6342: gcc -c   conftest.c >&5
configure:6342: $? = 0
configure:6342: result: yes
configure:6342: checking for unistd.h
configure:6342: gcc -c   conftest.c >&5
configure:6342: $? = 0
configure:6342: result: yes
configure:6342: checking for wchar.h
configure:6342: gcc -c   conftest.c >&5
configure:6342: $? = 0
configure:6342: result: yes
configure:6342: checking for minix/config.h
configure:6342: gcc -c   conftest.c >&5
conftest.c:48:10: fatal error: minix/config.h: No such file or directory
   48 | #include <minix/config.h>
      |          ^~~~~~~~~~~~~~~~
compilation terminated.
configure:6342: $? = 1
configure: failed program was:
| /* confdefs.h */
| #define _NETBSD_SOURCE 1
| #define __BSD_VISIBLE 1
| #define _DARWIN_C_SOURCE 1
| #define _PYTHONFRAMEWORK ""
| #define _XOPEN_SOURCE 700
| #define _XOPEN_SOURCE_EXTENDED 1
| #define _POSIX_C_SOURCE 200809L
| #define HAVE_STDIO_H 1
| #define HAVE_STDLIB_H 1
| #define HAVE_STRING_H 1
| #define HAVE_INTTYPES_H 1
| #define HAVE_STDINT_H 1
| #define HAVE_STRINGS_H 1
| #define HAVE_SYS_STAT_H 1
| #define HAVE_SYS_TYPES_H 1
| #define HAVE_UNISTD_H 1
| #define HAVE_WCHAR_H 1
| /* end confdefs.h.  */
| #include <stddef.h>
| #ifdef HAVE_STDIO_H
| # include <stdio.h>
| #endif
| #ifdef HAVE_STDLIB_H
| # include <stdlib.h>
| #endif
| #ifdef HAVE_STRING_H
| # include <string.h>
| #endif
| #ifdef HAVE_INTTYPES_H
| # include <inttypes.h>
| #endif
| #ifdef HAVE_STDINT_H
| # include <stdint.h>
| #endif
| #ifdef HAVE_STRINGS_H
| # include <strings.h>
| #endif
| #ifdef HAVE_SYS_TYPES_H
| # include <sys/types.h>
| #endif
| #ifdef HAVE_SYS_STAT_H
| # include <sys/stat.h>
| #endif
| #ifdef HAVE_UNISTD_H
| # include <unistd.h>
| #endif
| #include <minix/config.h>
configure:6342: result: no
configure:6373: checking whether it is safe to define __EXTENSIONS__
configure:6392: gcc -c   conftest.c >&5
configure:6392: $? = 0
configure:6402: result: yes
configure:6405: checking whether _XOPEN_SOURCE should be defined
configure:6427: gcc -c   conftest.c >&5
configure:6427: $? = 0
configure:6456: result: no
configure:6517: checking for GCC compatible compiler
configure:6533: gcc -E  conftest.c
configure:6533: $? = 0
configure:6543: result: yes
configure:6604: checking for g++
configure:6643: result: no
configure:7119:

  By default, distutils will build C++ extension modules with "g++".
  If this is not intended, then set CXX on the configure command line.
  
configure:7132: checking for the platform triplet based on compiler characteristics
configure:7137: result: x86_64-linux-gnu
configure:7145: checking for multiarch
configure:7168: result: x86_64-linux-gnu
configure:7196: checking for PEP 11 support tier
configure:7249: result: x86_64-pc-linux-gnu/gcc has tier 1 (supported)
configure:7267: checking for -Wl,--no-as-needed
configure:7287: gcc -o conftest    -Wl,--no-as-needed conftest.c  >&5
configure:7287: $? = 0
configure:7302: result: yes
configure:7306: checking for the Android API level
configure:7341: result: not Android
configure:7357: checking for --enable-wasm-dynamic-linking
configure:7380: result: missing
configure:7383: checking for --enable-wasm-pthreads
configure:7406: result: missing
configure:7409: checking for --with-suffix
configure:7441: result: 
configure:7450: checking for case-insensitive build directory
configure:7462: result: no
configure:7476: checking LIBRARY
configure:7482: result: libpython$(VERSION)$(ABIFLAGS).a
configure:7522: checking LINKCC
configure:7534: result: $(PURIFY) $(CC)
configure:7543: checking EXPORTSYMS
configure:7551: result: 
configure:7560: checking for GNU ld
configure:7572: result: yes
configure:7575: checking for --enable-shared
configure:7593: result: no
configure:7598: checking for --with-static-libpython
configure:7615: result: yes
configure:7622: checking for --enable-profiling
configure:7650: result: no
configure:7658: checking LDLIBRARY
configure:7757: result: libpython$(VERSION)$(ABIFLAGS).a
configure:7765: checking HOSTRUNNER
configure:7896: result: 
configure:7985: checking for ar
configure:8006: found /usr/bin/ar
configure:8018: result: ar
configure:8073: checking for a BSD-compatible install
configure:8147: result: /usr/bin/install -c
configure:8159: checking for a race-free mkdir -p
configure:8202: result: /usr/bin/mkdir -p
configure:8223: checking for --disable-gil
configure:8241: result: no
configure:8255: checking for --with-pydebug
configure:8275: result: no
configure:8283: checking for --with-trace-refs
configure:8296: result: no
configure:8312: checking for --enable-pystats
configure:8324: result: no
configure:8339: checking for --with-assertions
configure:8360: result: no
configure:8368: checking for --enable-optimizations
configure:8385: result: no
configure:8463: checking PROFILE_TASK
configure:8469: result: -m test --pgo --timeout=$(TESTTIMEOUT)
configure:8493: checking for --with-lto
configure:8531: result: no
configure:8924: checking for llvm-profdata
configure:8963: result: no
configure:9036: checking for --enable-bolt
configure:9053: result: no
configure:9368: checking BOLT_COMMON_FLAGS
configure:9377: checking BOLT_INSTRUMENT_FLAGS
configure:9383: result:  -update-debug-sections -skip-funcs=_PyEval_EvalFrameDefault,sre_ucs1_match/1,sre_ucs2_match/1,sre_ucs4_match/1 
configure:9387: checking BOLT_APPLY_FLAGS
configure:9394: result:   -update-debug-sections -skip-funcs=_PyEval_EvalFrameDefault,sre_ucs1_match/1,sre_ucs2_match/1,sre_ucs4_match/1  -reorder-blocks=ext-tsp -reorder-functions=cdsort -split-functions -icf=1 -inline-all -split-eh -reorder-functions-use-hot-size -peepholes=none -jump-tables=aggressive -inline-ap -indirect-call-promotion=all -dyno-stats -use-gnu-stack -frame-opt=hot 
configure:9412: checking if gcc supports -fstrict-overflow and -fno-strict-overflow
configure:9429: gcc -c -fstrict-overflow -fno-strict-overflow  conftest.c >&5
configure:9429: $? = 0
configure:9441: result: yes
configure:9455: checking for --with-strict-overflow
configure:9474: result: no
configure:9480: checking if gcc supports -Og optimization level
configure:9499: gcc -c -Og  conftest.c >&5
configure:9499: $? = 0
configure:9514: result: yes
configure:9702: checking for --enable-safety
configure:9719: result: no
configure:9978: checking for --enable-slower-safety
configure:9995: result: no
configure:10051: checking if we can add -Wextra
configure:10071: gcc -c  -Wextra -Werror  conftest.c >&5
configure:10071: $? = 0
configure:10083: result: yes
configure:10099: checking whether gcc -fno-strict-aliasing accepts and needs -fno-strict-aliasing
configure:10118: gcc -fno-strict-aliasing -c   conftest.c >&5
configure:10118: $? = 0
configure:10136: gcc -fstrict-aliasing -c  -Werror -Wstrict-aliasing  conftest.c >&5
configure:10136: $? = 0
configure:10158: result: no
configure:10221: checking if we can disable gcc unused-parameter warning
configure:10241: gcc -c  -Wunused-parameter -Werror  conftest.c >&5
configure:10241: $? = 0
configure:10253: result: yes
configure:10264: checking if we can disable gcc int-conversion warning
configure:10284: gcc -c  -Wint-conversion -Werror  conftest.c >&5
configure:10284: $? = 0
configure:10296: result: yes
configure:10307: checking if we can disable gcc missing-field-initializers warning
configure:10327: gcc -c  -Wmissing-field-initializers -Werror  conftest.c >&5
configure:10327: $? = 0
configure:10339: result: yes
configure:10350: checking if we can enable gcc sign-compare warning
configure:10370: gcc -c  -Wsign-compare -Werror  conftest.c >&5
configure:10370: $? = 0
configure:10382: result: yes
configure:10393: checking if we can enable gcc unreachable-code warning
configure:10413: gcc -c  -Wunreachable-code -Werror  conftest.c >&5
configure:10413: $? = 0
configure:10425: result: yes
configure:10447: checking if we can enable gcc strict-prototypes warning
configure:10467: gcc -c  -Wstrict-prototypes -Werror  conftest.c >&5
configure:10467: $? = 0
configure:10479: result: yes
configure:10490: checking if we can make implicit function declaration an error in gcc -Werror=implicit-function-declaration
configure:10509: gcc -Werror=implicit-function-declaration -c   conftest.c >&5
configure:10509: $? = 0
configure:10523: result: yes
configure:10534: checking if we can use visibility in gcc -fvisibility=hidden
configure:10553: gcc -fvisibility=hidden -c   conftest.c >&5
configure:10553: $? = 0
configure:10567: result: yes
configure:10820: checking for --enable-experimental-jit
configure:10861: result:  
configure:10899: checking whether pthreads are available without options
configure:10926: gcc -o conftest    conftest.c  >&5
/usr/bin/ld: /tmp/cczR1Nh8.o: in function `main':
conftest.c:(.text+0x47): undefined reference to `pthread_create'
/usr/bin/ld: conftest.c:(.text+0x5e): undefined reference to `pthread_detach'
collect2: error: ld returned 1 exit status
configure:10926: $? = 1
configure: program exited with status 1
configure: failed program was:
| /* confdefs.h */
| #define _NETBSD_SOURCE 1
| #define __BSD_VISIBLE 1
| #define _DARWIN_C_SOURCE 1
| #define _PYTHONFRAMEWORK ""
| #define _XOPEN_SOURCE 700
| #define _XOPEN_SOURCE_EXTENDED 1
| #define _POSIX_C_SOURCE 200809L
| #define HAVE_STDIO_H 1
| #define HAVE_STDLIB_H 1
| #define HAVE_STRING_H 1
| #define HAVE_INTTYPES_H 1
| #define HAVE_STDINT_H 1
| #define HAVE_STRINGS_H 1
| #define HAVE_SYS_STAT_H 1
| #define HAVE_SYS_TYPES_H 1
| #define HAVE_UNISTD_H 1
| #define HAVE_WCHAR_H 1
| #define STDC_HEADERS 1
| #define _ALL_SOURCE 1
| #define _DARWIN_C_SOURCE 1
| #define _GNU_SOURCE 1
| #define _HPUX_ALT_XOPEN_SOCKET_API 1
| #define _NETBSD_SOURCE 1
| #define _OPENBSD_SOURCE 1
| #define _POSIX_PTHREAD_SEMANTICS 1
| #define __STDC_WANT_IEC_60559_ATTRIBS_EXT__ 1
| #define __STDC_WANT_IEC_60559_BFP_EXT__ 1
| #define __STDC_WANT_IEC_60559_DFP_EXT__ 1
| #define __STDC_WANT_IEC_60559_EXT__ 1
| #define __STDC_WANT_IEC_60559_FUNCS_EXT__ 1
| #define __STDC_WANT_IEC_60559_TYPES_EXT__ 1
| #define __STDC_WANT_LIB_EXT2__ 1
| #define __STDC_WANT_MATH_SPEC_FUNCS__ 1
| #define _TANDEM_SOURCE 1
| #define __EXTENSIONS__ 1
| #define _Py_STACK_GROWS_DOWN 1
| #define PY_SUPPORT_TIER 1
| /* end confdefs.h.  */
| 
| #include <stdio.h>
| #include <pthread.h>
| 
| void* routine(void* p){return NULL;}
| 
| int main(void){
|   pthread_t p;
|   if(pthread_create(&p,NULL,routine,NULL)!=0)
|     return 1;
|   (void)pthread_detach(p);
|   return 0;
| }
| 
configure:10945: result: no
configure:10958: checking whether gcc accepts -Kpthread
configure:10987: gcc -Kpthread -o conftest    conftest.c  >&5
gcc: error: unrecognized command line option '-Kpthread'; did you mean '-pthread'?
configure:10987: $? = 1
configure: program exited with status 1
configure: failed program was:
| /* confdefs.h */
| #define _NETBSD_SOURCE 1
| #define __BSD_VISIBLE 1
| #define _DARWIN_C_SOURCE 1
| #define _PYTHONFRAMEWORK ""
| #define _XOPEN_SOURCE 700
| #define _XOPEN_SOURCE_EXTENDED 1
| #define _POSIX_C_SOURCE 200809L
| #define HAVE_STDIO_H 1
| #define HAVE_STDLIB_H 1
| #define HAVE_STRING_H 1
| #define HAVE_INTTYPES_H 1
| #define HAVE_STDINT_H 1
| #define HAVE_STRINGS_H 1
| #define HAVE_SYS_STAT_H 1
| #define HAVE_SYS_TYPES_H 1
| #define HAVE_UNISTD_H 1
| #define HAVE_WCHAR_H 1
| #define STDC_HEADERS 1
| #define _ALL_SOURCE 1
| #define _DARWIN_C_SOURCE 1
| #define _GNU_SOURCE 1
| #define _HPUX_ALT_XOPEN_SOCKET_API 1
| #define _NETBSD_SOURCE 1
| #define _OPENBSD_SOURCE 1
| #define _POSIX_PTHREAD_SEMANTICS 1
| #define __STDC_WANT_IEC_60559_ATTRIBS_EXT__ 1
| #define __STDC_WANT_IEC_60559_BFP_EXT__ 1
| #define __STDC_WANT_IEC_60559_DFP_EXT__ 1
| #define __STDC_WANT_IEC_60559_EXT__ 1
| #define __STDC_WANT_IEC_60559_FUNCS_EXT__ 1
| #define __STDC_WANT_IEC_60559_TYPES_EXT__ 1
| #define __STDC_WANT_LIB_EXT2__ 1
| #define __STDC_WANT_MATH_SPEC_FUNCS__ 1
| #define _TANDEM_SOURCE 1
| #define __EXTENSIONS__ 1
| #define _Py_STACK_GROWS_DOWN 1
| #define PY_SUPPORT_TIER 1
| /* end confdefs.h.  */
| 
| #include <stdio.h>
| #include <pthread.h>
| 
| void* routine(void* p){return NULL;}
| 
| int main(void){
|   pthread_t p;
|   if(pthread_create(&p,NULL,routine,NULL)!=0)
|     return 1;
|   (void)pthread_detach(p);
|   return 0;
| }
| 
configure:11002: result: no
configure:11013: checking whether gcc accepts -Kthread
configure:11042: gcc -Kthread -o conftest    conftest.c  >&5
gcc: error: unrecognized command line option '-Kthread'; did you mean '-pthread'?
configure:11042: $? = 1
configure: program exited with status 1
configure: failed program was:
| /* confdefs.h */
| #define _NETBSD_SOURCE 1
| #define __BSD_VISIBLE 1
| #define _DARWIN_C_SOURCE 1
| #define _PYTHONFRAMEWORK ""
| #define _XOPEN_SOURCE 700
| #define _XOPEN_SOURCE_EXTENDED 1
| #define _POSIX_C_SOURCE 200809L
| #define HAVE_STDIO_H 1
| #define HAVE_STDLIB_H 1
| #define HAVE_STRING_H 1
| #define HAVE_INTTYPES_H 1
| #define HAVE_STDINT_H 1
| #define HAVE_STRINGS_H 1
| #define HAVE_SYS_STAT_H 1
| #define HAVE_SYS_TYPES_H 1
| #define HAVE_UNISTD_H 1
| #define HAVE_WCHAR_H 1
| #define STDC_HEADERS 1
| #define _ALL_SOURCE 1
| #define _DARWIN_C_SOURCE 1
| #define _GNU_SOURCE 1
| #define _HPUX_ALT_XOPEN_SOCKET_API 1
| #define _NETBSD_SOURCE 1
| #define _OPENBSD_SOURCE 1
| #define _POSIX_PTHREAD_SEMANTICS 1
| #define __STDC_WANT_IEC_60559_ATTRIBS_EXT__ 1
| #define __STDC_WANT_IEC_60559_BFP_EXT__ 1
| #define __STDC_WANT_IEC_60559_DFP_EXT__ 1
| #define __STDC_WANT_IEC_60559_EXT__ 1
| #define __STDC_WANT_IEC_60559_FUNCS_EXT__ 1
| #define __STDC_WANT_IEC_60559_TYPES_EXT__ 1
| #define __STDC_WANT_LIB_EXT2__ 1
| #define __STDC_WANT_MATH_SPEC_FUNCS__ 1
| #define _TANDEM_SOURCE 1
| #define __EXTENSIONS__ 1
| #define _Py_STACK_GROWS_DOWN 1
| #define PY_SUPPORT_TIER 1
| /* end confdefs.h.  */
| 
| #include <stdio.h>
| #include <pthread.h>
| 
| void* routine(void* p){return NULL;}
| 
| int main(void){
|   pthread_t p;
|   if(pthread_create(&p,NULL,routine,NULL)!=0)
|     return 1;
|   (void)pthread_detach(p);
|   return 0;
| }
| 
configure:11057: result: no
configure:11068: checking whether gcc accepts -pthread
configure:11097: gcc -pthread -o conftest    conftest.c  >&5
configure:11097: $? = 0
configure:11097: ./conftest
configure:11097: $? = 0
configure:11112: result: yes
configure:11120: checking whether g++ also accepts flags for thread support
configure:11160: result: yes
configure:11172: checking for alloca.h
configure:11172: gcc -c   conftest.c >&5
configure:11172: $? = 0
configure:11172: result: yes
configure:11178: checking for asm/types.h
configure:11178: gcc -c   conftest.c >&5
configure:11178: $? = 0
configure:11178: result: yes
configure:11184: checking for bluetooth.h
configure:11184: gcc -c   conftest.c >&5
conftest.c:71:10: fatal error: bluetooth.h: No such file or directory
   71 | #include <bluetooth.h>
      |          ^~~~~~~~~~~~~
compilation terminated.
configure:11184: $? = 1
configure: failed program was:
| /* confdefs.h */
| #define _NETBSD_SOURCE 1
| #define __BSD_VISIBLE 1
| #define _DARWIN_C_SOURCE 1
| #define _PYTHONFRAMEWORK ""
| #define _XOPEN_SOURCE 700
| #define _XOPEN_SOURCE_EXTENDED 1
| #define _POSIX_C_SOURCE 200809L
| #define HAVE_STDIO_H 1
| #define HAVE_STDLIB_H 1
| #define HAVE_STRING_H 1
| #define HAVE_INTTYPES_H 1
| #define HAVE_STDINT_H 1
| #define HAVE_STRINGS_H 1
| #define HAVE_SYS_STAT_H 1
| #define HAVE_SYS_TYPES_H 1
| #define HAVE_UNISTD_H 1
| #define HAVE_WCHAR_H 1
| #define STDC_HEADERS 1
| #define _ALL_SOURCE 1
| #define _DARWIN_C_SOURCE 1
| #define _GNU_SOURCE 1
| #define _HPUX_ALT_XOPEN_SOCKET_API 1
| #define _NETBSD_SOURCE 1
| #define _OPENBSD_SOURCE 1
| #define _POSIX_PTHREAD_SEMANTICS 1
| #define __STDC_WANT_IEC_60559_ATTRIBS_EXT__ 1
| #define __STDC_WANT_IEC_60559_BFP_EXT__ 1
| #define __STDC_WANT_IEC_60559_DFP_EXT__ 1
| #define __STDC_WANT_IEC_60559_EXT__ 1
| #define __STDC_WANT_IEC_60559_FUNCS_EXT__ 1
| #define __STDC_WANT_IEC_60559_TYPES_EXT__ 1
| #define __STDC_WANT_LIB_EXT2__ 1
| #define __STDC_WANT_MATH_SPEC_FUNCS__ 1
| #define _TANDEM_SOURCE 1
| #define __EXTENSIONS__ 1
| #define _Py_STACK_GROWS_DOWN 1
| #define PY_SUPPORT_TIER 1
| #define STDC_HEADERS 1
| #define HAVE_ALLOCA_H 1
| #define HAVE_ASM_TYPES_H 1
| /* end confdefs.h.  */
| #include <stddef.h>
| #ifdef HAVE_STDIO_H
| # include <stdio.h>
| #endif
| #ifdef HAVE_STDLIB_H
| # include <stdlib.h>
| #endif
| #ifdef HAVE_STRING_H
| # include <string.h>
| #endif
| #ifdef HAVE_INTTYPES_H
| # include <inttypes.h>
| #endif
| #ifdef HAVE_STDINT_H
| # include <stdint.h>
| #endif
| #ifdef HAVE_STRINGS_H
| # include <strings.h>
| #endif
| #ifdef HAVE_SYS_TYPES_H
| # include <sys/types.h>
| #endif
| #ifdef HAVE_SYS_STAT_H
| # include <sys/stat.h>
| #endif
| #ifdef HAVE_UNISTD_H
| # include <unistd.h>
| #endif
| #include <bluetooth.h>
configure:11184: result: no
configure:11190: checking for conio.h
configure:11190: gcc -c   conftest.c >&5
conftest.c:71:10: fatal error: conio.h: No such file or directory
   71 | #include <conio.h>
      |          ^~~~~~~~~
compilation terminated.
configure:11190: $? = 1
configure: failed program was:
| /* confdefs.h */
| #define _NETBSD_SOURCE 1
| #define __BSD_VISIBLE 1
| #define _DARWIN_C_SOURCE 1
| #define _PYTHONFRAMEWORK ""
| #define _XOPEN_SOURCE 700
| #define _XOPEN_SOURCE_EXTENDED 1
| #define _POSIX_C_SOURCE 200809L
| #define HAVE_STDIO_H 1
| #define HAVE_STDLIB_H 1
| #define HAVE_STRING_H 1
| #define HAVE_INTTYPES_H 1
| #define HAVE_STDINT_H 1
| #define HAVE_STRINGS_H 1
| #define HAVE_SYS_STAT_H 1
| #define HAVE_SYS_TYPES_H 1
| #define HAVE_UNISTD_H 1
| #define HAVE_WCHAR_H 1
| #define STDC_HEADERS 1
| #define _ALL_SOURCE 1
| #define _DARWIN_C_SOURCE 1
| #define _GNU_SOURCE 1
| #define _HPUX_ALT_XOPEN_SOCKET_API 1
| #define _NETBSD_SOURCE 1
| #define _OPENBSD_SOURCE 1
| #define _POSIX_PTHREAD_SEMANTICS 1
| #define __STDC_WANT_IEC_60559_ATTRIBS_EXT__ 1
| #define __STDC_WANT_IEC_60559_BFP_EXT__ 1
| #define __STDC_WANT_IEC_60559_DFP_EXT__ 1
| #define __STDC_WANT_IEC_60559_EXT__ 1
| #define __STDC_WANT_IEC_60559_FUNCS_EXT__ 1
| #define __STDC_WANT_IEC_60559_TYPES_EXT__ 1
| #define __STDC_WANT_LIB_EXT2__ 1
| #define __STDC_WANT_MATH_SPEC_FUNCS__ 1
| #define _TANDEM_SOURCE 1
| #define __EXTENSIONS__ 1
| #define _Py_STACK_GROWS_DOWN 1
| #define PY_SUPPORT_TIER 1
| #define STDC_HEADERS 1
| #define HAVE_ALLOCA_H 1
| #define HAVE_ASM_TYPES_H 1
| /* end confdefs.h.  */
| #include <stddef.h>
| #ifdef HAVE_STDIO_H
| # include <stdio.h>
| #endif
| #ifdef HAVE_STDLIB_H
| # include <stdlib.h>
| #endif
| #ifdef HAVE_STRING_H
| # include <string.h>
| #endif
| #ifdef HAVE_INTTYPES_H
| # include <inttypes.h>
| #endif
| #ifdef HAVE_STDINT_H
| # include <stdint.h>
| #endif
| #ifdef HAVE_STRINGS_H
| # include <strings.h>
| #endif
| #ifdef HAVE_SYS_TYPES_H
| # include <sys/types.h>
| #endif
| #ifdef HAVE_SYS_STAT_H
| # include <sys/stat.h>
| #endif
| #ifdef HAVE_UNISTD_H
| # include <unistd.h>
| #endif
| #include <conio.h>
configure:11190: result: no
configure:11196: checking for direct.h
configure:11196: gcc -c   conftest.c >&5
conftest.c:71:10: fatal error: direct.h: No such file or directory
   71 | #include <direct.h>
      |          ^~~~~~~~~~
compilation terminated.
configure:11196: $? = 1
configure: failed program was:
| /* confdefs.h */
| #define _NETBSD_SOURCE 1
| #define __BSD_VISIBLE 1
| #define _DARWIN_C_SOURCE 1
| #define _PYTHONFRAMEWORK ""
| #define _XOPEN_SOURCE 700
| #define _XOPEN_SOURCE_EXTENDED 1
| #define _POSIX_C_SOURCE 200809L
| #define HAVE_STDIO_H 1
| #define HAVE_STDLIB_H 1
| #define HAVE_STRING_H 1
| #define HAVE_INTTYPES_H 1
| #define HAVE_STDINT_H 1
| #define HAVE_STRINGS_H 1
| #define HAVE_SYS_STAT_H 1
| #define HAVE_SYS_TYPES_H 1
| #define HAVE_UNISTD_H 1
| #define HAVE_WCHAR_H 1
| #define STDC_HEADERS 1
| #define _ALL_SOURCE 1
| #define _DARWIN_C_SOURCE 1
| #define _GNU_SOURCE 1
| #define _HPUX_ALT_XOPEN_SOCKET_API 1
| #define _NETBSD_SOURCE 1
| #define _OPENBSD_SOURCE 1
| #define _POSIX_PTHREAD_SEMANTICS 1
| #define __STDC_WANT_IEC_60559_ATTRIBS_EXT__ 1
| #define __STDC_WANT_IEC_60559_BFP_EXT__ 1
| #define __STDC_WANT_IEC_60559_DFP_EXT__ 1
| #define __STDC_WANT_IEC_60559_EXT__ 1
| #define __STDC_WANT_IEC_60559_FUNCS_EXT__ 1
| #define __STDC_WANT_IEC_60559_TYPES_EXT__ 1
| #define __STDC_WANT_LIB_EXT2__ 1
| #define __STDC_WANT_MATH_SPEC_FUNCS__ 1
| #define _TANDEM_SOURCE 1
| #define __EXTENSIONS__ 1
| #define _Py_STACK_GROWS_DOWN 1
| #define PY_SUPPORT_TIER 1
| #define STDC_HEADERS 1
| #define HAVE_ALLOCA_H 1
| #define HAVE_ASM_TYPES_H 1
| /* end confdefs.h.  */
| #include <stddef.h>
| #ifdef HAVE_STDIO_H
| # include <stdio.h>
| #endif
| #ifdef HAVE_STDLIB_H
| # include <stdlib.h>
| #endif
| #ifdef HAVE_STRING_H
| # include <string.h>
| #endif
| #ifdef HAVE_INTTYPES_H
| # include <inttypes.h>
| #endif
| #ifdef HAVE_STDINT_H
| # include <stdint.h>
| #endif
| #ifdef HAVE_STRINGS_H
| # include <strings.h>
| #endif
| #ifdef HAVE_SYS_TYPES_H
| # include <sys/types.h>
| #endif
| #ifdef HAVE_SYS_STAT_H
| # include <sys/stat.h>
| #endif
| #ifdef HAVE_UNISTD_H
| # include <unistd.h>
| #endif
| #include <direct.h>
configure:11196: result: no
configure:11202: checking for dlfcn.h
configure:11202: gcc -c   conftest.c >&5
configure:11202: $? = 0
configure:11202: result: yes
configure:11208: checking for endian.h
configure:11208: gcc -c   conftest.c >&5
configure:11208: $? = 0
configure:11208: result: yes
configure:11214: checking for errno.h
configure:11214: gcc -c   conftest.c >&5
configure:11214: $? = 0
configure:11214: result: yes
configure:11220: checking for fcntl.h
configure:11220: gcc -c   conftest.c >&5
configure:11220: $? = 0
configure:11220: result: yes
configure:11226: checking for grp.h
configure:11226: gcc -c   conftest.c >&5
configure:11226: $? = 0
configure:11226: result: yes
configure:11232: checking for io.h
configure:11232: gcc -c   conftest.c >&5
conftest.c:76:10: fatal error: io.h: No such file or directory
   76 | #include <io.h>
      |          ^~~~~~
compilation terminated.
configure:11232: $? = 1
configure: failed program was:
| /* confdefs.h */
| #define _NETBSD_SOURCE 1
| #define __BSD_VISIBLE 1
| #define _DARWIN_C_SOURCE 1
| #define _PYTHONFRAMEWORK ""
| #define _XOPEN_SOURCE 700
| #define _XOPEN_SOURCE_EXTENDED 1
| #define _POSIX_C_SOURCE 200809L
| #define HAVE_STDIO_H 1
| #define HAVE_STDLIB_H 1
| #define HAVE_STRING_H 1
| #define HAVE_INTTYPES_H 1
| #define HAVE_STDINT_H 1
| #define HAVE_STRINGS_H 1
| #define HAVE_SYS_STAT_H 1
| #define HAVE_SYS_TYPES_H 1
| #define HAVE_UNISTD_H 1
| #define HAVE_WCHAR_H 1
| #define STDC_HEADERS 1
| #define _ALL_SOURCE 1
| #define _DARWIN_C_SOURCE 1
| #define _GNU_SOURCE 1
| #define _HPUX_ALT_XOPEN_SOCKET_API 1
| #define _NETBSD_SOURCE 1
| #define _OPENBSD_SOURCE 1
| #define _POSIX_PTHREAD_SEMANTICS 1
| #define __STDC_WANT_IEC_60559_ATTRIBS_EXT__ 1
| #define __STDC_WANT_IEC_60559_BFP_EXT__ 1
| #define __STDC_WANT_IEC_60559_DFP_EXT__ 1
| #define __STDC_WANT_IEC_60559_EXT__ 1
| #define __STDC_WANT_IEC_60559_FUNCS_EXT__ 1
| #define __STDC_WANT_IEC_60559_TYPES_EXT__ 1
| #define __STDC_WANT_LIB_EXT2__ 1
| #define __STDC_WANT_MATH_SPEC_FUNCS__ 1
| #define _TANDEM_SOURCE 1
| #define __EXTENSIONS__ 1
| #define _Py_STACK_GROWS_DOWN 1
| #define PY_SUPPORT_TIER 1
| #define STDC_HEADERS 1
| #define HAVE_ALLOCA_H 1
| #define HAVE_ASM_TYPES_H 1
| #define HAVE_DLFCN_H 1
| #define HAVE_ENDIAN_H 1
| #define HAVE_ERRNO_H 1
| #define HAVE_FCNTL_H 1
| #define HAVE_GRP_H 1
| /* end confdefs.h.  */
| #include <stddef.h>
| #ifdef HAVE_STDIO_H
| # include <stdio.h>
| #endif
| #ifdef HAVE_STDLIB_H
| # include <stdlib.h>
| #endif
| #ifdef HAVE_STRING_H
| # include <string.h>
| #endif
| #ifdef HAVE_INTTYPES_H
| # include <inttypes.h>
| #endif
| #ifdef HAVE_STDINT_H
| # include <stdint.h>
| #endif
| #ifdef HAVE_STRINGS_H
| # include <strings.h>
| #endif
| #ifdef HAVE_SYS_TYPES_H
| # include <sys/types.h>
| #endif
| #ifdef HAVE_SYS_STAT_H
| # include <sys/stat.h>
| #endif
| #ifdef HAVE_UNISTD_H
| # include <unistd.h>
| #endif
| #include <io.h>
configure:11232: result: no
configure:11238: checking for langinfo.h
configure:11238: gcc -c   conftest.c >&5
configure:11238: $? = 0
configure:11238: result: yes
configure:11244: checking for libintl.h
configure:11244: gcc -c   conftest.c >&5
configure:11244: $? = 0
configure:11244: result: yes
configure:11250: checking for libutil.h
configure:11250: gcc -c   conftest.c >&5
conftest.c:78:10: fatal error: libutil.h: No such file or directory
   78 | #include <libutil.h>
      |          ^~~~~~~~~~~
compilation terminated.
configure:11250: $? = 1
configure: failed program was:
| /* confdefs.h */
| #define _NETBSD_SOURCE 1
| #define __BSD_VISIBLE 1
| #define _DARWIN_C_SOURCE 1
| #define _PYTHONFRAMEWORK ""
| #define _XOPEN_SOURCE 700
| #define _XOPEN_SOURCE_EXTENDED 1
| #define _POSIX_C_SOURCE 200809L
| #define HAVE_STDIO_H 1
| #define HAVE_STDLIB_H 1
| #define HAVE_STRING_H 1
| #define HAVE_INTTYPES_H 1
| #define HAVE_STDINT_H 1
| #define HAVE_STRINGS_H 1
| #define HAVE_SYS_STAT_H 1
| #define HAVE_SYS_TYPES_H 1
| #define HAVE_UNISTD_H 1
| #define HAVE_WCHAR_H 1
| #define STDC_HEADERS 1
| #define _ALL_SOURCE 1
| #define _DARWIN_C_SOURCE 1
| #define _GNU_SOURCE 1
| #define _HPUX_ALT_XOPEN_SOCKET_API 1
| #define _NETBSD_SOURCE 1
| #define _OPENBSD_SOURCE 1
| #define _POSIX_PTHREAD_SEMANTICS 1
| #define __STDC_WANT_IEC_60559_ATTRIBS_EXT__ 1
| #define __STDC_WANT_IEC_60559_BFP_EXT__ 1
| #define __STDC_WANT_IEC_60559_DFP_EXT__ 1
| #define __STDC_WANT_IEC_60559_EXT__ 1
| #define __STDC_WANT_IEC_60559_FUNCS_EXT__ 1
| #define __STDC_WANT_IEC_60559_TYPES_EXT__ 1
| #define __STDC_WANT_LIB_EXT2__ 1
| #define __STDC_WANT_MATH_SPEC_FUNCS__ 1
| #define _TANDEM_SOURCE 1
| #define __EXTENSIONS__ 1
| #define _Py_STACK_GROWS_DOWN 1
| #define PY_SUPPORT_TIER 1
| #define STDC_HEADERS 1
| #define HAVE_ALLOCA_H 1
| #define HAVE_ASM_TYPES_H 1
| #define HAVE_DLFCN_H 1
| #define HAVE_ENDIAN_H 1
| #define HAVE_ERRNO_H 1
| #define HAVE_FCNTL_H 1
| #define HAVE_GRP_H 1
| #define HAVE_LANGINFO_H 1
| #define HAVE_LIBINTL_H 1
| /* end confdefs.h.  */
| #include <stddef.h>
| #ifdef HAVE_STDIO_H
| # include <stdio.h>
| #endif
| #ifdef HAVE_STDLIB_H
| # include <stdlib.h>
| #endif
| #ifdef HAVE_STRING_H
| # include <string.h>
| #endif
| #ifdef HAVE_INTTYPES_H
| # include <inttypes.h>
| #endif
| #ifdef HAVE_STDINT_H
| # include <stdint.h>
| #endif
| #ifdef HAVE_STRINGS_H
| # include <strings.h>
| #endif
| #ifdef HAVE_SYS_TYPES_H
| # include <sys/types.h>
| #endif
| #ifdef HAVE_SYS_STAT_H
| # include <sys/stat.h>
| #endif
| #ifdef HAVE_UNISTD_H
| # include <unistd.h>
| #endif
| #include <libutil.h>
configure:11250: result: no
configure:11256: checking for linux/auxvec.h
configure:11256: gcc -c   conftest.c >&5
configure:11256: $? = 0
configure:11256: result: yes
configure:11262: checking for sys/auxv.h
configure:11262: gcc -c   conftest.c >&5
configure:11262: $? = 0
configure:11262: result: yes
configure:11268: checking for linux/fs.h
configure:11268: gcc -c   conftest.c >&5
configure:11268: $? = 0
configure:11268: result: yes
configure:11274: checking for linux/limits.h
configure:11274: gcc -c   conftest.c >&5
configure:11274: $? = 0
configure:11274: result: yes
configure:11280: checking for linux/memfd.h
configure:11280: gcc -c   conftest.c >&5
configure:11280: $? = 0
configure:11280: result: yes
configure:11286: checking for linux/netfilter_ipv4.h
configure:11286: gcc -c   conftest.c >&5
configure:11286: $? = 0
configure:11286: result: yes
configure:11292: checking for linux/random.h
configure:11292: gcc -c   conftest.c >&5
configure:11292: $? = 0
configure:11292: result: yes
configure:11298: checking for linux/soundcard.h
configure:11298: gcc -c   conftest.c >&5
configure:11298: $? = 0
configure:11298: result: yes
configure:11304: checking for linux/sched.h
configure:11304: gcc -c   conftest.c >&5
configure:11304: $? = 0
configure:11304: result: yes
configure:11310: checking for linux/tipc.h
configure:11310: gcc -c   conftest.c >&5
configure:11310: $? = 0
configure:11310: result: yes
configure:11316: checking for linux/wait.h
configure:11316: gcc -c   conftest.c >&5
configure:11316: $? = 0
configure:11316: result: yes
configure:11322: checking for netdb.h
configure:11322: gcc -c   conftest.c >&5
configure:11322: $? = 0
configure:11322: result: yes
configure:11328: checking for net/ethernet.h
configure:11328: gcc -c   conftest.c >&5
configure:11328: $? = 0
configure:11328: result: yes
configure:11334: checking for netinet/in.h
configure:11334: gcc -c   conftest.c >&5
configure:11334: $? = 0
configure:11334: result: yes
configure:11340: checking for netpacket/packet.h
configure:11340: gcc -c   conftest.c >&5
configure:11340: $? = 0
configure:11340: result: yes
configure:11346: checking for poll.h
configure:11346: gcc -c   conftest.c >&5
configure:11346: $? = 0
configure:11346: result: yes
configure:11352: checking for process.h
configure:11352: gcc -c   conftest.c >&5
conftest.c:94:10: fatal error: process.h: No such file or directory
   94 | #include <process.h>
      |          ^~~~~~~~~~~
compilation terminated.
configure:11352: $? = 1
configure: failed program was:
| /* confdefs.h */
| #define _NETBSD_SOURCE 1
| #define __BSD_VISIBLE 1
| #define _DARWIN_C_SOURCE 1
| #define _PYTHONFRAMEWORK ""
| #define _XOPEN_SOURCE 700
| #define _XOPEN_SOURCE_EXTENDED 1
| #define _POSIX_C_SOURCE 200809L
| #define HAVE_STDIO_H 1
| #define HAVE_STDLIB_H 1
| #define HAVE_STRING_H 1
| #define HAVE_INTTYPES_H 1
| #define HAVE_STDINT_H 1
| #define HAVE_STRINGS_H 1
| #define HAVE_SYS_STAT_H 1
| #define HAVE_SYS_TYPES_H 1
| #define HAVE_UNISTD_H 1
| #define HAVE_WCHAR_H 1
| #define STDC_HEADERS 1
| #define _ALL_SOURCE 1
| #define _DARWIN_C_SOURCE 1
| #define _GNU_SOURCE 1
| #define _HPUX_ALT_XOPEN_SOCKET_API 1
| #define _NETBSD_SOURCE 1
| #define _OPENBSD_SOURCE 1
| #define _POSIX_PTHREAD_SEMANTICS 1
| #define __STDC_WANT_IEC_60559_ATTRIBS_EXT__ 1
| #define __STDC_WANT_IEC_60559_BFP_EXT__ 1
| #define __STDC_WANT_IEC_60559_DFP_EXT__ 1
| #define __STDC_WANT_IEC_60559_EXT__ 1
| #define __STDC_WANT_IEC_60559_FUNCS_EXT__ 1
| #define __STDC_WANT_IEC_60559_TYPES_EXT__ 1
| #define __STDC_WANT_LIB_EXT2__ 1
| #define __STDC_WANT_MATH_SPEC_FUNCS__ 1
| #define _TANDEM_SOURCE 1
| #define __EXTENSIONS__ 1
| #define _Py_STACK_GROWS_DOWN 1
| #define PY_SUPPORT_TIER 1
| #define STDC_HEADERS 1
| #define HAVE_ALLOCA_H 1
| #define HAVE_ASM_TYPES_H 1
| #define HAVE_DLFCN_H 1
| #define HAVE_ENDIAN_H 1
| #define HAVE_ERRNO_H 1
| #define HAVE_FCNTL_H 1
| #define HAVE_GRP_H 1
| #define HAVE_LANGINFO_H 1
| #define HAVE_LIBINTL_H 1
| #define HAVE_LINUX_AUXVEC_H 1
| #define HAVE_SYS_AUXV_H 1
| #define HAVE_LINUX_FS_H 1
| #define HAVE_LINUX_LIMITS_H 1
| #define HAVE_LINUX_MEMFD_H 1
| #define HAVE_LINUX_NETFILTER_IPV4_H 1
| #define HAVE_LINUX_RANDOM_H 1
| #define HAVE_LINUX_SOUNDCARD_H 1
| #define HAVE_LINUX_SCHED_H 1
| #define HAVE_LINUX_TIPC_H 1
| #define HAVE_LINUX_WAIT_H 1
| #define HAVE_NETDB_H 1
| #define HAVE_NET_ETHERNET_H 1
| #define HAVE_NETINET_IN_H 1
| #define HAVE_NETPACKET_PACKET_H 1
| #define HAVE_POLL_H 1
| /* end confdefs.h.  */
| #include <stddef.h>
| #ifdef HAVE_STDIO_H
| # include <stdio.h>
| #endif
| #ifdef HAVE_STDLIB_H
| # include <stdlib.h>
| #endif
| #ifdef HAVE_STRING_H
| # include <string.h>
| #endif
| #ifdef HAVE_INTTYPES_H
| # include <inttypes.h>
| #endif
| #ifdef HAVE_STDINT_H
| # include <stdint.h>
| #endif
| #ifdef HAVE_STRINGS_H
| # include <strings.h>
| #endif
| #ifdef HAVE_SYS_TYPES_H
| # include <sys/types.h>
| #endif
| #ifdef HAVE_SYS_STAT_H
| # include <sys/stat.h>
| #endif
| #ifdef HAVE_UNISTD_H
| # include <unistd.h>
| #endif
| #include <process.h>
configure:11352: result: no
configure:11358: checking for pthread.h
configure:11358: gcc -c   conftest.c >&5
configure:11358: $? = 0
configure:11358: result: yes
configure:11364: checking for pty.h
configure:11364: gcc -c   conftest.c >&5
configure:11364: $? = 0
configure:11364: result: yes
configure:11370: checking for sched.h
configure:11370: gcc -c   conftest.c >&5
configure:11370: $? = 0
configure:11370: result: yes
configure:11376: checking for setjmp.h
configure:11376: gcc -c   conftest.c >&5
configure:11376: $? = 0
configure:11376: result: yes
configure:11382: checking for shadow.h
configure:11382: gcc -c   conftest.c >&5
configure:11382: $? = 0
configure:11382: result: yes
configure:11388: checking for signal.h
configure:11388: gcc -c   conftest.c >&5
configure:11388: $? = 0
configure:11388: result: yes
configure:11394: checking for spawn.h
configure:11394: gcc -c   conftest.c >&5
configure:11394: $? = 0
configure:11394: result: yes
configure:11400: checking for stropts.h
configure:11400: gcc -c   conftest.c >&5
conftest.c:101:10: fatal error: stropts.h: No such file or directory
  101 | #include <stropts.h>
      |          ^~~~~~~~~~~
compilation terminated.
configure:11400: $? = 1
configure: failed program was:
| /* confdefs.h */
| #define _NETBSD_SOURCE 1
| #define __BSD_VISIBLE 1
| #define _DARWIN_C_SOURCE 1
| #define _PYTHONFRAMEWORK ""
| #define _XOPEN_SOURCE 700
| #define _XOPEN_SOURCE_EXTENDED 1
| #define _POSIX_C_SOURCE 200809L
| #define HAVE_STDIO_H 1
| #define HAVE_STDLIB_H 1
| #define HAVE_STRING_H 1
| #define HAVE_INTTYPES_H 1
| #define HAVE_STDINT_H 1
| #define HAVE_STRINGS_H 1
| #define HAVE_SYS_STAT_H 1
| #define HAVE_SYS_TYPES_H 1
| #define HAVE_UNISTD_H 1
| #define HAVE_WCHAR_H 1
| #define STDC_HEADERS 1
| #define _ALL_SOURCE 1
| #define _DARWIN_C_SOURCE 1
| #define _GNU_SOURCE 1
| #define _HPUX_ALT_XOPEN_SOCKET_API 1
| #define _NETBSD_SOURCE 1
| #define _OPENBSD_SOURCE 1
| #define _POSIX_PTHREAD_SEMANTICS 1
| #define __STDC_WANT_IEC_60559_ATTRIBS_EXT__ 1
| #define __STDC_WANT_IEC_60559_BFP_EXT__ 1
| #define __STDC_WANT_IEC_60559_DFP_EXT__ 1
| #define __STDC_WANT_IEC_60559_EXT__ 1
| #define __STDC_WANT_IEC_60559_FUNCS_EXT__ 1
| #define __STDC_WANT_IEC_60559_TYPES_EXT__ 1
| #define __STDC_WANT_LIB_EXT2__ 1
| #define __STDC_WANT_MATH_SPEC_FUNCS__ 1
| #define _TANDEM_SOURCE 1
| #define __EXTENSIONS__ 1
| #define _Py_STACK_GROWS_DOWN 1
| #define PY_SUPPORT_TIER 1
| #define STDC_HEADERS 1
| #define HAVE_ALLOCA_H 1
| #define HAVE_ASM_TYPES_H 1
| #define HAVE_DLFCN_H 1
| #define HAVE_ENDIAN_H 1
| #define HAVE_ERRNO_H 1
| #define HAVE_FCNTL_H 1
| #define HAVE_GRP_H 1
| #define HAVE_LANGINFO_H 1
| #define HAVE_LIBINTL_H 1
| #define HAVE_LINUX_AUXVEC_H 1
| #define HAVE_SYS_AUXV_H 1
| #define HAVE_LINUX_FS_H 1
| #define HAVE_LINUX_LIMITS_H 1
| #define HAVE_LINUX_MEMFD_H 1
| #define HAVE_LINUX_NETFILTER_IPV4_H 1
| #define HAVE_LINUX_RANDOM_H 1
| #define HAVE_LINUX_SOUNDCARD_H 1
| #define HAVE_LINUX_SCHED_H 1
| #define HAVE_LINUX_TIPC_H 1
| #define HAVE_LINUX_WAIT_H 1
| #define HAVE_NETDB_H 1
| #define HAVE_NET_ETHERNET_H 1
| #define HAVE_NETINET_IN_H 1
| #define HAVE_NETPACKET_PACKET_H 1
| #define HAVE_POLL_H 1
| #define HAVE_PTHREAD_H 1
| #define HAVE_PTY_H 1
| #define HAVE_SCHED_H 1
| #define HAVE_SETJMP_H 1
| #define HAVE_SHADOW_H 1
| #define HAVE_SIGNAL_H 1
| #define HAVE_SPAWN_H 1
| /* end confdefs.h.  */
| #include <stddef.h>
| #ifdef HAVE_STDIO_H
| # include <stdio.h>
| #endif
| #ifdef HAVE_STDLIB_H
| # include <stdlib.h>
| #endif
| #ifdef HAVE_STRING_H
| # include <string.h>
| #endif
| #ifdef HAVE_INTTYPES_H
| # include <inttypes.h>
| #endif
| #ifdef HAVE_STDINT_H
| # include <stdint.h>
| #endif
| #ifdef HAVE_STRINGS_H
| # include <strings.h>
| #endif
| #ifdef HAVE_SYS_TYPES_H
| # include <sys/types.h>
| #endif
| #ifdef HAVE_SYS_STAT_H
| # include <sys/stat.h>
| #endif
| #ifdef HAVE_UNISTD_H
| # include <unistd.h>
| #endif
| #include <stropts.h>
configure:11400: result: no
configure:11406: checking for sys/audioio.h
configure:11406: gcc -c   conftest.c >&5
conftest.c:101:10: fatal error: sys/audioio.h: No such file or directory
  101 | #include <sys/audioio.h>
      |          ^~~~~~~~~~~~~~~
compilation terminated.
configure:11406: $? = 1
configure: failed program was:
| /* confdefs.h */
| #define _NETBSD_SOURCE 1
| #define __BSD_VISIBLE 1
| #define _DARWIN_C_SOURCE 1
| #define _PYTHONFRAMEWORK ""
| #define _XOPEN_SOURCE 700
| #define _XOPEN_SOURCE_EXTENDED 1
| #define _POSIX_C_SOURCE 200809L
| #define HAVE_STDIO_H 1
| #define HAVE_STDLIB_H 1
| #define HAVE_STRING_H 1
| #define HAVE_INTTYPES_H 1
| #define HAVE_STDINT_H 1
| #define HAVE_STRINGS_H 1
| #define HAVE_SYS_STAT_H 1
| #define HAVE_SYS_TYPES_H 1
| #define HAVE_UNISTD_H 1
| #define HAVE_WCHAR_H 1
| #define STDC_HEADERS 1
| #define _ALL_SOURCE 1
| #define _DARWIN_C_SOURCE 1
| #define _GNU_SOURCE 1
| #define _HPUX_ALT_XOPEN_SOCKET_API 1
| #define _NETBSD_SOURCE 1
| #define _OPENBSD_SOURCE 1
| #define _POSIX_PTHREAD_SEMANTICS 1
| #define __STDC_WANT_IEC_60559_ATTRIBS_EXT__ 1
| #define __STDC_WANT_IEC_60559_BFP_EXT__ 1
| #define __STDC_WANT_IEC_60559_DFP_EXT__ 1
| #define __STDC_WANT_IEC_60559_EXT__ 1
| #define __STDC_WANT_IEC_60559_FUNCS_EXT__ 1
| #define __STDC_WANT_IEC_60559_TYPES_EXT__ 1
| #define __STDC_WANT_LIB_EXT2__ 1
| #define __STDC_WANT_MATH_SPEC_FUNCS__ 1
| #define _TANDEM_SOURCE 1
| #define __EXTENSIONS__ 1
| #define _Py_STACK_GROWS_DOWN 1
| #define PY_SUPPORT_TIER 1
| #define STDC_HEADERS 1
| #define HAVE_ALLOCA_H 1
| #define HAVE_ASM_TYPES_H 1
| #define HAVE_DLFCN_H 1
| #define HAVE_ENDIAN_H 1
| #define HAVE_ERRNO_H 1
| #define HAVE_FCNTL_H 1
| #define HAVE_GRP_H 1
| #define HAVE_LANGINFO_H 1
| #define HAVE_LIBINTL_H 1
| #define HAVE_LINUX_AUXVEC_H 1
| #define HAVE_SYS_AUXV_H 1
| #define HAVE_LINUX_FS_H 1
| #define HAVE_LINUX_LIMITS_H 1
| #define HAVE_LINUX_MEMFD_H 1
| #define HAVE_LINUX_NETFILTER_IPV4_H 1
| #define HAVE_LINUX_RANDOM_H 1
| #define HAVE_LINUX_SOUNDCARD_H 1
| #define HAVE_LINUX_SCHED_H 1
| #define HAVE_LINUX_TIPC_H 1
| #define HAVE_LINUX_WAIT_H 1
| #define HAVE_NETDB_H 1
| #define HAVE_NET_ETHERNET_H 1
| #define HAVE_NETINET_IN_H 1
| #define HAVE_NETPACKET_PACKET_H 1
| #define HAVE_POLL_H 1
| #define HAVE_PTHREAD_H 1
| #define HAVE_PTY_H 1
| #define HAVE_SCHED_H 1
| #define HAVE_SETJMP_H 1
| #define HAVE_SHADOW_H 1
| #define HAVE_SIGNAL_H 1
| #define HAVE_SPAWN_H 1
| /* end confdefs.h.  */
| #include <stddef.h>
| #ifdef HAVE_STDIO_H
| # include <stdio.h>
| #endif
| #ifdef HAVE_STDLIB_H
| # include <stdlib.h>
| #endif
| #ifdef HAVE_STRING_H
| # include <string.h>
| #endif
| #ifdef HAVE_INTTYPES_H
| # include <inttypes.h>
| #endif
| #ifdef HAVE_STDINT_H
| # include <stdint.h>
| #endif
| #ifdef HAVE_STRINGS_H
| # include <strings.h>
| #endif
| #ifdef HAVE_SYS_TYPES_H
| # include <sys/types.h>
| #endif
| #ifdef HAVE_SYS_STAT_H
| # include <sys/stat.h>
| #endif
| #ifdef HAVE_UNISTD_H
| # include <unistd.h>
| #endif
| #include <sys/audioio.h>
configure:11406: result: no
configure:11412: checking for sys/bsdtty.h
configure:11412: gcc -c   conftest.c >&5
conftest.c:101:10: fatal error: sys/bsdtty.h: No such file or directory
  101 | #include <sys/bsdtty.h>
      |          ^~~~~~~~~~~~~~
compilation terminated.
configure:11412: $? = 1
configure: failed program was:
| /* confdefs.h */
| #define _NETBSD_SOURCE 1
| #define __BSD_VISIBLE 1
| #define _DARWIN_C_SOURCE 1
| #define _PYTHONFRAMEWORK ""
| #define _XOPEN_SOURCE 700
| #define _XOPEN_SOURCE_EXTENDED 1
| #define _POSIX_C_SOURCE 200809L
| #define HAVE_STDIO_H 1
| #define HAVE_STDLIB_H 1
| #define HAVE_STRING_H 1
| #define HAVE_INTTYPES_H 1
| #define HAVE_STDINT_H 1
| #define HAVE_STRINGS_H 1
| #define HAVE_SYS_STAT_H 1
| #define HAVE_SYS_TYPES_H 1
| #define HAVE_UNISTD_H 1
| #define HAVE_WCHAR_H 1
| #define STDC_HEADERS 1
| #define _ALL_SOURCE 1
| #define _DARWIN_C_SOURCE 1
| #define _GNU_SOURCE 1
| #define _HPUX_ALT_XOPEN_SOCKET_API 1
| #define _NETBSD_SOURCE 1
| #define _OPENBSD_SOURCE 1
| #define _POSIX_PTHREAD_SEMANTICS 1
| #define __STDC_WANT_IEC_60559_ATTRIBS_EXT__ 1
| #define __STDC_WANT_IEC_60559_BFP_EXT__ 1
| #define __STDC_WANT_IEC_60559_DFP_EXT__ 1
| #define __STDC_WANT_IEC_60559_EXT__ 1
| #define __STDC_WANT_IEC_60559_FUNCS_EXT__ 1
| #define __STDC_WANT_IEC_60559_TYPES_EXT__ 1
| #define __STDC_WANT_LIB_EXT2__ 1
| #define __STDC_WANT_MATH_SPEC_FUNCS__ 1
| #define _TANDEM_SOURCE 1
| #define __EXTENSIONS__ 1
| #define _Py_STACK_GROWS_DOWN 1
| #define PY_SUPPORT_TIER 1
| #define STDC_HEADERS 1
| #define HAVE_ALLOCA_H 1
| #define HAVE_ASM_TYPES_H 1
| #define HAVE_DLFCN_H 1
| #define HAVE_ENDIAN_H 1
| #define HAVE_ERRNO_H 1
| #define HAVE_FCNTL_H 1
| #define HAVE_GRP_H 1
| #define HAVE_LANGINFO_H 1
| #define HAVE_LIBINTL_H 1
| #define HAVE_LINUX_AUXVEC_H 1
| #define HAVE_SYS_AUXV_H 1
| #define HAVE_LINUX_FS_H 1
| #define HAVE_LINUX_LIMITS_H 1
| #define HAVE_LINUX_MEMFD_H 1
| #define HAVE_LINUX_NETFILTER_IPV4_H 1
| #define HAVE_LINUX_RANDOM_H 1
| #define HAVE_LINUX_SOUNDCARD_H 1
| #define HAVE_LINUX_SCHED_H 1
| #define HAVE_LINUX_TIPC_H 1
| #define HAVE_LINUX_WAIT_H 1
| #define HAVE_NETDB_H 1
| #define HAVE_NET_ETHERNET_H 1
| #define HAVE_NETINET_IN_H 1
| #define HAVE_NETPACKET_PACKET_H 1
| #define HAVE_POLL_H 1
| #define HAVE_PTHREAD_H 1
| #define HAVE_PTY_H 1
| #define HAVE_SCHED_H 1
| #define HAVE_SETJMP_H 1
| #define HAVE_SHADOW_H 1
| #define HAVE_SIGNAL_H 1
| #define HAVE_SPAWN_H 1
| /* end confdefs.h.  */
| #include <stddef.h>
| #ifdef HAVE_STDIO_H
| # include <stdio.h>
| #endif
| #ifdef HAVE_STDLIB_H
| # include <stdlib.h>
| #endif
| #ifdef HAVE_STRING_H
| # include <string.h>
| #endif
| #ifdef HAVE_INTTYPES_H
| # include <inttypes.h>
| #endif
| #ifdef HAVE_STDINT_H
| # include <stdint.h>
| #endif
| #ifdef HAVE_STRINGS_H
| # include <strings.h>
| #endif
| #ifdef HAVE_SYS_TYPES_H
| # include <sys/types.h>
| #endif
| #ifdef HAVE_SYS_STAT_H
| # include <sys/stat.h>
| #endif
| #ifdef HAVE_UNISTD_H
| # include <unistd.h>
| #endif
| #include <sys/bsdtty.h>
configure:11412: result: no
configure:11418: checking for sys/devpoll.h
configure:11418: gcc -c   conftest.c >&5
conftest.c:101:10: fatal error: sys/devpoll.h: No such file or directory
  101 | #include <sys/devpoll.h>
      |          ^~~~~~~~~~~~~~~
compilation terminated.
configure:11418: $? = 1
configure: failed program was:
| /* confdefs.h */
| #define _NETBSD_SOURCE 1
| #define __BSD_VISIBLE 1
| #define _DARWIN_C_SOURCE 1
| #define _PYTHONFRAMEWORK ""
| #define _XOPEN_SOURCE 700
| #define _XOPEN_SOURCE_EXTENDED 1
| #define _POSIX_C_SOURCE 200809L
| #define HAVE_STDIO_H 1
| #define HAVE_STDLIB_H 1
| #define HAVE_STRING_H 1
| #define HAVE_INTTYPES_H 1
| #define HAVE_STDINT_H 1
| #define HAVE_STRINGS_H 1
| #define HAVE_SYS_STAT_H 1
| #define HAVE_SYS_TYPES_H 1
| #define HAVE_UNISTD_H 1
| #define HAVE_WCHAR_H 1
| #define STDC_HEADERS 1
| #define _ALL_SOURCE 1
| #define _DARWIN_C_SOURCE 1
| #define _GNU_SOURCE 1
| #define _HPUX_ALT_XOPEN_SOCKET_API 1
| #define _NETBSD_SOURCE 1
| #define _OPENBSD_SOURCE 1
| #define _POSIX_PTHREAD_SEMANTICS 1
| #define __STDC_WANT_IEC_60559_ATTRIBS_EXT__ 1
| #define __STDC_WANT_IEC_60559_BFP_EXT__ 1
| #define __STDC_WANT_IEC_60559_DFP_EXT__ 1
| #define __STDC_WANT_IEC_60559_EXT__ 1
| #define __STDC_WANT_IEC_60559_FUNCS_EXT__ 1
| #define __STDC_WANT_IEC_60559_TYPES_EXT__ 1
| #define __STDC_WANT_LIB_EXT2__ 1
| #define __STDC_WANT_MATH_SPEC_FUNCS__ 1
| #define _TANDEM_SOURCE 1
| #define __EXTENSIONS__ 1
| #define _Py_STACK_GROWS_DOWN 1
| #define PY_SUPPORT_TIER 1
| #define STDC_HEADERS 1
| #define HAVE_ALLOCA_H 1
| #define HAVE_ASM_TYPES_H 1
| #define HAVE_DLFCN_H 1
| #define HAVE_ENDIAN_H 1
| #define HAVE_ERRNO_H 1
| #define HAVE_FCNTL_H 1
| #define HAVE_GRP_H 1
| #define HAVE_LANGINFO_H 1
| #define HAVE_LIBINTL_H 1
| #define HAVE_LINUX_AUXVEC_H 1
| #define HAVE_SYS_AUXV_H 1
| #define HAVE_LINUX_FS_H 1
| #define HAVE_LINUX_LIMITS_H 1
| #define HAVE_LINUX_MEMFD_H 1
| #define HAVE_LINUX_NETFILTER_IPV4_H 1
| #define HAVE_LINUX_RANDOM_H 1
| #define HAVE_LINUX_SOUNDCARD_H 1
| #define HAVE_LINUX_SCHED_H 1
| #define HAVE_LINUX_TIPC_H 1
| #define HAVE_LINUX_WAIT_H 1
| #define HAVE_NETDB_H 1
| #define HAVE_NET_ETHERNET_H 1
| #define HAVE_NETINET_IN_H 1
| #define HAVE_NETPACKET_PACKET_H 1
| #define HAVE_POLL_H 1
| #define HAVE_PTHREAD_H 1
| #define HAVE_PTY_H 1
| #define HAVE_SCHED_H 1
| #define HAVE_SETJMP_H 1
| #define HAVE_SHADOW_H 1
| #define HAVE_SIGNAL_H 1
| #define HAVE_SPAWN_H 1
| /* end confdefs.h.  */
| #include <stddef.h>
| #ifdef HAVE_STDIO_H
| # include <stdio.h>
| #endif
| #ifdef HAVE_STDLIB_H
| # include <stdlib.h>
| #endif
| #ifdef HAVE_STRING_H
| # include <string.h>
| #endif
| #ifdef HAVE_INTTYPES_H
| # include <inttypes.h>
| #endif
| #ifdef HAVE_STDINT_H
| # include <stdint.h>
| #endif
| #ifdef HAVE_STRINGS_H
| # include <strings.h>
| #endif
| #ifdef HAVE_SYS_TYPES_H
| # include <sys/types.h>
| #endif
| #ifdef HAVE_SYS_STAT_H
| # include <sys/stat.h>
| #endif
| #ifdef HAVE_UNISTD_H
| # include <unistd.h>
| #endif
| #include <sys/devpoll.h>
configure:11418: result: no
configure:11424: checking for sys/endian.h
configure:11424: gcc -c   conftest.c >&5
conftest.c:101:10: fatal error: sys/endian.h: No such file or directory
  101 | #include <sys/endian.h>
      |          ^~~~~~~~~~~~~~
compilation terminated.
configure:11424: $? = 1
configure: failed program was:
| /* confdefs.h */
| #define _NETBSD_SOURCE 1
| #define __BSD_VISIBLE 1
| #define _DARWIN_C_SOURCE 1
| #define _PYTHONFRAMEWORK ""
| #define _XOPEN_SOURCE 700
| #define _XOPEN_SOURCE_EXTENDED 1
| #define _POSIX_C_SOURCE 200809L
| #define HAVE_STDIO_H 1
| #define HAVE_STDLIB_H 1
| #define HAVE_STRING_H 1
| #define HAVE_INTTYPES_H 1
| #define HAVE_STDINT_H 1
| #define HAVE_STRINGS_H 1
| #define HAVE_SYS_STAT_H 1
| #define HAVE_SYS_TYPES_H 1
| #define HAVE_UNISTD_H 1
| #define HAVE_WCHAR_H 1
| #define STDC_HEADERS 1
| #define _ALL_SOURCE 1
| #define _DARWIN_C_SOURCE 1
| #define _GNU_SOURCE 1
| #define _HPUX_ALT_XOPEN_SOCKET_API 1
| #define _NETBSD_SOURCE 1
| #define _OPENBSD_SOURCE 1
| #define _POSIX_PTHREAD_SEMANTICS 1
| #define __STDC_WANT_IEC_60559_ATTRIBS_EXT__ 1
| #define __STDC_WANT_IEC_60559_BFP_EXT__ 1
| #define __STDC_WANT_IEC_60559_DFP_EXT__ 1
| #define __STDC_WANT_IEC_60559_EXT__ 1
| #define __STDC_WANT_IEC_60559_FUNCS_EXT__ 1
| #define __STDC_WANT_IEC_60559_TYPES_EXT__ 1
| #define __STDC_WANT_LIB_EXT2__ 1
| #define __STDC_WANT_MATH_SPEC_FUNCS__ 1
| #define _TANDEM_SOURCE 1
| #define __EXTENSIONS__ 1
| #define _Py_STACK_GROWS_DOWN 1
| #define PY_SUPPORT_TIER 1
| #define STDC_HEADERS 1
| #define HAVE_ALLOCA_H 1
| #define HAVE_ASM_TYPES_H 1
| #define HAVE_DLFCN_H 1
| #define HAVE_ENDIAN_H 1
| #define HAVE_ERRNO_H 1
| #define HAVE_FCNTL_H 1
| #define HAVE_GRP_H 1
| #define HAVE_LANGINFO_H 1
| #define HAVE_LIBINTL_H 1
| #define HAVE_LINUX_AUXVEC_H 1
| #define HAVE_SYS_AUXV_H 1
| #define HAVE_LINUX_FS_H 1
| #define HAVE_LINUX_LIMITS_H 1
| #define HAVE_LINUX_MEMFD_H 1
| #define HAVE_LINUX_NETFILTER_IPV4_H 1
| #define HAVE_LINUX_RANDOM_H 1
| #define HAVE_LINUX_SOUNDCARD_H 1
| #define HAVE_LINUX_SCHED_H 1
| #define HAVE_LINUX_TIPC_H 1
| #define HAVE_LINUX_WAIT_H 1
| #define HAVE_NETDB_H 1
| #define HAVE_NET_ETHERNET_H 1
| #define HAVE_NETINET_IN_H 1
| #define HAVE_NETPACKET_PACKET_H 1
| #define HAVE_POLL_H 1
| #define HAVE_PTHREAD_H 1
| #define HAVE_PTY_H 1
| #define HAVE_SCHED_H 1
| #define HAVE_SETJMP_H 1
| #define HAVE_SHADOW_H 1
| #define HAVE_SIGNAL_H 1
| #define HAVE_SPAWN_H 1
| /* end confdefs.h.  */
| #include <stddef.h>
| #ifdef HAVE_STDIO_H
| # include <stdio.h>
| #endif
| #ifdef HAVE_STDLIB_H
| # include <stdlib.h>
| #endif
| #ifdef HAVE_STRING_H
| # include <string.h>
| #endif
| #ifdef HAVE_INTTYPES_H
| # include <inttypes.h>
| #endif
| #ifdef HAVE_STDINT_H
| # include <stdint.h>
| #endif
| #ifdef HAVE_STRINGS_H
| # include <strings.h>
| #endif
| #ifdef HAVE_SYS_TYPES_H
| # include <sys/types.h>
| #endif
| #ifdef HAVE_SYS_STAT_H
| # include <sys/stat.h>
| #endif
| #ifdef HAVE_UNISTD_H
| # include <unistd.h>
| #endif
| #include <sys/endian.h>
configure:11424: result: no
configure:11430: checking for sys/epoll.h
configure:11430: gcc -c   conftest.c >&5
configure:11430: $? = 0
configure:11430: result: yes
configure:11436: checking for sys/event.h
configure:11436: gcc -c   conftest.c >&5
conftest.c:102:10: fatal error: sys/event.h: No such file or directory
  102 | #include <sys/event.h>
      |          ^~~~~~~~~~~~~
compilation terminated.
configure:11436: $? = 1
configure: failed program was:
| /* confdefs.h */
| #define _NETBSD_SOURCE 1
| #define __BSD_VISIBLE 1
| #define _DARWIN_C_SOURCE 1
| #define _PYTHONFRAMEWORK ""
| #define _XOPEN_SOURCE 700
| #define _XOPEN_SOURCE_EXTENDED 1
| #define _POSIX_C_SOURCE 200809L
| #define HAVE_STDIO_H 1
| #define HAVE_STDLIB_H 1
| #define HAVE_STRING_H 1
| #define HAVE_INTTYPES_H 1
| #define HAVE_STDINT_H 1
| #define HAVE_STRINGS_H 1
| #define HAVE_SYS_STAT_H 1
| #define HAVE_SYS_TYPES_H 1
| #define HAVE_UNISTD_H 1
| #define HAVE_WCHAR_H 1
| #define STDC_HEADERS 1
| #define _ALL_SOURCE 1
| #define _DARWIN_C_SOURCE 1
| #define _GNU_SOURCE 1
| #define _HPUX_ALT_XOPEN_SOCKET_API 1
| #define _NETBSD_SOURCE 1
| #define _OPENBSD_SOURCE 1
| #define _POSIX_PTHREAD_SEMANTICS 1
| #define __STDC_WANT_IEC_60559_ATTRIBS_EXT__ 1
| #define __STDC_WANT_IEC_60559_BFP_EXT__ 1
| #define __STDC_WANT_IEC_60559_DFP_EXT__ 1
| #define __STDC_WANT_IEC_60559_EXT__ 1
| #define __STDC_WANT_IEC_60559_FUNCS_EXT__ 1
| #define __STDC_WANT_IEC_60559_TYPES_EXT__ 1
| #define __STDC_WANT_LIB_EXT2__ 1
| #define __STDC_WANT_MATH_SPEC_FUNCS__ 1
| #define _TANDEM_SOURCE 1
| #define __EXTENSIONS__ 1
| #define _Py_STACK_GROWS_DOWN 1
| #define PY_SUPPORT_TIER 1
| #define STDC_HEADERS 1
| #define HAVE_ALLOCA_H 1
| #define HAVE_ASM_TYPES_H 1
| #define HAVE_DLFCN_H 1
| #define HAVE_ENDIAN_H 1
| #define HAVE_ERRNO_H 1
| #define HAVE_FCNTL_H 1
| #define HAVE_GRP_H 1
| #define HAVE_LANGINFO_H 1
| #define HAVE_LIBINTL_H 1
| #define HAVE_LINUX_AUXVEC_H 1
| #define HAVE_SYS_AUXV_H 1
| #define HAVE_LINUX_FS_H 1
| #define HAVE_LINUX_LIMITS_H 1
| #define HAVE_LINUX_MEMFD_H 1
| #define HAVE_LINUX_NETFILTER_IPV4_H 1
| #define HAVE_LINUX_RANDOM_H 1
| #define HAVE_LINUX_SOUNDCARD_H 1
| #define HAVE_LINUX_SCHED_H 1
| #define HAVE_LINUX_TIPC_H 1
| #define HAVE_LINUX_WAIT_H 1
| #define HAVE_NETDB_H 1
| #define HAVE_NET_ETHERNET_H 1
| #define HAVE_NETINET_IN_H 1
| #define HAVE_NETPACKET_PACKET_H 1
| #define HAVE_POLL_H 1
| #define HAVE_PTHREAD_H 1
| #define HAVE_PTY_H 1
| #define HAVE_SCHED_H 1
| #define HAVE_SETJMP_H 1
| #define HAVE_SHADOW_H 1
| #define HAVE_SIGNAL_H 1
| #define HAVE_SPAWN_H 1
| #define HAVE_SYS_EPOLL_H 1
| /* end confdefs.h.  */
| #include <stddef.h>
| #ifdef HAVE_STDIO_H
| # include <stdio.h>
| #endif
| #ifdef HAVE_STDLIB_H
| # include <stdlib.h>
| #endif
| #ifdef HAVE_STRING_H
| # include <string.h>
| #endif
| #ifdef HAVE_INTTYPES_H
| # include <inttypes.h>
| #endif
| #ifdef HAVE_STDINT_H
| # include <stdint.h>
| #endif
| #ifdef HAVE_STRINGS_H
| # include <strings.h>
| #endif
| #ifdef HAVE_SYS_TYPES_H
| # include <sys/types.h>
| #endif
| #ifdef HAVE_SYS_STAT_H
| # include <sys/stat.h>
| #endif
| #ifdef HAVE_UNISTD_H
| # include <unistd.h>
| #endif
| #include <sys/event.h>
configure:11436: result: no
configure:11442: checking for sys/eventfd.h
configure:11442: gcc -c   conftest.c >&5
configure:11442: $? = 0
configure:11442: result: yes
configure:11448: checking for sys/file.h
configure:11448: gcc -c   conftest.c >&5
configure:11448: $? = 0
configure:11448: result: yes
configure:11454: checking for sys/ioctl.h
configure:11454: gcc -c   conftest.c >&5
configure:11454: $? = 0
configure:11454: result: yes
configure:11460: checking for sys/kern_control.h
configure:11460: gcc -c   conftest.c >&5
conftest.c:105:10: fatal error: sys/kern_control.h: No such file or directory
  105 | #include <sys/kern_control.h>
      |          ^~~~~~~~~~~~~~~~~~~~
compilation terminated.
configure:11460: $? = 1
configure: failed program was:
| /* confdefs.h */
| #define _NETBSD_SOURCE 1
| #define __BSD_VISIBLE 1
| #define _DARWIN_C_SOURCE 1
| #define _PYTHONFRAMEWORK ""
| #define _XOPEN_SOURCE 700
| #define _XOPEN_SOURCE_EXTENDED 1
| #define _POSIX_C_SOURCE 200809L
| #define HAVE_STDIO_H 1
| #define HAVE_STDLIB_H 1
| #define HAVE_STRING_H 1
| #define HAVE_INTTYPES_H 1
| #define HAVE_STDINT_H 1
| #define HAVE_STRINGS_H 1
| #define HAVE_SYS_STAT_H 1
| #define HAVE_SYS_TYPES_H 1
| #define HAVE_UNISTD_H 1
| #define HAVE_WCHAR_H 1
| #define STDC_HEADERS 1
| #define _ALL_SOURCE 1
| #define _DARWIN_C_SOURCE 1
| #define _GNU_SOURCE 1
| #define _HPUX_ALT_XOPEN_SOCKET_API 1
| #define _NETBSD_SOURCE 1
| #define _OPENBSD_SOURCE 1
| #define _POSIX_PTHREAD_SEMANTICS 1
| #define __STDC_WANT_IEC_60559_ATTRIBS_EXT__ 1
| #define __STDC_WANT_IEC_60559_BFP_EXT__ 1
| #define __STDC_WANT_IEC_60559_DFP_EXT__ 1
| #define __STDC_WANT_IEC_60559_EXT__ 1
| #define __STDC_WANT_IEC_60559_FUNCS_EXT__ 1
| #define __STDC_WANT_IEC_60559_TYPES_EXT__ 1
| #define __STDC_WANT_LIB_EXT2__ 1
| #define __STDC_WANT_MATH_SPEC_FUNCS__ 1
| #define _TANDEM_SOURCE 1
| #define __EXTENSIONS__ 1
| #define _Py_STACK_GROWS_DOWN 1
| #define PY_SUPPORT_TIER 1
| #define STDC_HEADERS 1
| #define HAVE_ALLOCA_H 1
| #define HAVE_ASM_TYPES_H 1
| #define HAVE_DLFCN_H 1
| #define HAVE_ENDIAN_H 1
| #define HAVE_ERRNO_H 1
| #define HAVE_FCNTL_H 1
| #define HAVE_GRP_H 1
| #define HAVE_LANGINFO_H 1
| #define HAVE_LIBINTL_H 1
| #define HAVE_LINUX_AUXVEC_H 1
| #define HAVE_SYS_AUXV_H 1
| #define HAVE_LINUX_FS_H 1
| #define HAVE_LINUX_LIMITS_H 1
| #define HAVE_LINUX_MEMFD_H 1
| #define HAVE_LINUX_NETFILTER_IPV4_H 1
| #define HAVE_LINUX_RANDOM_H 1
| #define HAVE_LINUX_SOUNDCARD_H 1
| #define HAVE_LINUX_SCHED_H 1
| #define HAVE_LINUX_TIPC_H 1
| #define HAVE_LINUX_WAIT_H 1
| #define HAVE_NETDB_H 1
| #define HAVE_NET_ETHERNET_H 1
| #define HAVE_NETINET_IN_H 1
| #define HAVE_NETPACKET_PACKET_H 1
| #define HAVE_POLL_H 1
| #define HAVE_PTHREAD_H 1
| #define HAVE_PTY_H 1
| #define HAVE_SCHED_H 1
| #define HAVE_SETJMP_H 1
| #define HAVE_SHADOW_H 1
| #define HAVE_SIGNAL_H 1
| #define HAVE_SPAWN_H 1
| #define HAVE_SYS_EPOLL_H 1
| #define HAVE_SYS_EVENTFD_H 1
| #define HAVE_SYS_FILE_H 1
| #define HAVE_SYS_IOCTL_H 1
| /* end confdefs.h.  */
| #include <stddef.h>
| #ifdef HAVE_STDIO_H
| # include <stdio.h>
| #endif
| #ifdef HAVE_STDLIB_H
| # include <stdlib.h>
| #endif
| #ifdef HAVE_STRING_H
| # include <string.h>
| #endif
| #ifdef HAVE_INTTYPES_H
| # include <inttypes.h>
| #endif
| #ifdef HAVE_STDINT_H
| # include <stdint.h>
| #endif
| #ifdef HAVE_STRINGS_H
| # include <strings.h>
| #endif
| #ifdef HAVE_SYS_TYPES_H
| # include <sys/types.h>
| #endif
| #ifdef HAVE_SYS_STAT_H
| # include <sys/stat.h>
| #endif
| #ifdef HAVE_UNISTD_H
| # include <unistd.h>
| #endif
| #include <sys/kern_control.h>
configure:11460: result: no
configure:11466: checking for sys/loadavg.h
configure:11466: gcc -c   conftest.c >&5
conftest.c:105:10: fatal error: sys/loadavg.h: No such file or directory
  105 | #include <sys/loadavg.h>
      |          ^~~~~~~~~~~~~~~
compilation terminated.
configure:11466: $? = 1
configure: failed program was:
| /* confdefs.h */
| #define _NETBSD_SOURCE 1
| #define __BSD_VISIBLE 1
| #define _DARWIN_C_SOURCE 1
| #define _PYTHONFRAMEWORK ""
| #define _XOPEN_SOURCE 700
| #define _XOPEN_SOURCE_EXTENDED 1
| #define _POSIX_C_SOURCE 200809L
| #define HAVE_STDIO_H 1
| #define HAVE_STDLIB_H 1
| #define HAVE_STRING_H 1
| #define HAVE_INTTYPES_H 1
| #define HAVE_STDINT_H 1
| #define HAVE_STRINGS_H 1
| #define HAVE_SYS_STAT_H 1
| #define HAVE_SYS_TYPES_H 1
| #define HAVE_UNISTD_H 1
| #define HAVE_WCHAR_H 1
| #define STDC_HEADERS 1
| #define _ALL_SOURCE 1
| #define _DARWIN_C_SOURCE 1
| #define _GNU_SOURCE 1
| #define _HPUX_ALT_XOPEN_SOCKET_API 1
| #define _NETBSD_SOURCE 1
| #define _OPENBSD_SOURCE 1
| #define _POSIX_PTHREAD_SEMANTICS 1
| #define __STDC_WANT_IEC_60559_ATTRIBS_EXT__ 1
| #define __STDC_WANT_IEC_60559_BFP_EXT__ 1
| #define __STDC_WANT_IEC_60559_DFP_EXT__ 1
| #define __STDC_WANT_IEC_60559_EXT__ 1
| #define __STDC_WANT_IEC_60559_FUNCS_EXT__ 1
| #define __STDC_WANT_IEC_60559_TYPES_EXT__ 1
| #define __STDC_WANT_LIB_EXT2__ 1
| #define __STDC_WANT_MATH_SPEC_FUNCS__ 1
| #define _TANDEM_SOURCE 1
| #define __EXTENSIONS__ 1
| #define _Py_STACK_GROWS_DOWN 1
| #define PY_SUPPORT_TIER 1
| #define STDC_HEADERS 1
| #define HAVE_ALLOCA_H 1
| #define HAVE_ASM_TYPES_H 1
| #define HAVE_DLFCN_H 1
| #define HAVE_ENDIAN_H 1
| #define HAVE_ERRNO_H 1
| #define HAVE_FCNTL_H 1
| #define HAVE_GRP_H 1
| #define HAVE_LANGINFO_H 1
| #define HAVE_LIBINTL_H 1
| #define HAVE_LINUX_AUXVEC_H 1
| #define HAVE_SYS_AUXV_H 1
| #define HAVE_LINUX_FS_H 1
| #define HAVE_LINUX_LIMITS_H 1
| #define HAVE_LINUX_MEMFD_H 1
| #define HAVE_LINUX_NETFILTER_IPV4_H 1
| #define HAVE_LINUX_RANDOM_H 1
| #define HAVE_LINUX_SOUNDCARD_H 1
| #define HAVE_LINUX_SCHED_H 1
| #define HAVE_LINUX_TIPC_H 1
| #define HAVE_LINUX_WAIT_H 1
| #define HAVE_NETDB_H 1
| #define HAVE_NET_ETHERNET_H 1
| #define HAVE_NETINET_IN_H 1
| #define HAVE_NETPACKET_PACKET_H 1
| #define HAVE_POLL_H 1
| #define HAVE_PTHREAD_H 1
| #define HAVE_PTY_H 1
| #define HAVE_SCHED_H 1
| #define HAVE_SETJMP_H 1
| #define HAVE_SHADOW_H 1
| #define HAVE_SIGNAL_H 1
| #define HAVE_SPAWN_H 1
| #define HAVE_SYS_EPOLL_H 1
| #define HAVE_SYS_EVENTFD_H 1
| #define HAVE_SYS_FILE_H 1
| #define HAVE_SYS_IOCTL_H 1
| /* end confdefs.h.  */
| #include <stddef.h>
| #ifdef HAVE_STDIO_H
| # include <stdio.h>
| #endif
| #ifdef HAVE_STDLIB_H
| # include <stdlib.h>
| #endif
| #ifdef HAVE_STRING_H
| # include <string.h>
| #endif
| #ifdef HAVE_INTTYPES_H
| # include <inttypes.h>
| #endif
| #ifdef HAVE_STDINT_H
| # include <stdint.h>
| #endif
| #ifdef HAVE_STRINGS_H
| # include <strings.h>
| #endif
| #ifdef HAVE_SYS_TYPES_H
| # include <sys/types.h>
| #endif
| #ifdef HAVE_SYS_STAT_H
| # include <sys/stat.h>
| #endif
| #ifdef HAVE_UNISTD_H
| # include <unistd.h>
| #endif
| #include <sys/loadavg.h>
configure:11466: result: no
configure:11472: checking for sys/lock.h
configure:11472: gcc -c   conftest.c >&5
conftest.c:105:10: fatal error: sys/lock.h: No such file or directory
  105 | #include <sys/lock.h>
      |          ^~~~~~~~~~~~
compilation terminated.
configure:11472: $? = 1
configure: failed program was:
| /* confdefs.h */
| #define _NETBSD_SOURCE 1
| #define __BSD_VISIBLE 1
| #define _DARWIN_C_SOURCE 1
| #define _PYTHONFRAMEWORK ""
| #define _XOPEN_SOURCE 700
| #define _XOPEN_SOURCE_EXTENDED 1
| #define _POSIX_C_SOURCE 200809L
| #define HAVE_STDIO_H 1
| #define HAVE_STDLIB_H 1
| #define HAVE_STRING_H 1
| #define HAVE_INTTYPES_H 1
| #define HAVE_STDINT_H 1
| #define HAVE_STRINGS_H 1
| #define HAVE_SYS_STAT_H 1
| #define HAVE_SYS_TYPES_H 1
| #define HAVE_UNISTD_H 1
| #define HAVE_WCHAR_H 1
| #define STDC_HEADERS 1
| #define _ALL_SOURCE 1
| #define _DARWIN_C_SOURCE 1
| #define _GNU_SOURCE 1
| #define _HPUX_ALT_XOPEN_SOCKET_API 1
| #define _NETBSD_SOURCE 1
| #define _OPENBSD_SOURCE 1
| #define _POSIX_PTHREAD_SEMANTICS 1
| #define __STDC_WANT_IEC_60559_ATTRIBS_EXT__ 1
| #define __STDC_WANT_IEC_60559_BFP_EXT__ 1
| #define __STDC_WANT_IEC_60559_DFP_EXT__ 1
| #define __STDC_WANT_IEC_60559_EXT__ 1
| #define __STDC_WANT_IEC_60559_FUNCS_EXT__ 1
| #define __STDC_WANT_IEC_60559_TYPES_EXT__ 1
| #define __STDC_WANT_LIB_EXT2__ 1
| #define __STDC_WANT_MATH_SPEC_FUNCS__ 1
| #define _TANDEM_SOURCE 1
| #define __EXTENSIONS__ 1
| #define _Py_STACK_GROWS_DOWN 1
| #define PY_SUPPORT_TIER 1
| #define STDC_HEADERS 1
| #define HAVE_ALLOCA_H 1
| #define HAVE_ASM_TYPES_H 1
| #define HAVE_DLFCN_H 1
| #define HAVE_ENDIAN_H 1
| #define HAVE_ERRNO_H 1
| #define HAVE_FCNTL_H 1
| #define HAVE_GRP_H 1
| #define HAVE_LANGINFO_H 1
| #define HAVE_LIBINTL_H 1
| #define HAVE_LINUX_AUXVEC_H 1
| #define HAVE_SYS_AUXV_H 1
| #define HAVE_LINUX_FS_H 1
| #define HAVE_LINUX_LIMITS_H 1
| #define HAVE_LINUX_MEMFD_H 1
| #define HAVE_LINUX_NETFILTER_IPV4_H 1
| #define HAVE_LINUX_RANDOM_H 1
| #define HAVE_LINUX_SOUNDCARD_H 1
| #define HAVE_LINUX_SCHED_H 1
| #define HAVE_LINUX_TIPC_H 1
| #define HAVE_LINUX_WAIT_H 1
| #define HAVE_NETDB_H 1
| #define HAVE_NET_ETHERNET_H 1
| #define HAVE_NETINET_IN_H 1
| #define HAVE_NETPACKET_PACKET_H 1
| #define HAVE_POLL_H 1
| #define HAVE_PTHREAD_H 1
| #define HAVE_PTY_H 1
| #define HAVE_SCHED_H 1
| #define HAVE_SETJMP_H 1
| #define HAVE_SHADOW_H 1
| #define HAVE_SIGNAL_H 1
| #define HAVE_SPAWN_H 1
| #define HAVE_SYS_EPOLL_H 1
| #define HAVE_SYS_EVENTFD_H 1
| #define HAVE_SYS_FILE_H 1
| #define HAVE_SYS_IOCTL_H 1
| /* end confdefs.h.  */
| #include <stddef.h>
| #ifdef HAVE_STDIO_H
| # include <stdio.h>
| #endif
| #ifdef HAVE_STDLIB_H
| # include <stdlib.h>
| #endif
| #ifdef HAVE_STRING_H
| # include <string.h>
| #endif
| #ifdef HAVE_INTTYPES_H
| # include <inttypes.h>
| #endif
| #ifdef HAVE_STDINT_H
| # include <stdint.h>
| #endif
| #ifdef HAVE_STRINGS_H
| # include <strings.h>
| #endif
| #ifdef HAVE_SYS_TYPES_H
| # include <sys/types.h>
| #endif
| #ifdef HAVE_SYS_STAT_H
| # include <sys/stat.h>
| #endif
| #ifdef HAVE_UNISTD_H
| # include <unistd.h>
| #endif
| #include <sys/lock.h>
configure:11472: result: no
configure:11478: checking for sys/memfd.h
configure:11478: gcc -c   conftest.c >&5
conftest.c:105:10: fatal error: sys/memfd.h: No such file or directory
  105 | #include <sys/memfd.h>
      |          ^~~~~~~~~~~~~
compilation terminated.
configure:11478: $? = 1
configure: failed program was:
| /* confdefs.h */
| #define _NETBSD_SOURCE 1
| #define __BSD_VISIBLE 1
| #define _DARWIN_C_SOURCE 1
| #define _PYTHONFRAMEWORK ""
| #define _XOPEN_SOURCE 700
| #define _XOPEN_SOURCE_EXTENDED 1
| #define _POSIX_C_SOURCE 200809L
| #define HAVE_STDIO_H 1
| #define HAVE_STDLIB_H 1
| #define HAVE_STRING_H 1
| #define HAVE_INTTYPES_H 1
| #define HAVE_STDINT_H 1
| #define HAVE_STRINGS_H 1
| #define HAVE_SYS_STAT_H 1
| #define HAVE_SYS_TYPES_H 1
| #define HAVE_UNISTD_H 1
| #define HAVE_WCHAR_H 1
| #define STDC_HEADERS 1
| #define _ALL_SOURCE 1
| #define _DARWIN_C_SOURCE 1
| #define _GNU_SOURCE 1
| #define _HPUX_ALT_XOPEN_SOCKET_API 1
| #define _NETBSD_SOURCE 1
| #define _OPENBSD_SOURCE 1
| #define _POSIX_PTHREAD_SEMANTICS 1
| #define __STDC_WANT_IEC_60559_ATTRIBS_EXT__ 1
| #define __STDC_WANT_IEC_60559_BFP_EXT__ 1
| #define __STDC_WANT_IEC_60559_DFP_EXT__ 1
| #define __STDC_WANT_IEC_60559_EXT__ 1
| #define __STDC_WANT_IEC_60559_FUNCS_EXT__ 1
| #define __STDC_WANT_IEC_60559_TYPES_EXT__ 1
| #define __STDC_WANT_LIB_EXT2__ 1
| #define __STDC_WANT_MATH_SPEC_FUNCS__ 1
| #define _TANDEM_SOURCE 1
| #define __EXTENSIONS__ 1
| #define _Py_STACK_GROWS_DOWN 1
| #define PY_SUPPORT_TIER 1
| #define STDC_HEADERS 1
| #define HAVE_ALLOCA_H 1
| #define HAVE_ASM_TYPES_H 1
| #define HAVE_DLFCN_H 1
| #define HAVE_ENDIAN_H 1
| #define HAVE_ERRNO_H 1
| #define HAVE_FCNTL_H 1
| #define HAVE_GRP_H 1
| #define HAVE_LANGINFO_H 1
| #define HAVE_LIBINTL_H 1
| #define HAVE_LINUX_AUXVEC_H 1
| #define HAVE_SYS_AUXV_H 1
| #define HAVE_LINUX_FS_H 1
| #define HAVE_LINUX_LIMITS_H 1
| #define HAVE_LINUX_MEMFD_H 1
| #define HAVE_LINUX_NETFILTER_IPV4_H 1
| #define HAVE_LINUX_RANDOM_H 1
| #define HAVE_LINUX_SOUNDCARD_H 1
| #define HAVE_LINUX_SCHED_H 1
| #define HAVE_LINUX_TIPC_H 1
| #define HAVE_LINUX_WAIT_H 1
| #define HAVE_NETDB_H 1
| #define HAVE_NET_ETHERNET_H 1
| #define HAVE_NETINET_IN_H 1
| #define HAVE_NETPACKET_PACKET_H 1
| #define HAVE_POLL_H 1
| #define HAVE_PTHREAD_H 1
| #define HAVE_PTY_H 1
| #define HAVE_SCHED_H 1
| #define HAVE_SETJMP_H 1
| #define HAVE_SHADOW_H 1
| #define HAVE_SIGNAL_H 1
| #define HAVE_SPAWN_H 1
| #define HAVE_SYS_EPOLL_H 1
| #define HAVE_SYS_EVENTFD_H 1
| #define HAVE_SYS_FILE_H 1
| #define HAVE_SYS_IOCTL_H 1
| /* end confdefs.h.  */
| #include <stddef.h>
| #ifdef HAVE_STDIO_H
| # include <stdio.h>
| #endif
| #ifdef HAVE_STDLIB_H
| # include <stdlib.h>
| #endif
| #ifdef HAVE_STRING_H
| # include <string.h>
| #endif
| #ifdef HAVE_INTTYPES_H
| # include <inttypes.h>
| #endif
| #ifdef HAVE_STDINT_H
| # include <stdint.h>
| #endif
| #ifdef HAVE_STRINGS_H
| # include <strings.h>
| #endif
| #ifdef HAVE_SYS_TYPES_H
| # include <sys/types.h>
| #endif
| #ifdef HAVE_SYS_STAT_H
| # include <sys/stat.h>
| #endif
| #ifdef HAVE_UNISTD_H
| # include <unistd.h>
| #endif
| #include <sys/memfd.h>
configure:11478: result: no
configure:11484: checking for sys/mkdev.h
configure:11484: gcc -c   conftest.c >&5
conftest.c:105:10: fatal error: sys/mkdev.h: No such file or directory
  105 | #include <sys/mkdev.h>
      |          ^~~~~~~~~~~~~
compilation terminated.
configure:11484: $? = 1
configure: failed program was:
| /* confdefs.h */
| #define _NETBSD_SOURCE 1
| #define __BSD_VISIBLE 1
| #define _DARWIN_C_SOURCE 1
| #define _PYTHONFRAMEWORK ""
| #define _XOPEN_SOURCE 700
| #define _XOPEN_SOURCE_EXTENDED 1
| #define _POSIX_C_SOURCE 200809L
| #define HAVE_STDIO_H 1
| #define HAVE_STDLIB_H 1
| #define HAVE_STRING_H 1
| #define HAVE_INTTYPES_H 1
| #define HAVE_STDINT_H 1
| #define HAVE_STRINGS_H 1
| #define HAVE_SYS_STAT_H 1
| #define HAVE_SYS_TYPES_H 1
| #define HAVE_UNISTD_H 1
| #define HAVE_WCHAR_H 1
| #define STDC_HEADERS 1
| #define _ALL_SOURCE 1
| #define _DARWIN_C_SOURCE 1
| #define _GNU_SOURCE 1
| #define _HPUX_ALT_XOPEN_SOCKET_API 1
| #define _NETBSD_SOURCE 1
| #define _OPENBSD_SOURCE 1
| #define _POSIX_PTHREAD_SEMANTICS 1
| #define __STDC_WANT_IEC_60559_ATTRIBS_EXT__ 1
| #define __STDC_WANT_IEC_60559_BFP_EXT__ 1
| #define __STDC_WANT_IEC_60559_DFP_EXT__ 1
| #define __STDC_WANT_IEC_60559_EXT__ 1
| #define __STDC_WANT_IEC_60559_FUNCS_EXT__ 1
| #define __STDC_WANT_IEC_60559_TYPES_EXT__ 1
| #define __STDC_WANT_LIB_EXT2__ 1
| #define __STDC_WANT_MATH_SPEC_FUNCS__ 1
| #define _TANDEM_SOURCE 1
| #define __EXTENSIONS__ 1
| #define _Py_STACK_GROWS_DOWN 1
| #define PY_SUPPORT_TIER 1
| #define STDC_HEADERS 1
| #define HAVE_ALLOCA_H 1
| #define HAVE_ASM_TYPES_H 1
| #define HAVE_DLFCN_H 1
| #define HAVE_ENDIAN_H 1
| #define HAVE_ERRNO_H 1
| #define HAVE_FCNTL_H 1
| #define HAVE_GRP_H 1
| #define HAVE_LANGINFO_H 1
| #define HAVE_LIBINTL_H 1
| #define HAVE_LINUX_AUXVEC_H 1
| #define HAVE_SYS_AUXV_H 1
| #define HAVE_LINUX_FS_H 1
| #define HAVE_LINUX_LIMITS_H 1
| #define HAVE_LINUX_MEMFD_H 1
| #define HAVE_LINUX_NETFILTER_IPV4_H 1
| #define HAVE_LINUX_RANDOM_H 1
| #define HAVE_LINUX_SOUNDCARD_H 1
| #define HAVE_LINUX_SCHED_H 1
| #define HAVE_LINUX_TIPC_H 1
| #define HAVE_LINUX_WAIT_H 1
| #define HAVE_NETDB_H 1
| #define HAVE_NET_ETHERNET_H 1
| #define HAVE_NETINET_IN_H 1
| #define HAVE_NETPACKET_PACKET_H 1
| #define HAVE_POLL_H 1
| #define HAVE_PTHREAD_H 1
| #define HAVE_PTY_H 1
| #define HAVE_SCHED_H 1
| #define HAVE_SETJMP_H 1
| #define HAVE_SHADOW_H 1
| #define HAVE_SIGNAL_H 1
| #define HAVE_SPAWN_H 1
| #define HAVE_SYS_EPOLL_H 1
| #define HAVE_SYS_EVENTFD_H 1
| #define HAVE_SYS_FILE_H 1
| #define HAVE_SYS_IOCTL_H 1
| /* end confdefs.h.  */
| #include <stddef.h>
| #ifdef HAVE_STDIO_H
| # include <stdio.h>
| #endif
| #ifdef HAVE_STDLIB_H
| # include <stdlib.h>
| #endif
| #ifdef HAVE_STRING_H
| # include <string.h>
| #endif
| #ifdef HAVE_INTTYPES_H
| # include <inttypes.h>
| #endif
| #ifdef HAVE_STDINT_H
| # include <stdint.h>
| #endif
| #ifdef HAVE_STRINGS_H
| # include <strings.h>
| #endif
| #ifdef HAVE_SYS_TYPES_H
| # include <sys/types.h>
| #endif
| #ifdef HAVE_SYS_STAT_H
| # include <sys/stat.h>
| #endif
| #ifdef HAVE_UNISTD_H
| # include <unistd.h>
| #endif
| #include <sys/mkdev.h>
configure:11484: result: no
configure:11490: checking for sys/mman.h
configure:11490: gcc -c   conftest.c >&5
configure:11490: $? = 0
configure:11490: result: yes
configure:11496: checking for sys/modem.h
configure:11496: gcc -c   conftest.c >&5
conftest.c:106:10: fatal error: sys/modem.h: No such file or directory
  106 | #include <sys/modem.h>
      |          ^~~~~~~~~~~~~
compilation terminated.
configure:11496: $? = 1
configure: failed program was:
| /* confdefs.h */
| #define _NETBSD_SOURCE 1
| #define __BSD_VISIBLE 1
| #define _DARWIN_C_SOURCE 1
| #define _PYTHONFRAMEWORK ""
| #define _XOPEN_SOURCE 700
| #define _XOPEN_SOURCE_EXTENDED 1
| #define _POSIX_C_SOURCE 200809L
| #define HAVE_STDIO_H 1
| #define HAVE_STDLIB_H 1
| #define HAVE_STRING_H 1
| #define HAVE_INTTYPES_H 1
| #define HAVE_STDINT_H 1
| #define HAVE_STRINGS_H 1
| #define HAVE_SYS_STAT_H 1
| #define HAVE_SYS_TYPES_H 1
| #define HAVE_UNISTD_H 1
| #define HAVE_WCHAR_H 1
| #define STDC_HEADERS 1
| #define _ALL_SOURCE 1
| #define _DARWIN_C_SOURCE 1
| #define _GNU_SOURCE 1
| #define _HPUX_ALT_XOPEN_SOCKET_API 1
| #define _NETBSD_SOURCE 1
| #define _OPENBSD_SOURCE 1
| #define _POSIX_PTHREAD_SEMANTICS 1
| #define __STDC_WANT_IEC_60559_ATTRIBS_EXT__ 1
| #define __STDC_WANT_IEC_60559_BFP_EXT__ 1
| #define __STDC_WANT_IEC_60559_DFP_EXT__ 1
| #define __STDC_WANT_IEC_60559_EXT__ 1
| #define __STDC_WANT_IEC_60559_FUNCS_EXT__ 1
| #define __STDC_WANT_IEC_60559_TYPES_EXT__ 1
| #define __STDC_WANT_LIB_EXT2__ 1
| #define __STDC_WANT_MATH_SPEC_FUNCS__ 1
| #define _TANDEM_SOURCE 1
| #define __EXTENSIONS__ 1
| #define _Py_STACK_GROWS_DOWN 1
| #define PY_SUPPORT_TIER 1
| #define STDC_HEADERS 1
| #define HAVE_ALLOCA_H 1
| #define HAVE_ASM_TYPES_H 1
| #define HAVE_DLFCN_H 1
| #define HAVE_ENDIAN_H 1
| #define HAVE_ERRNO_H 1
| #define HAVE_FCNTL_H 1
| #define HAVE_GRP_H 1
| #define HAVE_LANGINFO_H 1
| #define HAVE_LIBINTL_H 1
| #define HAVE_LINUX_AUXVEC_H 1
| #define HAVE_SYS_AUXV_H 1
| #define HAVE_LINUX_FS_H 1
| #define HAVE_LINUX_LIMITS_H 1
| #define HAVE_LINUX_MEMFD_H 1
| #define HAVE_LINUX_NETFILTER_IPV4_H 1
| #define HAVE_LINUX_RANDOM_H 1
| #define HAVE_LINUX_SOUNDCARD_H 1
| #define HAVE_LINUX_SCHED_H 1
| #define HAVE_LINUX_TIPC_H 1
| #define HAVE_LINUX_WAIT_H 1
| #define HAVE_NETDB_H 1
| #define HAVE_NET_ETHERNET_H 1
| #define HAVE_NETINET_IN_H 1
| #define HAVE_NETPACKET_PACKET_H 1
| #define HAVE_POLL_H 1
| #define HAVE_PTHREAD_H 1
| #define HAVE_PTY_H 1
| #define HAVE_SCHED_H 1
| #define HAVE_SETJMP_H 1
| #define HAVE_SHADOW_H 1
| #define HAVE_SIGNAL_H 1
| #define HAVE_SPAWN_H 1
| #define HAVE_SYS_EPOLL_H 1
| #define HAVE_SYS_EVENTFD_H 1
| #define HAVE_SYS_FILE_H 1
| #define HAVE_SYS_IOCTL_H 1
| #define HAVE_SYS_MMAN_H 1
| /* end confdefs.h.  */
| #include <stddef.h>
| #ifdef HAVE_STDIO_H
| # include <stdio.h>
| #endif
| #ifdef HAVE_STDLIB_H
| # include <stdlib.h>
| #endif
| #ifdef HAVE_STRING_H
| # include <string.h>
| #endif
| #ifdef HAVE_INTTYPES_H
| # include <inttypes.h>
| #endif
| #ifdef HAVE_STDINT_H
| # include <stdint.h>
| #endif
| #ifdef HAVE_STRINGS_H
| # include <strings.h>
| #endif
| #ifdef HAVE_SYS_TYPES_H
| # include <sys/types.h>
| #endif
| #ifdef HAVE_SYS_STAT_H
| # include <sys/stat.h>
| #endif
| #ifdef HAVE_UNISTD_H
| # include <unistd.h>
| #endif
| #include <sys/modem.h>
configure:11496: result: no
configure:11502: checking for sys/param.h
configure:11502: gcc -c   conftest.c >&5
configure:11502: $? = 0
configure:11502: result: yes
configure:11508: checking for sys/pidfd.h
configure:11508: gcc -c   conftest.c >&5
conftest.c:107:10: fatal error: sys/pidfd.h: No such file or directory
  107 | #include <sys/pidfd.h>
      |          ^~~~~~~~~~~~~
compilation terminated.
configure:11508: $? = 1
configure: failed program was:
| /* confdefs.h */
| #define _NETBSD_SOURCE 1
| #define __BSD_VISIBLE 1
| #define _DARWIN_C_SOURCE 1
| #define _PYTHONFRAMEWORK ""
| #define _XOPEN_SOURCE 700
| #define _XOPEN_SOURCE_EXTENDED 1
| #define _POSIX_C_SOURCE 200809L
| #define HAVE_STDIO_H 1
| #define HAVE_STDLIB_H 1
| #define HAVE_STRING_H 1
| #define HAVE_INTTYPES_H 1
| #define HAVE_STDINT_H 1
| #define HAVE_STRINGS_H 1
| #define HAVE_SYS_STAT_H 1
| #define HAVE_SYS_TYPES_H 1
| #define HAVE_UNISTD_H 1
| #define HAVE_WCHAR_H 1
| #define STDC_HEADERS 1
| #define _ALL_SOURCE 1
| #define _DARWIN_C_SOURCE 1
| #define _GNU_SOURCE 1
| #define _HPUX_ALT_XOPEN_SOCKET_API 1
| #define _NETBSD_SOURCE 1
| #define _OPENBSD_SOURCE 1
| #define _POSIX_PTHREAD_SEMANTICS 1
| #define __STDC_WANT_IEC_60559_ATTRIBS_EXT__ 1
| #define __STDC_WANT_IEC_60559_BFP_EXT__ 1
| #define __STDC_WANT_IEC_60559_DFP_EXT__ 1
| #define __STDC_WANT_IEC_60559_EXT__ 1
| #define __STDC_WANT_IEC_60559_FUNCS_EXT__ 1
| #define __STDC_WANT_IEC_60559_TYPES_EXT__ 1
| #define __STDC_WANT_LIB_EXT2__ 1
| #define __STDC_WANT_MATH_SPEC_FUNCS__ 1
| #define _TANDEM_SOURCE 1
| #define __EXTENSIONS__ 1
| #define _Py_STACK_GROWS_DOWN 1
| #define PY_SUPPORT_TIER 1
| #define STDC_HEADERS 1
| #define HAVE_ALLOCA_H 1
| #define HAVE_ASM_TYPES_H 1
| #define HAVE_DLFCN_H 1
| #define HAVE_ENDIAN_H 1
| #define HAVE_ERRNO_H 1
| #define HAVE_FCNTL_H 1
| #define HAVE_GRP_H 1
| #define HAVE_LANGINFO_H 1
| #define HAVE_LIBINTL_H 1
| #define HAVE_LINUX_AUXVEC_H 1
| #define HAVE_SYS_AUXV_H 1
| #define HAVE_LINUX_FS_H 1
| #define HAVE_LINUX_LIMITS_H 1
| #define HAVE_LINUX_MEMFD_H 1
| #define HAVE_LINUX_NETFILTER_IPV4_H 1
| #define HAVE_LINUX_RANDOM_H 1
| #define HAVE_LINUX_SOUNDCARD_H 1
| #define HAVE_LINUX_SCHED_H 1
| #define HAVE_LINUX_TIPC_H 1
| #define HAVE_LINUX_WAIT_H 1
| #define HAVE_NETDB_H 1
| #define HAVE_NET_ETHERNET_H 1
| #define HAVE_NETINET_IN_H 1
| #define HAVE_NETPACKET_PACKET_H 1
| #define HAVE_POLL_H 1
| #define HAVE_PTHREAD_H 1
| #define HAVE_PTY_H 1
| #define HAVE_SCHED_H 1
| #define HAVE_SETJMP_H 1
| #define HAVE_SHADOW_H 1
| #define HAVE_SIGNAL_H 1
| #define HAVE_SPAWN_H 1
| #define HAVE_SYS_EPOLL_H 1
| #define HAVE_SYS_EVENTFD_H 1
| #define HAVE_SYS_FILE_H 1
| #define HAVE_SYS_IOCTL_H 1
| #define HAVE_SYS_MMAN_H 1
| #define HAVE_SYS_PARAM_H 1
| /* end confdefs.h.  */
| #include <stddef.h>
| #ifdef HAVE_STDIO_H
| # include <stdio.h>
| #endif
| #ifdef HAVE_STDLIB_H
| # include <stdlib.h>
| #endif
| #ifdef HAVE_STRING_H
| # include <string.h>
| #endif
| #ifdef HAVE_INTTYPES_H
| # include <inttypes.h>
| #endif
| #ifdef HAVE_STDINT_H
| # include <stdint.h>
| #endif
| #ifdef HAVE_STRINGS_H
| # include <strings.h>
| #endif
| #ifdef HAVE_SYS_TYPES_H
| # include <sys/types.h>
| #endif
| #ifdef HAVE_SYS_STAT_H
| # include <sys/stat.h>
| #endif
| #ifdef HAVE_UNISTD_H
| # include <unistd.h>
| #endif
| #include <sys/pidfd.h>
configure:11508: result: no
configure:11514: checking for sys/poll.h
configure:11514: gcc -c   conftest.c >&5
configure:11514: $? = 0
configure:11514: result: yes
configure:11520: checking for sys/random.h
configure:11520: gcc -c   conftest.c >&5
configure:11520: $? = 0
configure:11520: result: yes
configure:11526: checking for sys/resource.h
configure:11526: gcc -c   conftest.c >&5
configure:11526: $? = 0
configure:11526: result: yes
configure:11532: checking for sys/select.h
configure:11532: gcc -c   conftest.c >&5
configure:11532: $? = 0
configure:11532: result: yes
configure:11538: checking for sys/sendfile.h
configure:11538: gcc -c   conftest.c >&5
configure:11538: $? = 0
configure:11538: result: yes
configure:11544: checking for sys/socket.h
configure:11544: gcc -c   conftest.c >&5
configure:11544: $? = 0
configure:11544: result: yes
configure:11550: checking for sys/soundcard.h
configure:11550: gcc -c   conftest.c >&5
configure:11550: $? = 0
configure:11550: result: yes
configure:11556: checking for sys/stat.h
configure:11556: result: yes
configure:11562: checking for sys/statvfs.h
configure:11562: gcc -c   conftest.c >&5
configure:11562: $? = 0
configure:11562: result: yes
configure:11568: checking for sys/sys_domain.h
configure:11568: gcc -c   conftest.c >&5
conftest.c:116:10: fatal error: sys/sys_domain.h: No such file or directory
  116 | #include <sys/sys_domain.h>
      |          ^~~~~~~~~~~~~~~~~~
compilation terminated.
configure:11568: $? = 1
configure: failed program was:
| /* confdefs.h */
| #define _NETBSD_SOURCE 1
| #define __BSD_VISIBLE 1
| #define _DARWIN_C_SOURCE 1
| #define _PYTHONFRAMEWORK ""
| #define _XOPEN_SOURCE 700
| #define _XOPEN_SOURCE_EXTENDED 1
| #define _POSIX_C_SOURCE 200809L
| #define HAVE_STDIO_H 1
| #define HAVE_STDLIB_H 1
| #define HAVE_STRING_H 1
| #define HAVE_INTTYPES_H 1
| #define HAVE_STDINT_H 1
| #define HAVE_STRINGS_H 1
| #define HAVE_SYS_STAT_H 1
| #define HAVE_SYS_TYPES_H 1
| #define HAVE_UNISTD_H 1
| #define HAVE_WCHAR_H 1
| #define STDC_HEADERS 1
| #define _ALL_SOURCE 1
| #define _DARWIN_C_SOURCE 1
| #define _GNU_SOURCE 1
| #define _HPUX_ALT_XOPEN_SOCKET_API 1
| #define _NETBSD_SOURCE 1
| #define _OPENBSD_SOURCE 1
| #define _POSIX_PTHREAD_SEMANTICS 1
| #define __STDC_WANT_IEC_60559_ATTRIBS_EXT__ 1
| #define __STDC_WANT_IEC_60559_BFP_EXT__ 1
| #define __STDC_WANT_IEC_60559_DFP_EXT__ 1
| #define __STDC_WANT_IEC_60559_EXT__ 1
| #define __STDC_WANT_IEC_60559_FUNCS_EXT__ 1
| #define __STDC_WANT_IEC_60559_TYPES_EXT__ 1
| #define __STDC_WANT_LIB_EXT2__ 1
| #define __STDC_WANT_MATH_SPEC_FUNCS__ 1
| #define _TANDEM_SOURCE 1
| #define __EXTENSIONS__ 1
| #define _Py_STACK_GROWS_DOWN 1
| #define PY_SUPPORT_TIER 1
| #define STDC_HEADERS 1
| #define HAVE_ALLOCA_H 1
| #define HAVE_ASM_TYPES_H 1
| #define HAVE_DLFCN_H 1
| #define HAVE_ENDIAN_H 1
| #define HAVE_ERRNO_H 1
| #define HAVE_FCNTL_H 1
| #define HAVE_GRP_H 1
| #define HAVE_LANGINFO_H 1
| #define HAVE_LIBINTL_H 1
| #define HAVE_LINUX_AUXVEC_H 1
| #define HAVE_SYS_AUXV_H 1
| #define HAVE_LINUX_FS_H 1
| #define HAVE_LINUX_LIMITS_H 1
| #define HAVE_LINUX_MEMFD_H 1
| #define HAVE_LINUX_NETFILTER_IPV4_H 1
| #define HAVE_LINUX_RANDOM_H 1
| #define HAVE_LINUX_SOUNDCARD_H 1
| #define HAVE_LINUX_SCHED_H 1
| #define HAVE_LINUX_TIPC_H 1
| #define HAVE_LINUX_WAIT_H 1
| #define HAVE_NETDB_H 1
| #define HAVE_NET_ETHERNET_H 1
| #define HAVE_NETINET_IN_H 1
| #define HAVE_NETPACKET_PACKET_H 1
| #define HAVE_POLL_H 1
| #define HAVE_PTHREAD_H 1
| #define HAVE_PTY_H 1
| #define HAVE_SCHED_H 1
| #define HAVE_SETJMP_H 1
| #define HAVE_SHADOW_H 1
| #define HAVE_SIGNAL_H 1
| #define HAVE_SPAWN_H 1
| #define HAVE_SYS_EPOLL_H 1
| #define HAVE_SYS_EVENTFD_H 1
| #define HAVE_SYS_FILE_H 1
| #define HAVE_SYS_IOCTL_H 1
| #define HAVE_SYS_MMAN_H 1
| #define HAVE_SYS_PARAM_H 1
| #define HAVE_SYS_POLL_H 1
| #define HAVE_SYS_RANDOM_H 1
| #define HAVE_SYS_RESOURCE_H 1
| #define HAVE_SYS_SELECT_H 1
| #define HAVE_SYS_SENDFILE_H 1
| #define HAVE_SYS_SOCKET_H 1
| #define HAVE_SYS_SOUNDCARD_H 1
| #define HAVE_SYS_STAT_H 1
| #define HAVE_SYS_STATVFS_H 1
| /* end confdefs.h.  */
| #include <stddef.h>
| #ifdef HAVE_STDIO_H
| # include <stdio.h>
| #endif
| #ifdef HAVE_STDLIB_H
| # include <stdlib.h>
| #endif
| #ifdef HAVE_STRING_H
| # include <string.h>
| #endif
| #ifdef HAVE_INTTYPES_H
| # include <inttypes.h>
| #endif
| #ifdef HAVE_STDINT_H
| # include <stdint.h>
| #endif
| #ifdef HAVE_STRINGS_H
| # include <strings.h>
| #endif
| #ifdef HAVE_SYS_TYPES_H
| # include <sys/types.h>
| #endif
| #ifdef HAVE_SYS_STAT_H
| # include <sys/stat.h>
| #endif
| #ifdef HAVE_UNISTD_H
| # include <unistd.h>
| #endif
| #include <sys/sys_domain.h>
configure:11568: result: no
configure:11574: checking for sys/syscall.h
configure:11574: gcc -c   conftest.c >&5
configure:11574: $? = 0
configure:11574: result: yes
configure:11580: checking for sys/sysmacros.h
configure:11580: gcc -c   conftest.c >&5
configure:11580: $? = 0
configure:11580: result: yes
configure:11586: checking for sys/termio.h
configure:11586: gcc -c   conftest.c >&5
conftest.c:118:10: fatal error: sys/termio.h: No such file or directory
  118 | #include <sys/termio.h>
      |          ^~~~~~~~~~~~~~
compilation terminated.
configure:11586: $? = 1
configure: failed program was:
| /* confdefs.h */
| #define _NETBSD_SOURCE 1
| #define __BSD_VISIBLE 1
| #define _DARWIN_C_SOURCE 1
| #define _PYTHONFRAMEWORK ""
| #define _XOPEN_SOURCE 700
| #define _XOPEN_SOURCE_EXTENDED 1
| #define _POSIX_C_SOURCE 200809L
| #define HAVE_STDIO_H 1
| #define HAVE_STDLIB_H 1
| #define HAVE_STRING_H 1
| #define HAVE_INTTYPES_H 1
| #define HAVE_STDINT_H 1
| #define HAVE_STRINGS_H 1
| #define HAVE_SYS_STAT_H 1
| #define HAVE_SYS_TYPES_H 1
| #define HAVE_UNISTD_H 1
| #define HAVE_WCHAR_H 1
| #define STDC_HEADERS 1
| #define _ALL_SOURCE 1
| #define _DARWIN_C_SOURCE 1
| #define _GNU_SOURCE 1
| #define _HPUX_ALT_XOPEN_SOCKET_API 1
| #define _NETBSD_SOURCE 1
| #define _OPENBSD_SOURCE 1
| #define _POSIX_PTHREAD_SEMANTICS 1
| #define __STDC_WANT_IEC_60559_ATTRIBS_EXT__ 1
| #define __STDC_WANT_IEC_60559_BFP_EXT__ 1
| #define __STDC_WANT_IEC_60559_DFP_EXT__ 1
| #define __STDC_WANT_IEC_60559_EXT__ 1
| #define __STDC_WANT_IEC_60559_FUNCS_EXT__ 1
| #define __STDC_WANT_IEC_60559_TYPES_EXT__ 1
| #define __STDC_WANT_LIB_EXT2__ 1
| #define __STDC_WANT_MATH_SPEC_FUNCS__ 1
| #define _TANDEM_SOURCE 1
| #define __EXTENSIONS__ 1
| #define _Py_STACK_GROWS_DOWN 1
| #define PY_SUPPORT_TIER 1
| #define STDC_HEADERS 1
| #define HAVE_ALLOCA_H 1
| #define HAVE_ASM_TYPES_H 1
| #define HAVE_DLFCN_H 1
| #define HAVE_ENDIAN_H 1
| #define HAVE_ERRNO_H 1
| #define HAVE_FCNTL_H 1
| #define HAVE_GRP_H 1
| #define HAVE_LANGINFO_H 1
| #define HAVE_LIBINTL_H 1
| #define HAVE_LINUX_AUXVEC_H 1
| #define HAVE_SYS_AUXV_H 1
| #define HAVE_LINUX_FS_H 1
| #define HAVE_LINUX_LIMITS_H 1
| #define HAVE_LINUX_MEMFD_H 1
| #define HAVE_LINUX_NETFILTER_IPV4_H 1
| #define HAVE_LINUX_RANDOM_H 1
| #define HAVE_LINUX_SOUNDCARD_H 1
| #define HAVE_LINUX_SCHED_H 1
| #define HAVE_LINUX_TIPC_H 1
| #define HAVE_LINUX_WAIT_H 1
| #define HAVE_NETDB_H 1
| #define HAVE_NET_ETHERNET_H 1
| #define HAVE_NETINET_IN_H 1
| #define HAVE_NETPACKET_PACKET_H 1
| #define HAVE_POLL_H 1
| #define HAVE_PTHREAD_H 1
| #define HAVE_PTY_H 1
| #define HAVE_SCHED_H 1
| #define HAVE_SETJMP_H 1
| #define HAVE_SHADOW_H 1
| #define HAVE_SIGNAL_H 1
| #define HAVE_SPAWN_H 1
| #define HAVE_SYS_EPOLL_H 1
| #define HAVE_SYS_EVENTFD_H 1
| #define HAVE_SYS_FILE_H 1
| #define HAVE_SYS_IOCTL_H 1
| #define HAVE_SYS_MMAN_H 1
| #define HAVE_SYS_PARAM_H 1
| #define HAVE_SYS_POLL_H 1
| #define HAVE_SYS_RANDOM_H 1
| #define HAVE_SYS_RESOURCE_H 1
| #define HAVE_SYS_SELECT_H 1
| #define HAVE_SYS_SENDFILE_H 1
| #define HAVE_SYS_SOCKET_H 1
| #define HAVE_SYS_SOUNDCARD_H 1
| #define HAVE_SYS_STAT_H 1
| #define HAVE_SYS_STATVFS_H 1
| #define HAVE_SYS_SYSCALL_H 1
| #define HAVE_SYS_SYSMACROS_H 1
| /* end confdefs.h.  */
| #include <stddef.h>
| #ifdef HAVE_STDIO_H
| # include <stdio.h>
| #endif
| #ifdef HAVE_STDLIB_H
| # include <stdlib.h>
| #endif
| #ifdef HAVE_STRING_H
| # include <string.h>
| #endif
| #ifdef HAVE_INTTYPES_H
| # include <inttypes.h>
| #endif
| #ifdef HAVE_STDINT_H
| # include <stdint.h>
| #endif
| #ifdef HAVE_STRINGS_H
| # include <strings.h>
| #endif
| #ifdef HAVE_SYS_TYPES_H
| # include <sys/types.h>
| #endif
| #ifdef HAVE_SYS_STAT_H
| # include <sys/stat.h>
| #endif
| #ifdef HAVE_UNISTD_H
| # include <unistd.h>
| #endif
| #include <sys/termio.h>
configure:11586: result: no
configure:11592: checking for sys/time.h
configure:11592: gcc -c   conftest.c >&5
configure:11592: $? = 0
configure:11592: result: yes
configure:11598: checking for sys/times.h
configure:11598: gcc -c   conftest.c >&5
configure:11598: $? = 0
configure:11598: result: yes
configure:11604: checking for sys/timerfd.h
configure:11604: gcc -c   conftest.c >&5
configure:11604: $? = 0
configure:11604: result: yes
configure:11610: checking for sys/types.h
configure:11610: result: yes
configure:11616: checking for sys/uio.h
configure:11616: gcc -c   conftest.c >&5
configure:11616: $? = 0
configure:11616: result: yes
configure:11622: checking for sys/un.h
configure:11622: gcc -c   conftest.c >&5
configure:11622: $? = 0
configure:11622: result: yes
configure:11628: checking for sys/utsname.h
configure:11628: gcc -c   conftest.c >&5
configure:11628: $? = 0
configure:11628: result: yes
configure:11634: checking for sys/wait.h
configure:11634: gcc -c   conftest.c >&5
configure:11634: $? = 0
configure:11634: result: yes
configure:11640: checking for sys/xattr.h
configure:11640: gcc -c   conftest.c >&5
configure:11640: $? = 0
configure:11640: result: yes
configure:11646: checking for sysexits.h
configure:11646: gcc -c   conftest.c >&5
configure:11646: $? = 0
configure:11646: result: yes
configure:11652: checking for syslog.h
configure:11652: gcc -c   conftest.c >&5
configure:11652: $? = 0
configure:11652: result: yes
configure:11658: checking for termios.h
configure:11658: gcc -c   conftest.c >&5
configure:11658: $? = 0
configure:11658: result: yes
configure:11664: checking for util.h
configure:11664: gcc -c   conftest.c >&5
conftest.c:130:10: fatal error: util.h: No such file or directory
  130 | #include <util.h>
      |          ^~~~~~~~
compilation terminated.
configure:11664: $? = 1
configure: failed program was:
| /* confdefs.h */
| #define _NETBSD_SOURCE 1
| #define __BSD_VISIBLE 1
| #define _DARWIN_C_SOURCE 1
| #define _PYTHONFRAMEWORK ""
| #define _XOPEN_SOURCE 700
| #define _XOPEN_SOURCE_EXTENDED 1
| #define _POSIX_C_SOURCE 200809L
| #define HAVE_STDIO_H 1
| #define HAVE_STDLIB_H 1
| #define HAVE_STRING_H 1
| #define HAVE_INTTYPES_H 1
| #define HAVE_STDINT_H 1
| #define HAVE_STRINGS_H 1
| #define HAVE_SYS_STAT_H 1
| #define HAVE_SYS_TYPES_H 1
| #define HAVE_UNISTD_H 1
| #define HAVE_WCHAR_H 1
| #define STDC_HEADERS 1
| #define _ALL_SOURCE 1
| #define _DARWIN_C_SOURCE 1
| #define _GNU_SOURCE 1
| #define _HPUX_ALT_XOPEN_SOCKET_API 1
| #define _NETBSD_SOURCE 1
| #define _OPENBSD_SOURCE 1
| #define _POSIX_PTHREAD_SEMANTICS 1
| #define __STDC_WANT_IEC_60559_ATTRIBS_EXT__ 1
| #define __STDC_WANT_IEC_60559_BFP_EXT__ 1
| #define __STDC_WANT_IEC_60559_DFP_EXT__ 1
| #define __STDC_WANT_IEC_60559_EXT__ 1
| #define __STDC_WANT_IEC_60559_FUNCS_EXT__ 1
| #define __STDC_WANT_IEC_60559_TYPES_EXT__ 1
| #define __STDC_WANT_LIB_EXT2__ 1
| #define __STDC_WANT_MATH_SPEC_FUNCS__ 1
| #define _TANDEM_SOURCE 1
| #define __EXTENSIONS__ 1
| #define _Py_STACK_GROWS_DOWN 1
| #define PY_SUPPORT_TIER 1
| #define STDC_HEADERS 1
| #define HAVE_ALLOCA_H 1
| #define HAVE_ASM_TYPES_H 1
| #define HAVE_DLFCN_H 1
| #define HAVE_ENDIAN_H 1
| #define HAVE_ERRNO_H 1
| #define HAVE_FCNTL_H 1
| #define HAVE_GRP_H 1
| #define HAVE_LANGINFO_H 1
| #define HAVE_LIBINTL_H 1
| #define HAVE_LINUX_AUXVEC_H 1
| #define HAVE_SYS_AUXV_H 1
| #define HAVE_LINUX_FS_H 1
| #define HAVE_LINUX_LIMITS_H 1
| #define HAVE_LINUX_MEMFD_H 1
| #define HAVE_LINUX_NETFILTER_IPV4_H 1
| #define HAVE_LINUX_RANDOM_H 1
| #define HAVE_LINUX_SOUNDCARD_H 1
| #define HAVE_LINUX_SCHED_H 1
| #define HAVE_LINUX_TIPC_H 1
| #define HAVE_LINUX_WAIT_H 1
| #define HAVE_NETDB_H 1
| #define HAVE_NET_ETHERNET_H 1
| #define HAVE_NETINET_IN_H 1
| #define HAVE_NETPACKET_PACKET_H 1
| #define HAVE_POLL_H 1
| #define HAVE_PTHREAD_H 1
| #define HAVE_PTY_H 1
| #define HAVE_SCHED_H 1
| #define HAVE_SETJMP_H 1
| #define HAVE_SHADOW_H 1
| #define HAVE_SIGNAL_H 1
| #define HAVE_SPAWN_H 1
| #define HAVE_SYS_EPOLL_H 1
| #define HAVE_SYS_EVENTFD_H 1
| #define HAVE_SYS_FILE_H 1
| #define HAVE_SYS_IOCTL_H 1
| #define HAVE_SYS_MMAN_H 1
| #define HAVE_SYS_PARAM_H 1
| #define HAVE_SYS_POLL_H 1
| #define HAVE_SYS_RANDOM_H 1
| #define HAVE_SYS_RESOURCE_H 1
| #define HAVE_SYS_SELECT_H 1
| #define HAVE_SYS_SENDFILE_H 1
| #define HAVE_SYS_SOCKET_H 1
| #define HAVE_SYS_SOUNDCARD_H 1
| #define HAVE_SYS_STAT_H 1
| #define HAVE_SYS_STATVFS_H 1
| #define HAVE_SYS_SYSCALL_H 1
| #define HAVE_SYS_SYSMACROS_H 1
| #define HAVE_SYS_TIME_H 1
| #define HAVE_SYS_TIMES_H 1
| #define HAVE_SYS_TIMERFD_H 1
| #define HAVE_SYS_TYPES_H 1
| #define HAVE_SYS_UIO_H 1
| #define HAVE_SYS_UN_H 1
| #define HAVE_SYS_UTSNAME_H 1
| #define HAVE_SYS_WAIT_H 1
| #define HAVE_SYS_XATTR_H 1
| #define HAVE_SYSEXITS_H 1
| #define HAVE_SYSLOG_H 1
| #define HAVE_TERMIOS_H 1
| /* end confdefs.h.  */
| #include <stddef.h>
| #ifdef HAVE_STDIO_H
| # include <stdio.h>
| #endif
| #ifdef HAVE_STDLIB_H
| # include <stdlib.h>
| #endif
| #ifdef HAVE_STRING_H
| # include <string.h>
| #endif
| #ifdef HAVE_INTTYPES_H
| # include <inttypes.h>
| #endif
| #ifdef HAVE_STDINT_H
| # include <stdint.h>
| #endif
| #ifdef HAVE_STRINGS_H
| # include <strings.h>
| #endif
| #ifdef HAVE_SYS_TYPES_H
| # include <sys/types.h>
| #endif
| #ifdef HAVE_SYS_STAT_H
| # include <sys/stat.h>
| #endif
| #ifdef HAVE_UNISTD_H
| # include <unistd.h>
| #endif
| #include <util.h>
configure:11664: result: no
configure:11670: checking for utime.h
configure:11670: gcc -c   conftest.c >&5
configure:11670: $? = 0
configure:11670: result: yes
configure:11676: checking for utmp.h
configure:11676: gcc -c   conftest.c >&5
configure:11676: $? = 0
configure:11676: result: yes
configure:11686: checking for dirent.h that defines DIR
configure:11706: gcc -c   conftest.c >&5
configure:11706: $? = 0
configure:11717: result: yes
configure:11731: checking for library containing opendir
configure:11767: gcc -o conftest    conftest.c  >&5
configure:11767: $? = 0
configure:11789: result: none required
configure:11869: checking for sys/mkdev.h
configure:11869: result: no
configure:11878: checking for sys/sysmacros.h
configure:11878: result: yes
configure:11893: checking for bluetooth/bluetooth.h
configure:11893: gcc -c -std=c99   conftest.c >&5
conftest.c:134:10: fatal error: bluetooth/bluetooth.h: No such file or directory
  134 | #include <bluetooth/bluetooth.h>
      |          ^~~~~~~~~~~~~~~~~~~~~~~
compilation terminated.
configure:11893: $? = 1
configure: failed program was:
| /* confdefs.h */
| #define _NETBSD_SOURCE 1
| #define __BSD_VISIBLE 1
| #define _DARWIN_C_SOURCE 1
| #define _PYTHONFRAMEWORK ""
| #define _XOPEN_SOURCE 700
| #define _XOPEN_SOURCE_EXTENDED 1
| #define _POSIX_C_SOURCE 200809L
| #define HAVE_STDIO_H 1
| #define HAVE_STDLIB_H 1
| #define HAVE_STRING_H 1
| #define HAVE_INTTYPES_H 1
| #define HAVE_STDINT_H 1
| #define HAVE_STRINGS_H 1
| #define HAVE_SYS_STAT_H 1
| #define HAVE_SYS_TYPES_H 1
| #define HAVE_UNISTD_H 1
| #define HAVE_WCHAR_H 1
| #define STDC_HEADERS 1
| #define _ALL_SOURCE 1
| #define _DARWIN_C_SOURCE 1
| #define _GNU_SOURCE 1
| #define _HPUX_ALT_XOPEN_SOCKET_API 1
| #define _NETBSD_SOURCE 1
| #define _OPENBSD_SOURCE 1
| #define _POSIX_PTHREAD_SEMANTICS 1
| #define __STDC_WANT_IEC_60559_ATTRIBS_EXT__ 1
| #define __STDC_WANT_IEC_60559_BFP_EXT__ 1
| #define __STDC_WANT_IEC_60559_DFP_EXT__ 1
| #define __STDC_WANT_IEC_60559_EXT__ 1
| #define __STDC_WANT_IEC_60559_FUNCS_EXT__ 1
| #define __STDC_WANT_IEC_60559_TYPES_EXT__ 1
| #define __STDC_WANT_LIB_EXT2__ 1
| #define __STDC_WANT_MATH_SPEC_FUNCS__ 1
| #define _TANDEM_SOURCE 1
| #define __EXTENSIONS__ 1
| #define _Py_STACK_GROWS_DOWN 1
| #define PY_SUPPORT_TIER 1
| #define STDC_HEADERS 1
| #define HAVE_ALLOCA_H 1
| #define HAVE_ASM_TYPES_H 1
| #define HAVE_DLFCN_H 1
| #define HAVE_ENDIAN_H 1
| #define HAVE_ERRNO_H 1
| #define HAVE_FCNTL_H 1
| #define HAVE_GRP_H 1
| #define HAVE_LANGINFO_H 1
| #define HAVE_LIBINTL_H 1
| #define HAVE_LINUX_AUXVEC_H 1
| #define HAVE_SYS_AUXV_H 1
| #define HAVE_LINUX_FS_H 1
| #define HAVE_LINUX_LIMITS_H 1
| #define HAVE_LINUX_MEMFD_H 1
| #define HAVE_LINUX_NETFILTER_IPV4_H 1
| #define HAVE_LINUX_RANDOM_H 1
| #define HAVE_LINUX_SOUNDCARD_H 1
| #define HAVE_LINUX_SCHED_H 1
| #define HAVE_LINUX_TIPC_H 1
| #define HAVE_LINUX_WAIT_H 1
| #define HAVE_NETDB_H 1
| #define HAVE_NET_ETHERNET_H 1
| #define HAVE_NETINET_IN_H 1
| #define HAVE_NETPACKET_PACKET_H 1
| #define HAVE_POLL_H 1
| #define HAVE_PTHREAD_H 1
| #define HAVE_PTY_H 1
| #define HAVE_SCHED_H 1
| #define HAVE_SETJMP_H 1
| #define HAVE_SHADOW_H 1
| #define HAVE_SIGNAL_H 1
| #define HAVE_SPAWN_H 1
| #define HAVE_SYS_EPOLL_H 1
| #define HAVE_SYS_EVENTFD_H 1
| #define HAVE_SYS_FILE_H 1
| #define HAVE_SYS_IOCTL_H 1
| #define HAVE_SYS_MMAN_H 1
| #define HAVE_SYS_PARAM_H 1
| #define HAVE_SYS_POLL_H 1
| #define HAVE_SYS_RANDOM_H 1
| #define HAVE_SYS_RESOURCE_H 1
| #define HAVE_SYS_SELECT_H 1
| #define HAVE_SYS_SENDFILE_H 1
| #define HAVE_SYS_SOCKET_H 1
| #define HAVE_SYS_SOUNDCARD_H 1
| #define HAVE_SYS_STAT_H 1
| #define HAVE_SYS_STATVFS_H 1
| #define HAVE_SYS_SYSCALL_H 1
| #define HAVE_SYS_SYSMACROS_H 1
| #define HAVE_SYS_TIME_H 1
| #define HAVE_SYS_TIMES_H 1
| #define HAVE_SYS_TIMERFD_H 1
| #define HAVE_SYS_TYPES_H 1
| #define HAVE_SYS_UIO_H 1
| #define HAVE_SYS_UN_H 1
| #define HAVE_SYS_UTSNAME_H 1
| #define HAVE_SYS_WAIT_H 1
| #define HAVE_SYS_XATTR_H 1
| #define HAVE_SYSEXITS_H 1
| #define HAVE_SYSLOG_H 1
| #define HAVE_TERMIOS_H 1
| #define HAVE_UTIME_H 1
| #define HAVE_UTMP_H 1
| #define HAVE_DIRENT_H 1
| #define MAJOR_IN_SYSMACROS 1
| /* end confdefs.h.  */
| #include <stddef.h>
| #ifdef HAVE_STDIO_H
| # include <stdio.h>
| #endif
| #ifdef HAVE_STDLIB_H
| # include <stdlib.h>
| #endif
| #ifdef HAVE_STRING_H
| # include <string.h>
| #endif
| #ifdef HAVE_INTTYPES_H
| # include <inttypes.h>
| #endif
| #ifdef HAVE_STDINT_H
| # include <stdint.h>
| #endif
| #ifdef HAVE_STRINGS_H
| # include <strings.h>
| #endif
| #ifdef HAVE_SYS_TYPES_H
| # include <sys/types.h>
| #endif
| #ifdef HAVE_SYS_STAT_H
| # include <sys/stat.h>
| #endif
| #ifdef HAVE_UNISTD_H
| # include <unistd.h>
| #endif
| #include <bluetooth/bluetooth.h>
configure:11893: result: no
configure:11903: checking for net/if.h
configure:11903: gcc -c   conftest.c >&5
configure:11903: $? = 0
configure:11903: result: yes
configure:11920: checking for linux/netlink.h
configure:11920: gcc -c   conftest.c >&5
configure:11920: $? = 0
configure:11920: result: yes
configure:11934: checking for netlink/netlink.h
configure:11934: gcc -c   conftest.c >&5
conftest.c:117:10: fatal error: netlink/netlink.h: No such file or directory
  117 | #include <netlink/netlink.h>
      |          ^~~~~~~~~~~~~~~~~~~
compilation terminated.
configure:11934: $? = 1
configure: failed program was:
| /* confdefs.h */
| #define _NETBSD_SOURCE 1
| #define __BSD_VISIBLE 1
| #define _DARWIN_C_SOURCE 1
| #define _PYTHONFRAMEWORK ""
| #define _XOPEN_SOURCE 700
| #define _XOPEN_SOURCE_EXTENDED 1
| #define _POSIX_C_SOURCE 200809L
| #define HAVE_STDIO_H 1
| #define HAVE_STDLIB_H 1
| #define HAVE_STRING_H 1
| #define HAVE_INTTYPES_H 1
| #define HAVE_STDINT_H 1
| #define HAVE_STRINGS_H 1
| #define HAVE_SYS_STAT_H 1
| #define HAVE_SYS_TYPES_H 1
| #define HAVE_UNISTD_H 1
| #define HAVE_WCHAR_H 1
| #define STDC_HEADERS 1
| #define _ALL_SOURCE 1
| #define _DARWIN_C_SOURCE 1
| #define _GNU_SOURCE 1
| #define _HPUX_ALT_XOPEN_SOCKET_API 1
| #define _NETBSD_SOURCE 1
| #define _OPENBSD_SOURCE 1
| #define _POSIX_PTHREAD_SEMANTICS 1
| #define __STDC_WANT_IEC_60559_ATTRIBS_EXT__ 1
| #define __STDC_WANT_IEC_60559_BFP_EXT__ 1
| #define __STDC_WANT_IEC_60559_DFP_EXT__ 1
| #define __STDC_WANT_IEC_60559_EXT__ 1
| #define __STDC_WANT_IEC_60559_FUNCS_EXT__ 1
| #define __STDC_WANT_IEC_60559_TYPES_EXT__ 1
| #define __STDC_WANT_LIB_EXT2__ 1
| #define __STDC_WANT_MATH_SPEC_FUNCS__ 1
| #define _TANDEM_SOURCE 1
| #define __EXTENSIONS__ 1
| #define _Py_STACK_GROWS_DOWN 1
| #define PY_SUPPORT_TIER 1
| #define STDC_HEADERS 1
| #define HAVE_ALLOCA_H 1
| #define HAVE_ASM_TYPES_H 1
| #define HAVE_DLFCN_H 1
| #define HAVE_ENDIAN_H 1
| #define HAVE_ERRNO_H 1
| #define HAVE_FCNTL_H 1
| #define HAVE_GRP_H 1
| #define HAVE_LANGINFO_H 1
| #define HAVE_LIBINTL_H 1
| #define HAVE_LINUX_AUXVEC_H 1
| #define HAVE_SYS_AUXV_H 1
| #define HAVE_LINUX_FS_H 1
| #define HAVE_LINUX_LIMITS_H 1
| #define HAVE_LINUX_MEMFD_H 1
| #define HAVE_LINUX_NETFILTER_IPV4_H 1
| #define HAVE_LINUX_RANDOM_H 1
| #define HAVE_LINUX_SOUNDCARD_H 1
| #define HAVE_LINUX_SCHED_H 1
| #define HAVE_LINUX_TIPC_H 1
| #define HAVE_LINUX_WAIT_H 1
| #define HAVE_NETDB_H 1
| #define HAVE_NET_ETHERNET_H 1
| #define HAVE_NETINET_IN_H 1
| #define HAVE_NETPACKET_PACKET_H 1
| #define HAVE_POLL_H 1
| #define HAVE_PTHREAD_H 1
| #define HAVE_PTY_H 1
| #define HAVE_SCHED_H 1
| #define HAVE_SETJMP_H 1
| #define HAVE_SHADOW_H 1
| #define HAVE_SIGNAL_H 1
| #define HAVE_SPAWN_H 1
| #define HAVE_SYS_EPOLL_H 1
| #define HAVE_SYS_EVENTFD_H 1
| #define HAVE_SYS_FILE_H 1
| #define HAVE_SYS_IOCTL_H 1
| #define HAVE_SYS_MMAN_H 1
| #define HAVE_SYS_PARAM_H 1
| #define HAVE_SYS_POLL_H 1
| #define HAVE_SYS_RANDOM_H 1
| #define HAVE_SYS_RESOURCE_H 1
| #define HAVE_SYS_SELECT_H 1
| #define HAVE_SYS_SENDFILE_H 1
| #define HAVE_SYS_SOCKET_H 1
| #define HAVE_SYS_SOUNDCARD_H 1
| #define HAVE_SYS_STAT_H 1
| #define HAVE_SYS_STATVFS_H 1
| #define HAVE_SYS_SYSCALL_H 1
| #define HAVE_SYS_SYSMACROS_H 1
| #define HAVE_SYS_TIME_H 1
| #define HAVE_SYS_TIMES_H 1
| #define HAVE_SYS_TIMERFD_H 1
| #define HAVE_SYS_TYPES_H 1
| #define HAVE_SYS_UIO_H 1
| #define HAVE_SYS_UN_H 1
| #define HAVE_SYS_UTSNAME_H 1
| #define HAVE_SYS_WAIT_H 1
| #define HAVE_SYS_XATTR_H 1
| #define HAVE_SYSEXITS_H 1
| #define HAVE_SYSLOG_H 1
| #define HAVE_TERMIOS_H 1
| #define HAVE_UTIME_H 1
| #define HAVE_UTMP_H 1
| #define HAVE_DIRENT_H 1
| #define MAJOR_IN_SYSMACROS 1
| #define HAVE_NET_IF_H 1
| #define HAVE_LINUX_NETLINK_H 1
| /* end confdefs.h.  */
| 
| #ifdef HAVE_ASM_TYPES_H
| #include <asm/types.h>
| #endif
| #ifdef HAVE_SYS_SOCKET_H
| #include <sys/socket.h>
| #endif
| 
| 
| #include <netlink/netlink.h>
configure:11934: result: no
configure:11951: checking for linux/qrtr.h
configure:11951: gcc -c   conftest.c >&5
configure:11951: $? = 0
configure:11951: result: yes
configure:11967: checking for linux/vm_sockets.h
configure:11967: gcc -c   conftest.c >&5
configure:11967: $? = 0
configure:11967: result: yes
configure:11982: checking for linux/can.h
configure:11982: gcc -c   conftest.c >&5
configure:11982: $? = 0
configure:11982: result: yes
configure:11993: checking for linux/can/bcm.h
configure:11993: gcc -c   conftest.c >&5
configure:11993: $? = 0
configure:11993: result: yes
configure:12004: checking for linux/can/j1939.h
configure:12004: gcc -c   conftest.c >&5
configure:12004: $? = 0
configure:12004: result: yes
configure:12015: checking for linux/can/raw.h
configure:12015: gcc -c   conftest.c >&5
configure:12015: $? = 0
configure:12015: result: yes
configure:12026: checking for netcan/can.h
configure:12026: gcc -c   conftest.c >&5
conftest.c:120:10: fatal error: netcan/can.h: No such file or directory
  120 | #include <netcan/can.h>
      |          ^~~~~~~~~~~~~~
compilation terminated.
configure:12026: $? = 1
configure: failed program was:
| /* confdefs.h */
| #define _NETBSD_SOURCE 1
| #define __BSD_VISIBLE 1
| #define _DARWIN_C_SOURCE 1
| #define _PYTHONFRAMEWORK ""
| #define _XOPEN_SOURCE 700
| #define _XOPEN_SOURCE_EXTENDED 1
| #define _POSIX_C_SOURCE 200809L
| #define HAVE_STDIO_H 1
| #define HAVE_STDLIB_H 1
| #define HAVE_STRING_H 1
| #define HAVE_INTTYPES_H 1
| #define HAVE_STDINT_H 1
| #define HAVE_STRINGS_H 1
| #define HAVE_SYS_STAT_H 1
| #define HAVE_SYS_TYPES_H 1
| #define HAVE_UNISTD_H 1
| #define HAVE_WCHAR_H 1
| #define STDC_HEADERS 1
| #define _ALL_SOURCE 1
| #define _DARWIN_C_SOURCE 1
| #define _GNU_SOURCE 1
| #define _HPUX_ALT_XOPEN_SOCKET_API 1
| #define _NETBSD_SOURCE 1
| #define _OPENBSD_SOURCE 1
| #define _POSIX_PTHREAD_SEMANTICS 1
| #define __STDC_WANT_IEC_60559_ATTRIBS_EXT__ 1
| #define __STDC_WANT_IEC_60559_BFP_EXT__ 1
| #define __STDC_WANT_IEC_60559_DFP_EXT__ 1
| #define __STDC_WANT_IEC_60559_EXT__ 1
| #define __STDC_WANT_IEC_60559_FUNCS_EXT__ 1
| #define __STDC_WANT_IEC_60559_TYPES_EXT__ 1
| #define __STDC_WANT_LIB_EXT2__ 1
| #define __STDC_WANT_MATH_SPEC_FUNCS__ 1
| #define _TANDEM_SOURCE 1
| #define __EXTENSIONS__ 1
| #define _Py_STACK_GROWS_DOWN 1
| #define PY_SUPPORT_TIER 1
| #define STDC_HEADERS 1
| #define HAVE_ALLOCA_H 1
| #define HAVE_ASM_TYPES_H 1
| #define HAVE_DLFCN_H 1
| #define HAVE_ENDIAN_H 1
| #define HAVE_ERRNO_H 1
| #define HAVE_FCNTL_H 1
| #define HAVE_GRP_H 1
| #define HAVE_LANGINFO_H 1
| #define HAVE_LIBINTL_H 1
| #define HAVE_LINUX_AUXVEC_H 1
| #define HAVE_SYS_AUXV_H 1
| #define HAVE_LINUX_FS_H 1
| #define HAVE_LINUX_LIMITS_H 1
| #define HAVE_LINUX_MEMFD_H 1
| #define HAVE_LINUX_NETFILTER_IPV4_H 1
| #define HAVE_LINUX_RANDOM_H 1
| #define HAVE_LINUX_SOUNDCARD_H 1
| #define HAVE_LINUX_SCHED_H 1
| #define HAVE_LINUX_TIPC_H 1
| #define HAVE_LINUX_WAIT_H 1
| #define HAVE_NETDB_H 1
| #define HAVE_NET_ETHERNET_H 1
| #define HAVE_NETINET_IN_H 1
| #define HAVE_NETPACKET_PACKET_H 1
| #define HAVE_POLL_H 1
| #define HAVE_PTHREAD_H 1
| #define HAVE_PTY_H 1
| #define HAVE_SCHED_H 1
| #define HAVE_SETJMP_H 1
| #define HAVE_SHADOW_H 1
| #define HAVE_SIGNAL_H 1
| #define HAVE_SPAWN_H 1
| #define HAVE_SYS_EPOLL_H 1
| #define HAVE_SYS_EVENTFD_H 1
| #define HAVE_SYS_FILE_H 1
| #define HAVE_SYS_IOCTL_H 1
| #define HAVE_SYS_MMAN_H 1
| #define HAVE_SYS_PARAM_H 1
| #define HAVE_SYS_POLL_H 1
| #define HAVE_SYS_RANDOM_H 1
| #define HAVE_SYS_RESOURCE_H 1
| #define HAVE_SYS_SELECT_H 1
| #define HAVE_SYS_SENDFILE_H 1
| #define HAVE_SYS_SOCKET_H 1
| #define HAVE_SYS_SOUNDCARD_H 1
| #define HAVE_SYS_STAT_H 1
| #define HAVE_SYS_STATVFS_H 1
| #define HAVE_SYS_SYSCALL_H 1
| #define HAVE_SYS_SYSMACROS_H 1
| #define HAVE_SYS_TIME_H 1
| #define HAVE_SYS_TIMES_H 1
| #define HAVE_SYS_TIMERFD_H 1
| #define HAVE_SYS_TYPES_H 1
| #define HAVE_SYS_UIO_H 1
| #define HAVE_SYS_UN_H 1
| #define HAVE_SYS_UTSNAME_H 1
| #define HAVE_SYS_WAIT_H 1
| #define HAVE_SYS_XATTR_H 1
| #define HAVE_SYSEXITS_H 1
| #define HAVE_SYSLOG_H 1
| #define HAVE_TERMIOS_H 1
| #define HAVE_UTIME_H 1
| #define HAVE_UTMP_H 1
| #define HAVE_DIRENT_H 1
| #define MAJOR_IN_SYSMACROS 1
| #define HAVE_NET_IF_H 1
| #define HAVE_LINUX_NETLINK_H 1
| #define HAVE_LINUX_QRTR_H 1
| #define HAVE_LINUX_VM_SOCKETS_H 1
| #define HAVE_LINUX_CAN_H 1
| #define HAVE_LINUX_CAN_BCM_H 1
| #define HAVE_LINUX_CAN_J1939_H 1
| #define HAVE_LINUX_CAN_RAW_H 1
| /* end confdefs.h.  */
| 
| #ifdef HAVE_SYS_SOCKET_H
| #include <sys/socket.h>
| #endif
| 
| 
| #include <netcan/can.h>
configure:12026: result: no
configure:12040: checking for clock_t
configure:12040: gcc -c   conftest.c >&5
configure:12040: $? = 0
configure:12040: gcc -c   conftest.c >&5
conftest.c: In function 'main':
conftest.c:119:22: error: expected expression before ')' token
  119 | if (sizeof ((clock_t)))
      |                      ^
configure:12040: $? = 1
configure: failed program was:
| /* confdefs.h */
| #define _NETBSD_SOURCE 1
| #define __BSD_VISIBLE 1
| #define _DARWIN_C_SOURCE 1
| #define _PYTHONFRAMEWORK ""
| #define _XOPEN_SOURCE 700
| #define _XOPEN_SOURCE_EXTENDED 1
| #define _POSIX_C_SOURCE 200809L
| #define HAVE_STDIO_H 1
| #define HAVE_STDLIB_H 1
| #define HAVE_STRING_H 1
| #define HAVE_INTTYPES_H 1
| #define HAVE_STDINT_H 1
| #define HAVE_STRINGS_H 1
| #define HAVE_SYS_STAT_H 1
| #define HAVE_SYS_TYPES_H 1
| #define HAVE_UNISTD_H 1
| #define HAVE_WCHAR_H 1
| #define STDC_HEADERS 1
| #define _ALL_SOURCE 1
| #define _DARWIN_C_SOURCE 1
| #define _GNU_SOURCE 1
| #define _HPUX_ALT_XOPEN_SOCKET_API 1
| #define _NETBSD_SOURCE 1
| #define _OPENBSD_SOURCE 1
| #define _POSIX_PTHREAD_SEMANTICS 1
| #define __STDC_WANT_IEC_60559_ATTRIBS_EXT__ 1
| #define __STDC_WANT_IEC_60559_BFP_EXT__ 1
| #define __STDC_WANT_IEC_60559_DFP_EXT__ 1
| #define __STDC_WANT_IEC_60559_EXT__ 1
| #define __STDC_WANT_IEC_60559_FUNCS_EXT__ 1
| #define __STDC_WANT_IEC_60559_TYPES_EXT__ 1
| #define __STDC_WANT_LIB_EXT2__ 1
| #define __STDC_WANT_MATH_SPEC_FUNCS__ 1
| #define _TANDEM_SOURCE 1
| #define __EXTENSIONS__ 1
| #define _Py_STACK_GROWS_DOWN 1
| #define PY_SUPPORT_TIER 1
| #define STDC_HEADERS 1
| #define HAVE_ALLOCA_H 1
| #define HAVE_ASM_TYPES_H 1
| #define HAVE_DLFCN_H 1
| #define HAVE_ENDIAN_H 1
| #define HAVE_ERRNO_H 1
| #define HAVE_FCNTL_H 1
| #define HAVE_GRP_H 1
| #define HAVE_LANGINFO_H 1
| #define HAVE_LIBINTL_H 1
| #define HAVE_LINUX_AUXVEC_H 1
| #define HAVE_SYS_AUXV_H 1
| #define HAVE_LINUX_FS_H 1
| #define HAVE_LINUX_LIMITS_H 1
| #define HAVE_LINUX_MEMFD_H 1
| #define HAVE_LINUX_NETFILTER_IPV4_H 1
| #define HAVE_LINUX_RANDOM_H 1
| #define HAVE_LINUX_SOUNDCARD_H 1
| #define HAVE_LINUX_SCHED_H 1
| #define HAVE_LINUX_TIPC_H 1
| #define HAVE_LINUX_WAIT_H 1
| #define HAVE_NETDB_H 1
| #define HAVE_NET_ETHERNET_H 1
| #define HAVE_NETINET_IN_H 1
| #define HAVE_NETPACKET_PACKET_H 1
| #define HAVE_POLL_H 1
| #define HAVE_PTHREAD_H 1
| #define HAVE_PTY_H 1
| #define HAVE_SCHED_H 1
| #define HAVE_SETJMP_H 1
| #define HAVE_SHADOW_H 1
| #define HAVE_SIGNAL_H 1
| #define HAVE_SPAWN_H 1
| #define HAVE_SYS_EPOLL_H 1
| #define HAVE_SYS_EVENTFD_H 1
| #define HAVE_SYS_FILE_H 1
| #define HAVE_SYS_IOCTL_H 1
| #define HAVE_SYS_MMAN_H 1
| #define HAVE_SYS_PARAM_H 1
| #define HAVE_SYS_POLL_H 1
| #define HAVE_SYS_RANDOM_H 1
| #define HAVE_SYS_RESOURCE_H 1
| #define HAVE_SYS_SELECT_H 1
| #define HAVE_SYS_SENDFILE_H 1
| #define HAVE_SYS_SOCKET_H 1
| #define HAVE_SYS_SOUNDCARD_H 1
| #define HAVE_SYS_STAT_H 1
| #define HAVE_SYS_STATVFS_H 1
| #define HAVE_SYS_SYSCALL_H 1
| #define HAVE_SYS_SYSMACROS_H 1
| #define HAVE_SYS_TIME_H 1
| #define HAVE_SYS_TIMES_H 1
| #define HAVE_SYS_TIMERFD_H 1
| #define HAVE_SYS_TYPES_H 1
| #define HAVE_SYS_UIO_H 1
| #define HAVE_SYS_UN_H 1
| #define HAVE_SYS_UTSNAME_H 1
| #define HAVE_SYS_WAIT_H 1
| #define HAVE_SYS_XATTR_H 1
| #define HAVE_SYSEXITS_H 1
| #define HAVE_SYSLOG_H 1
| #define HAVE_TERMIOS_H 1
| #define HAVE_UTIME_H 1
| #define HAVE_UTMP_H 1
| #define HAVE_DIRENT_H 1
| #define MAJOR_IN_SYSMACROS 1
| #define HAVE_NET_IF_H 1
| #define HAVE_LINUX_NETLINK_H 1
| #define HAVE_LINUX_QRTR_H 1
| #define HAVE_LINUX_VM_SOCKETS_H 1
| #define HAVE_LINUX_CAN_H 1
| #define HAVE_LINUX_CAN_BCM_H 1
| #define HAVE_LINUX_CAN_J1939_H 1
| #define HAVE_LINUX_CAN_RAW_H 1
| /* end confdefs.h.  */
| #include <time.h>
| 
| int
| main (void)
| {
| if (sizeof ((clock_t)))
| 	    return 0;
|   ;
|   return 0;
| }
configure:12040: result: yes
configure:12056: checking for makedev
configure:12084: gcc -o conftest    conftest.c  >&5
configure:12084: $? = 0
configure:12096: result: yes
configure:12109: checking for le64toh
configure:12135: gcc -o conftest    conftest.c  >&5
configure:12135: $? = 0
configure:12147: result: yes
configure:12191: checking for mode_t
configure:12191: gcc -c   conftest.c >&5
configure:12191: $? = 0
configure:12191: gcc -c   conftest.c >&5
conftest.c: In function 'main':
conftest.c:153:21: error: expected expression before ')' token
  153 | if (sizeof ((mode_t)))
      |                     ^
configure:12191: $? = 1
configure: failed program was:
| /* confdefs.h */
| #define _NETBSD_SOURCE 1
| #define __BSD_VISIBLE 1
| #define _DARWIN_C_SOURCE 1
| #define _PYTHONFRAMEWORK ""
| #define _XOPEN_SOURCE 700
| #define _XOPEN_SOURCE_EXTENDED 1
| #define _POSIX_C_SOURCE 200809L
| #define HAVE_STDIO_H 1
| #define HAVE_STDLIB_H 1
| #define HAVE_STRING_H 1
| #define HAVE_INTTYPES_H 1
| #define HAVE_STDINT_H 1
| #define HAVE_STRINGS_H 1
| #define HAVE_SYS_STAT_H 1
| #define HAVE_SYS_TYPES_H 1
| #define HAVE_UNISTD_H 1
| #define HAVE_WCHAR_H 1
| #define STDC_HEADERS 1
| #define _ALL_SOURCE 1
| #define _DARWIN_C_SOURCE 1
| #define _GNU_SOURCE 1
| #define _HPUX_ALT_XOPEN_SOCKET_API 1
| #define _NETBSD_SOURCE 1
| #define _OPENBSD_SOURCE 1
| #define _POSIX_PTHREAD_SEMANTICS 1
| #define __STDC_WANT_IEC_60559_ATTRIBS_EXT__ 1
| #define __STDC_WANT_IEC_60559_BFP_EXT__ 1
| #define __STDC_WANT_IEC_60559_DFP_EXT__ 1
| #define __STDC_WANT_IEC_60559_EXT__ 1
| #define __STDC_WANT_IEC_60559_FUNCS_EXT__ 1
| #define __STDC_WANT_IEC_60559_TYPES_EXT__ 1
| #define __STDC_WANT_LIB_EXT2__ 1
| #define __STDC_WANT_MATH_SPEC_FUNCS__ 1
| #define _TANDEM_SOURCE 1
| #define __EXTENSIONS__ 1
| #define _Py_STACK_GROWS_DOWN 1
| #define PY_SUPPORT_TIER 1
| #define STDC_HEADERS 1
| #define HAVE_ALLOCA_H 1
| #define HAVE_ASM_TYPES_H 1
| #define HAVE_DLFCN_H 1
| #define HAVE_ENDIAN_H 1
| #define HAVE_ERRNO_H 1
| #define HAVE_FCNTL_H 1
| #define HAVE_GRP_H 1
| #define HAVE_LANGINFO_H 1
| #define HAVE_LIBINTL_H 1
| #define HAVE_LINUX_AUXVEC_H 1
| #define HAVE_SYS_AUXV_H 1
| #define HAVE_LINUX_FS_H 1
| #define HAVE_LINUX_LIMITS_H 1
| #define HAVE_LINUX_MEMFD_H 1
| #define HAVE_LINUX_NETFILTER_IPV4_H 1
| #define HAVE_LINUX_RANDOM_H 1
| #define HAVE_LINUX_SOUNDCARD_H 1
| #define HAVE_LINUX_SCHED_H 1
| #define HAVE_LINUX_TIPC_H 1
| #define HAVE_LINUX_WAIT_H 1
| #define HAVE_NETDB_H 1
| #define HAVE_NET_ETHERNET_H 1
| #define HAVE_NETINET_IN_H 1
| #define HAVE_NETPACKET_PACKET_H 1
| #define HAVE_POLL_H 1
| #define HAVE_PTHREAD_H 1
| #define HAVE_PTY_H 1
| #define HAVE_SCHED_H 1
| #define HAVE_SETJMP_H 1
| #define HAVE_SHADOW_H 1
| #define HAVE_SIGNAL_H 1
| #define HAVE_SPAWN_H 1
| #define HAVE_SYS_EPOLL_H 1
| #define HAVE_SYS_EVENTFD_H 1
| #define HAVE_SYS_FILE_H 1
| #define HAVE_SYS_IOCTL_H 1
| #define HAVE_SYS_MMAN_H 1
| #define HAVE_SYS_PARAM_H 1
| #define HAVE_SYS_POLL_H 1
| #define HAVE_SYS_RANDOM_H 1
| #define HAVE_SYS_RESOURCE_H 1
| #define HAVE_SYS_SELECT_H 1
| #define HAVE_SYS_SENDFILE_H 1
| #define HAVE_SYS_SOCKET_H 1
| #define HAVE_SYS_SOUNDCARD_H 1
| #define HAVE_SYS_STAT_H 1
| #define HAVE_SYS_STATVFS_H 1
| #define HAVE_SYS_SYSCALL_H 1
| #define HAVE_SYS_SYSMACROS_H 1
| #define HAVE_SYS_TIME_H 1
| #define HAVE_SYS_TIMES_H 1
| #define HAVE_SYS_TIMERFD_H 1
| #define HAVE_SYS_TYPES_H 1
| #define HAVE_SYS_UIO_H 1
| #define HAVE_SYS_UN_H 1
| #define HAVE_SYS_UTSNAME_H 1
| #define HAVE_SYS_WAIT_H 1
| #define HAVE_SYS_XATTR_H 1
| #define HAVE_SYSEXITS_H 1
| #define HAVE_SYSLOG_H 1
| #define HAVE_TERMIOS_H 1
| #define HAVE_UTIME_H 1
| #define HAVE_UTMP_H 1
| #define HAVE_DIRENT_H 1
| #define MAJOR_IN_SYSMACROS 1
| #define HAVE_NET_IF_H 1
| #define HAVE_LINUX_NETLINK_H 1
| #define HAVE_LINUX_QRTR_H 1
| #define HAVE_LINUX_VM_SOCKETS_H 1
| #define HAVE_LINUX_CAN_H 1
| #define HAVE_LINUX_CAN_BCM_H 1
| #define HAVE_LINUX_CAN_J1939_H 1
| #define HAVE_LINUX_CAN_RAW_H 1
| #define HAVE_CLOCK_T 1
| #define HAVE_MAKEDEV 1
| #define HAVE_HTOLE64 1
| #define _LARGEFILE_SOURCE 1
| #define _FILE_OFFSET_BITS 64
| #if defined(SCO_DS)
| #undef _OFF_T
| #endif
| /* end confdefs.h.  */
| #include <stddef.h>
| #ifdef HAVE_STDIO_H
| # include <stdio.h>
| #endif
| #ifdef HAVE_STDLIB_H
| # include <stdlib.h>
| #endif
| #ifdef HAVE_STRING_H
| # include <string.h>
| #endif
| #ifdef HAVE_INTTYPES_H
| # include <inttypes.h>
| #endif
| #ifdef HAVE_STDINT_H
| # include <stdint.h>
| #endif
| #ifdef HAVE_STRINGS_H
| # include <strings.h>
| #endif
| #ifdef HAVE_SYS_TYPES_H
| # include <sys/types.h>
| #endif
| #ifdef HAVE_SYS_STAT_H
| # include <sys/stat.h>
| #endif
| #ifdef HAVE_UNISTD_H
| # include <unistd.h>
| #endif
| int
| main (void)
| {
| if (sizeof ((mode_t)))
| 	    return 0;
|   ;
|   return 0;
| }
configure:12191: result: yes
configure:12202: checking for off_t
configure:12202: gcc -c   conftest.c >&5
configure:12202: $? = 0
configure:12202: gcc -c   conftest.c >&5
conftest.c: In function 'main':
conftest.c:153:20: error: expected expression before ')' token
  153 | if (sizeof ((off_t)))
      |                    ^
configure:12202: $? = 1
configure: failed program was:
| /* confdefs.h */
| #define _NETBSD_SOURCE 1
| #define __BSD_VISIBLE 1
| #define _DARWIN_C_SOURCE 1
| #define _PYTHONFRAMEWORK ""
| #define _XOPEN_SOURCE 700
| #define _XOPEN_SOURCE_EXTENDED 1
| #define _POSIX_C_SOURCE 200809L
| #define HAVE_STDIO_H 1
| #define HAVE_STDLIB_H 1
| #define HAVE_STRING_H 1
| #define HAVE_INTTYPES_H 1
| #define HAVE_STDINT_H 1
| #define HAVE_STRINGS_H 1
| #define HAVE_SYS_STAT_H 1
| #define HAVE_SYS_TYPES_H 1
| #define HAVE_UNISTD_H 1
| #define HAVE_WCHAR_H 1
| #define STDC_HEADERS 1
| #define _ALL_SOURCE 1
| #define _DARWIN_C_SOURCE 1
| #define _GNU_SOURCE 1
| #define _HPUX_ALT_XOPEN_SOCKET_API 1
| #define _NETBSD_SOURCE 1
| #define _OPENBSD_SOURCE 1
| #define _POSIX_PTHREAD_SEMANTICS 1
| #define __STDC_WANT_IEC_60559_ATTRIBS_EXT__ 1
| #define __STDC_WANT_IEC_60559_BFP_EXT__ 1
| #define __STDC_WANT_IEC_60559_DFP_EXT__ 1
| #define __STDC_WANT_IEC_60559_EXT__ 1
| #define __STDC_WANT_IEC_60559_FUNCS_EXT__ 1
| #define __STDC_WANT_IEC_60559_TYPES_EXT__ 1
| #define __STDC_WANT_LIB_EXT2__ 1
| #define __STDC_WANT_MATH_SPEC_FUNCS__ 1
| #define _TANDEM_SOURCE 1
| #define __EXTENSIONS__ 1
| #define _Py_STACK_GROWS_DOWN 1
| #define PY_SUPPORT_TIER 1
| #define STDC_HEADERS 1
| #define HAVE_ALLOCA_H 1
| #define HAVE_ASM_TYPES_H 1
| #define HAVE_DLFCN_H 1
| #define HAVE_ENDIAN_H 1
| #define HAVE_ERRNO_H 1
| #define HAVE_FCNTL_H 1
| #define HAVE_GRP_H 1
| #define HAVE_LANGINFO_H 1
| #define HAVE_LIBINTL_H 1
| #define HAVE_LINUX_AUXVEC_H 1
| #define HAVE_SYS_AUXV_H 1
| #define HAVE_LINUX_FS_H 1
| #define HAVE_LINUX_LIMITS_H 1
| #define HAVE_LINUX_MEMFD_H 1
| #define HAVE_LINUX_NETFILTER_IPV4_H 1
| #define HAVE_LINUX_RANDOM_H 1
| #define HAVE_LINUX_SOUNDCARD_H 1
| #define HAVE_LINUX_SCHED_H 1
| #define HAVE_LINUX_TIPC_H 1
| #define HAVE_LINUX_WAIT_H 1
| #define HAVE_NETDB_H 1
| #define HAVE_NET_ETHERNET_H 1
| #define HAVE_NETINET_IN_H 1
| #define HAVE_NETPACKET_PACKET_H 1
| #define HAVE_POLL_H 1
| #define HAVE_PTHREAD_H 1
| #define HAVE_PTY_H 1
| #define HAVE_SCHED_H 1
| #define HAVE_SETJMP_H 1
| #define HAVE_SHADOW_H 1
| #define HAVE_SIGNAL_H 1
| #define HAVE_SPAWN_H 1
| #define HAVE_SYS_EPOLL_H 1
| #define HAVE_SYS_EVENTFD_H 1
| #define HAVE_SYS_FILE_H 1
| #define HAVE_SYS_IOCTL_H 1
| #define HAVE_SYS_MMAN_H 1
| #define HAVE_SYS_PARAM_H 1
| #define HAVE_SYS_POLL_H 1
| #define HAVE_SYS_RANDOM_H 1
| #define HAVE_SYS_RESOURCE_H 1
| #define HAVE_SYS_SELECT_H 1
| #define HAVE_SYS_SENDFILE_H 1
| #define HAVE_SYS_SOCKET_H 1
| #define HAVE_SYS_SOUNDCARD_H 1
| #define HAVE_SYS_STAT_H 1
| #define HAVE_SYS_STATVFS_H 1
| #define HAVE_SYS_SYSCALL_H 1
| #define HAVE_SYS_SYSMACROS_H 1
| #define HAVE_SYS_TIME_H 1
| #define HAVE_SYS_TIMES_H 1
| #define HAVE_SYS_TIMERFD_H 1
| #define HAVE_SYS_TYPES_H 1
| #define HAVE_SYS_UIO_H 1
| #define HAVE_SYS_UN_H 1
| #define HAVE_SYS_UTSNAME_H 1
| #define HAVE_SYS_WAIT_H 1
| #define HAVE_SYS_XATTR_H 1
| #define HAVE_SYSEXITS_H 1
| #define HAVE_SYSLOG_H 1
| #define HAVE_TERMIOS_H 1
| #define HAVE_UTIME_H 1
| #define HAVE_UTMP_H 1
| #define HAVE_DIRENT_H 1
| #define MAJOR_IN_SYSMACROS 1
| #define HAVE_NET_IF_H 1
| #define HAVE_LINUX_NETLINK_H 1
| #define HAVE_LINUX_QRTR_H 1
| #define HAVE_LINUX_VM_SOCKETS_H 1
| #define HAVE_LINUX_CAN_H 1
| #define HAVE_LINUX_CAN_BCM_H 1
| #define HAVE_LINUX_CAN_J1939_H 1
| #define HAVE_LINUX_CAN_RAW_H 1
| #define HAVE_CLOCK_T 1
| #define HAVE_MAKEDEV 1
| #define HAVE_HTOLE64 1
| #define _LARGEFILE_SOURCE 1
| #define _FILE_OFFSET_BITS 64
| #if defined(SCO_DS)
| #undef _OFF_T
| #endif
| /* end confdefs.h.  */
| #include <stddef.h>
| #ifdef HAVE_STDIO_H
| # include <stdio.h>
| #endif
| #ifdef HAVE_STDLIB_H
| # include <stdlib.h>
| #endif
| #ifdef HAVE_STRING_H
| # include <string.h>
| #endif
| #ifdef HAVE_INTTYPES_H
| # include <inttypes.h>
| #endif
| #ifdef HAVE_STDINT_H
| # include <stdint.h>
| #endif
| #ifdef HAVE_STRINGS_H
| # include <strings.h>
| #endif
| #ifdef HAVE_SYS_TYPES_H
| # include <sys/types.h>
| #endif
| #ifdef HAVE_SYS_STAT_H
| # include <sys/stat.h>
| #endif
| #ifdef HAVE_UNISTD_H
| # include <unistd.h>
| #endif
| int
| main (void)
| {
| if (sizeof ((off_t)))
| 	    return 0;
|   ;
|   return 0;
| }
configure:12202: result: yes
configure:12214: checking for pid_t
configure:12214: gcc -c   conftest.c >&5
configure:12214: $? = 0
configure:12214: gcc -c   conftest.c >&5
conftest.c: In function 'main':
conftest.c:154:20: error: expected expression before ')' token
  154 | if (sizeof ((pid_t)))
      |                    ^
configure:12214: $? = 1
configure: failed program was:
| /* confdefs.h */
| #define _NETBSD_SOURCE 1
| #define __BSD_VISIBLE 1
| #define _DARWIN_C_SOURCE 1
| #define _PYTHONFRAMEWORK ""
| #define _XOPEN_SOURCE 700
| #define _XOPEN_SOURCE_EXTENDED 1
| #define _POSIX_C_SOURCE 200809L
| #define HAVE_STDIO_H 1
| #define HAVE_STDLIB_H 1
| #define HAVE_STRING_H 1
| #define HAVE_INTTYPES_H 1
| #define HAVE_STDINT_H 1
| #define HAVE_STRINGS_H 1
| #define HAVE_SYS_STAT_H 1
| #define HAVE_SYS_TYPES_H 1
| #define HAVE_UNISTD_H 1
| #define HAVE_WCHAR_H 1
| #define STDC_HEADERS 1
| #define _ALL_SOURCE 1
| #define _DARWIN_C_SOURCE 1
| #define _GNU_SOURCE 1
| #define _HPUX_ALT_XOPEN_SOCKET_API 1
| #define _NETBSD_SOURCE 1
| #define _OPENBSD_SOURCE 1
| #define _POSIX_PTHREAD_SEMANTICS 1
| #define __STDC_WANT_IEC_60559_ATTRIBS_EXT__ 1
| #define __STDC_WANT_IEC_60559_BFP_EXT__ 1
| #define __STDC_WANT_IEC_60559_DFP_EXT__ 1
| #define __STDC_WANT_IEC_60559_EXT__ 1
| #define __STDC_WANT_IEC_60559_FUNCS_EXT__ 1
| #define __STDC_WANT_IEC_60559_TYPES_EXT__ 1
| #define __STDC_WANT_LIB_EXT2__ 1
| #define __STDC_WANT_MATH_SPEC_FUNCS__ 1
| #define _TANDEM_SOURCE 1
| #define __EXTENSIONS__ 1
| #define _Py_STACK_GROWS_DOWN 1
| #define PY_SUPPORT_TIER 1
| #define STDC_HEADERS 1
| #define HAVE_ALLOCA_H 1
| #define HAVE_ASM_TYPES_H 1
| #define HAVE_DLFCN_H 1
| #define HAVE_ENDIAN_H 1
| #define HAVE_ERRNO_H 1
| #define HAVE_FCNTL_H 1
| #define HAVE_GRP_H 1
| #define HAVE_LANGINFO_H 1
| #define HAVE_LIBINTL_H 1
| #define HAVE_LINUX_AUXVEC_H 1
| #define HAVE_SYS_AUXV_H 1
| #define HAVE_LINUX_FS_H 1
| #define HAVE_LINUX_LIMITS_H 1
| #define HAVE_LINUX_MEMFD_H 1
| #define HAVE_LINUX_NETFILTER_IPV4_H 1
| #define HAVE_LINUX_RANDOM_H 1
| #define HAVE_LINUX_SOUNDCARD_H 1
| #define HAVE_LINUX_SCHED_H 1
| #define HAVE_LINUX_TIPC_H 1
| #define HAVE_LINUX_WAIT_H 1
| #define HAVE_NETDB_H 1
| #define HAVE_NET_ETHERNET_H 1
| #define HAVE_NETINET_IN_H 1
| #define HAVE_NETPACKET_PACKET_H 1
| #define HAVE_POLL_H 1
| #define HAVE_PTHREAD_H 1
| #define HAVE_PTY_H 1
| #define HAVE_SCHED_H 1
| #define HAVE_SETJMP_H 1
| #define HAVE_SHADOW_H 1
| #define HAVE_SIGNAL_H 1
| #define HAVE_SPAWN_H 1
| #define HAVE_SYS_EPOLL_H 1
| #define HAVE_SYS_EVENTFD_H 1
| #define HAVE_SYS_FILE_H 1
| #define HAVE_SYS_IOCTL_H 1
| #define HAVE_SYS_MMAN_H 1
| #define HAVE_SYS_PARAM_H 1
| #define HAVE_SYS_POLL_H 1
| #define HAVE_SYS_RANDOM_H 1
| #define HAVE_SYS_RESOURCE_H 1
| #define HAVE_SYS_SELECT_H 1
| #define HAVE_SYS_SENDFILE_H 1
| #define HAVE_SYS_SOCKET_H 1
| #define HAVE_SYS_SOUNDCARD_H 1
| #define HAVE_SYS_STAT_H 1
| #define HAVE_SYS_STATVFS_H 1
| #define HAVE_SYS_SYSCALL_H 1
| #define HAVE_SYS_SYSMACROS_H 1
| #define HAVE_SYS_TIME_H 1
| #define HAVE_SYS_TIMES_H 1
| #define HAVE_SYS_TIMERFD_H 1
| #define HAVE_SYS_TYPES_H 1
| #define HAVE_SYS_UIO_H 1
| #define HAVE_SYS_UN_H 1
| #define HAVE_SYS_UTSNAME_H 1
| #define HAVE_SYS_WAIT_H 1
| #define HAVE_SYS_XATTR_H 1
| #define HAVE_SYSEXITS_H 1
| #define HAVE_SYSLOG_H 1
| #define HAVE_TERMIOS_H 1
| #define HAVE_UTIME_H 1
| #define HAVE_UTMP_H 1
| #define HAVE_DIRENT_H 1
| #define MAJOR_IN_SYSMACROS 1
| #define HAVE_NET_IF_H 1
| #define HAVE_LINUX_NETLINK_H 1
| #define HAVE_LINUX_QRTR_H 1
| #define HAVE_LINUX_VM_SOCKETS_H 1
| #define HAVE_LINUX_CAN_H 1
| #define HAVE_LINUX_CAN_BCM_H 1
| #define HAVE_LINUX_CAN_J1939_H 1
| #define HAVE_LINUX_CAN_RAW_H 1
| #define HAVE_CLOCK_T 1
| #define HAVE_MAKEDEV 1
| #define HAVE_HTOLE64 1
| #define _LARGEFILE_SOURCE 1
| #define _FILE_OFFSET_BITS 64
| #if defined(SCO_DS)
| #undef _OFF_T
| #endif
| /* end confdefs.h.  */
| #include <stddef.h>
| #ifdef HAVE_STDIO_H
| # include <stdio.h>
| #endif
| #ifdef HAVE_STDLIB_H
| # include <stdlib.h>
| #endif
| #ifdef HAVE_STRING_H
| # include <string.h>
| #endif
| #ifdef HAVE_INTTYPES_H
| # include <inttypes.h>
| #endif
| #ifdef HAVE_STDINT_H
| # include <stdint.h>
| #endif
| #ifdef HAVE_STRINGS_H
| # include <strings.h>
| #endif
| #ifdef HAVE_SYS_TYPES_H
| # include <sys/types.h>
| #endif
| #ifdef HAVE_SYS_STAT_H
| # include <sys/stat.h>
| #endif
| #ifdef HAVE_UNISTD_H
| # include <unistd.h>
| #endif
| 
| int
| main (void)
| {
| if (sizeof ((pid_t)))
| 	    return 0;
|   ;
|   return 0;
| }
configure:12214: result: yes
configure:12255: checking for size_t
configure:12255: gcc -c   conftest.c >&5
configure:12255: $? = 0
configure:12255: gcc -c   conftest.c >&5
conftest.c: In function 'main':
conftest.c:154:21: error: expected expression before ')' token
  154 | if (sizeof ((size_t)))
      |                     ^
configure:12255: $? = 1
configure: failed program was:
| /* confdefs.h */
| #define _NETBSD_SOURCE 1
| #define __BSD_VISIBLE 1
| #define _DARWIN_C_SOURCE 1
| #define _PYTHONFRAMEWORK ""
| #define _XOPEN_SOURCE 700
| #define _XOPEN_SOURCE_EXTENDED 1
| #define _POSIX_C_SOURCE 200809L
| #define HAVE_STDIO_H 1
| #define HAVE_STDLIB_H 1
| #define HAVE_STRING_H 1
| #define HAVE_INTTYPES_H 1
| #define HAVE_STDINT_H 1
| #define HAVE_STRINGS_H 1
| #define HAVE_SYS_STAT_H 1
| #define HAVE_SYS_TYPES_H 1
| #define HAVE_UNISTD_H 1
| #define HAVE_WCHAR_H 1
| #define STDC_HEADERS 1
| #define _ALL_SOURCE 1
| #define _DARWIN_C_SOURCE 1
| #define _GNU_SOURCE 1
| #define _HPUX_ALT_XOPEN_SOCKET_API 1
| #define _NETBSD_SOURCE 1
| #define _OPENBSD_SOURCE 1
| #define _POSIX_PTHREAD_SEMANTICS 1
| #define __STDC_WANT_IEC_60559_ATTRIBS_EXT__ 1
| #define __STDC_WANT_IEC_60559_BFP_EXT__ 1
| #define __STDC_WANT_IEC_60559_DFP_EXT__ 1
| #define __STDC_WANT_IEC_60559_EXT__ 1
| #define __STDC_WANT_IEC_60559_FUNCS_EXT__ 1
| #define __STDC_WANT_IEC_60559_TYPES_EXT__ 1
| #define __STDC_WANT_LIB_EXT2__ 1
| #define __STDC_WANT_MATH_SPEC_FUNCS__ 1
| #define _TANDEM_SOURCE 1
| #define __EXTENSIONS__ 1
| #define _Py_STACK_GROWS_DOWN 1
| #define PY_SUPPORT_TIER 1
| #define STDC_HEADERS 1
| #define HAVE_ALLOCA_H 1
| #define HAVE_ASM_TYPES_H 1
| #define HAVE_DLFCN_H 1
| #define HAVE_ENDIAN_H 1
| #define HAVE_ERRNO_H 1
| #define HAVE_FCNTL_H 1
| #define HAVE_GRP_H 1
| #define HAVE_LANGINFO_H 1
| #define HAVE_LIBINTL_H 1
| #define HAVE_LINUX_AUXVEC_H 1
| #define HAVE_SYS_AUXV_H 1
| #define HAVE_LINUX_FS_H 1
| #define HAVE_LINUX_LIMITS_H 1
| #define HAVE_LINUX_MEMFD_H 1
| #define HAVE_LINUX_NETFILTER_IPV4_H 1
| #define HAVE_LINUX_RANDOM_H 1
| #define HAVE_LINUX_SOUNDCARD_H 1
| #define HAVE_LINUX_SCHED_H 1
| #define HAVE_LINUX_TIPC_H 1
| #define HAVE_LINUX_WAIT_H 1
| #define HAVE_NETDB_H 1
| #define HAVE_NET_ETHERNET_H 1
| #define HAVE_NETINET_IN_H 1
| #define HAVE_NETPACKET_PACKET_H 1
| #define HAVE_POLL_H 1
| #define HAVE_PTHREAD_H 1
| #define HAVE_PTY_H 1
| #define HAVE_SCHED_H 1
| #define HAVE_SETJMP_H 1
| #define HAVE_SHADOW_H 1
| #define HAVE_SIGNAL_H 1
| #define HAVE_SPAWN_H 1
| #define HAVE_SYS_EPOLL_H 1
| #define HAVE_SYS_EVENTFD_H 1
| #define HAVE_SYS_FILE_H 1
| #define HAVE_SYS_IOCTL_H 1
| #define HAVE_SYS_MMAN_H 1
| #define HAVE_SYS_PARAM_H 1
| #define HAVE_SYS_POLL_H 1
| #define HAVE_SYS_RANDOM_H 1
| #define HAVE_SYS_RESOURCE_H 1
| #define HAVE_SYS_SELECT_H 1
| #define HAVE_SYS_SENDFILE_H 1
| #define HAVE_SYS_SOCKET_H 1
| #define HAVE_SYS_SOUNDCARD_H 1
| #define HAVE_SYS_STAT_H 1
| #define HAVE_SYS_STATVFS_H 1
| #define HAVE_SYS_SYSCALL_H 1
| #define HAVE_SYS_SYSMACROS_H 1
| #define HAVE_SYS_TIME_H 1
| #define HAVE_SYS_TIMES_H 1
| #define HAVE_SYS_TIMERFD_H 1
| #define HAVE_SYS_TYPES_H 1
| #define HAVE_SYS_UIO_H 1
| #define HAVE_SYS_UN_H 1
| #define HAVE_SYS_UTSNAME_H 1
| #define HAVE_SYS_WAIT_H 1
| #define HAVE_SYS_XATTR_H 1
| #define HAVE_SYSEXITS_H 1
| #define HAVE_SYSLOG_H 1
| #define HAVE_TERMIOS_H 1
| #define HAVE_UTIME_H 1
| #define HAVE_UTMP_H 1
| #define HAVE_DIRENT_H 1
| #define MAJOR_IN_SYSMACROS 1
| #define HAVE_NET_IF_H 1
| #define HAVE_LINUX_NETLINK_H 1
| #define HAVE_LINUX_QRTR_H 1
| #define HAVE_LINUX_VM_SOCKETS_H 1
| #define HAVE_LINUX_CAN_H 1
| #define HAVE_LINUX_CAN_BCM_H 1
| #define HAVE_LINUX_CAN_J1939_H 1
| #define HAVE_LINUX_CAN_RAW_H 1
| #define HAVE_CLOCK_T 1
| #define HAVE_MAKEDEV 1
| #define HAVE_HTOLE64 1
| #define _LARGEFILE_SOURCE 1
| #define _FILE_OFFSET_BITS 64
| #if defined(SCO_DS)
| #undef _OFF_T
| #endif
| #define RETSIGTYPE void
| /* end confdefs.h.  */
| #include <stddef.h>
| #ifdef HAVE_STDIO_H
| # include <stdio.h>
| #endif
| #ifdef HAVE_STDLIB_H
| # include <stdlib.h>
| #endif
| #ifdef HAVE_STRING_H
| # include <string.h>
| #endif
| #ifdef HAVE_INTTYPES_H
| # include <inttypes.h>
| #endif
| #ifdef HAVE_STDINT_H
| # include <stdint.h>
| #endif
| #ifdef HAVE_STRINGS_H
| # include <strings.h>
| #endif
| #ifdef HAVE_SYS_TYPES_H
| # include <sys/types.h>
| #endif
| #ifdef HAVE_SYS_STAT_H
| # include <sys/stat.h>
| #endif
| #ifdef HAVE_UNISTD_H
| # include <unistd.h>
| #endif
| int
| main (void)
| {
| if (sizeof ((size_t)))
| 	    return 0;
|   ;
|   return 0;
| }
configure:12255: result: yes
configure:12266: checking for uid_t
configure:12266: gcc -c   conftest.c >&5
configure:12266: $? = 0
configure:12266: gcc -c   conftest.c >&5
conftest.c: In function 'main':
conftest.c:154:20: error: expected expression before ')' token
  154 | if (sizeof ((uid_t)))
      |                    ^
configure:12266: $? = 1
configure: failed program was:
| /* confdefs.h */
| #define _NETBSD_SOURCE 1
| #define __BSD_VISIBLE 1
| #define _DARWIN_C_SOURCE 1
| #define _PYTHONFRAMEWORK ""
| #define _XOPEN_SOURCE 700
| #define _XOPEN_SOURCE_EXTENDED 1
| #define _POSIX_C_SOURCE 200809L
| #define HAVE_STDIO_H 1
| #define HAVE_STDLIB_H 1
| #define HAVE_STRING_H 1
| #define HAVE_INTTYPES_H 1
| #define HAVE_STDINT_H 1
| #define HAVE_STRINGS_H 1
| #define HAVE_SYS_STAT_H 1
| #define HAVE_SYS_TYPES_H 1
| #define HAVE_UNISTD_H 1
| #define HAVE_WCHAR_H 1
| #define STDC_HEADERS 1
| #define _ALL_SOURCE 1
| #define _DARWIN_C_SOURCE 1
| #define _GNU_SOURCE 1
| #define _HPUX_ALT_XOPEN_SOCKET_API 1
| #define _NETBSD_SOURCE 1
| #define _OPENBSD_SOURCE 1
| #define _POSIX_PTHREAD_SEMANTICS 1
| #define __STDC_WANT_IEC_60559_ATTRIBS_EXT__ 1
| #define __STDC_WANT_IEC_60559_BFP_EXT__ 1
| #define __STDC_WANT_IEC_60559_DFP_EXT__ 1
| #define __STDC_WANT_IEC_60559_EXT__ 1
| #define __STDC_WANT_IEC_60559_FUNCS_EXT__ 1
| #define __STDC_WANT_IEC_60559_TYPES_EXT__ 1
| #define __STDC_WANT_LIB_EXT2__ 1
| #define __STDC_WANT_MATH_SPEC_FUNCS__ 1
| #define _TANDEM_SOURCE 1
| #define __EXTENSIONS__ 1
| #define _Py_STACK_GROWS_DOWN 1
| #define PY_SUPPORT_TIER 1
| #define STDC_HEADERS 1
| #define HAVE_ALLOCA_H 1
| #define HAVE_ASM_TYPES_H 1
| #define HAVE_DLFCN_H 1
| #define HAVE_ENDIAN_H 1
| #define HAVE_ERRNO_H 1
| #define HAVE_FCNTL_H 1
| #define HAVE_GRP_H 1
| #define HAVE_LANGINFO_H 1
| #define HAVE_LIBINTL_H 1
| #define HAVE_LINUX_AUXVEC_H 1
| #define HAVE_SYS_AUXV_H 1
| #define HAVE_LINUX_FS_H 1
| #define HAVE_LINUX_LIMITS_H 1
| #define HAVE_LINUX_MEMFD_H 1
| #define HAVE_LINUX_NETFILTER_IPV4_H 1
| #define HAVE_LINUX_RANDOM_H 1
| #define HAVE_LINUX_SOUNDCARD_H 1
| #define HAVE_LINUX_SCHED_H 1
| #define HAVE_LINUX_TIPC_H 1
| #define HAVE_LINUX_WAIT_H 1
| #define HAVE_NETDB_H 1
| #define HAVE_NET_ETHERNET_H 1
| #define HAVE_NETINET_IN_H 1
| #define HAVE_NETPACKET_PACKET_H 1
| #define HAVE_POLL_H 1
| #define HAVE_PTHREAD_H 1
| #define HAVE_PTY_H 1
| #define HAVE_SCHED_H 1
| #define HAVE_SETJMP_H 1
| #define HAVE_SHADOW_H 1
| #define HAVE_SIGNAL_H 1
| #define HAVE_SPAWN_H 1
| #define HAVE_SYS_EPOLL_H 1
| #define HAVE_SYS_EVENTFD_H 1
| #define HAVE_SYS_FILE_H 1
| #define HAVE_SYS_IOCTL_H 1
| #define HAVE_SYS_MMAN_H 1
| #define HAVE_SYS_PARAM_H 1
| #define HAVE_SYS_POLL_H 1
| #define HAVE_SYS_RANDOM_H 1
| #define HAVE_SYS_RESOURCE_H 1
| #define HAVE_SYS_SELECT_H 1
| #define HAVE_SYS_SENDFILE_H 1
| #define HAVE_SYS_SOCKET_H 1
| #define HAVE_SYS_SOUNDCARD_H 1
| #define HAVE_SYS_STAT_H 1
| #define HAVE_SYS_STATVFS_H 1
| #define HAVE_SYS_SYSCALL_H 1
| #define HAVE_SYS_SYSMACROS_H 1
| #define HAVE_SYS_TIME_H 1
| #define HAVE_SYS_TIMES_H 1
| #define HAVE_SYS_TIMERFD_H 1
| #define HAVE_SYS_TYPES_H 1
| #define HAVE_SYS_UIO_H 1
| #define HAVE_SYS_UN_H 1
| #define HAVE_SYS_UTSNAME_H 1
| #define HAVE_SYS_WAIT_H 1
| #define HAVE_SYS_XATTR_H 1
| #define HAVE_SYSEXITS_H 1
| #define HAVE_SYSLOG_H 1
| #define HAVE_TERMIOS_H 1
| #define HAVE_UTIME_H 1
| #define HAVE_UTMP_H 1
| #define HAVE_DIRENT_H 1
| #define MAJOR_IN_SYSMACROS 1
| #define HAVE_NET_IF_H 1
| #define HAVE_LINUX_NETLINK_H 1
| #define HAVE_LINUX_QRTR_H 1
| #define HAVE_LINUX_VM_SOCKETS_H 1
| #define HAVE_LINUX_CAN_H 1
| #define HAVE_LINUX_CAN_BCM_H 1
| #define HAVE_LINUX_CAN_J1939_H 1
| #define HAVE_LINUX_CAN_RAW_H 1
| #define HAVE_CLOCK_T 1
| #define HAVE_MAKEDEV 1
| #define HAVE_HTOLE64 1
| #define _LARGEFILE_SOURCE 1
| #define _FILE_OFFSET_BITS 64
| #if defined(SCO_DS)
| #undef _OFF_T
| #endif
| #define RETSIGTYPE void
| /* end confdefs.h.  */
| #include <stddef.h>
| #ifdef HAVE_STDIO_H
| # include <stdio.h>
| #endif
| #ifdef HAVE_STDLIB_H
| # include <stdlib.h>
| #endif
| #ifdef HAVE_STRING_H
| # include <string.h>
| #endif
| #ifdef HAVE_INTTYPES_H
| # include <inttypes.h>
| #endif
| #ifdef HAVE_STDINT_H
| # include <stdint.h>
| #endif
| #ifdef HAVE_STRINGS_H
| # include <strings.h>
| #endif
| #ifdef HAVE_SYS_TYPES_H
| # include <sys/types.h>
| #endif
| #ifdef HAVE_SYS_STAT_H
| # include <sys/stat.h>
| #endif
| #ifdef HAVE_UNISTD_H
| # include <unistd.h>
| #endif
| int
| main (void)
| {
| if (sizeof ((uid_t)))
| 	    return 0;
|   ;
|   return 0;
| }
configure:12266: result: yes
configure:12277: checking for gid_t
configure:12277: gcc -c   conftest.c >&5
configure:12277: $? = 0
configure:12277: gcc -c   conftest.c >&5
conftest.c: In function 'main':
conftest.c:154:20: error: expected expression before ')' token
  154 | if (sizeof ((gid_t)))
      |                    ^
configure:12277: $? = 1
configure: failed program was:
| /* confdefs.h */
| #define _NETBSD_SOURCE 1
| #define __BSD_VISIBLE 1
| #define _DARWIN_C_SOURCE 1
| #define _PYTHONFRAMEWORK ""
| #define _XOPEN_SOURCE 700
| #define _XOPEN_SOURCE_EXTENDED 1
| #define _POSIX_C_SOURCE 200809L
| #define HAVE_STDIO_H 1
| #define HAVE_STDLIB_H 1
| #define HAVE_STRING_H 1
| #define HAVE_INTTYPES_H 1
| #define HAVE_STDINT_H 1
| #define HAVE_STRINGS_H 1
| #define HAVE_SYS_STAT_H 1
| #define HAVE_SYS_TYPES_H 1
| #define HAVE_UNISTD_H 1
| #define HAVE_WCHAR_H 1
| #define STDC_HEADERS 1
| #define _ALL_SOURCE 1
| #define _DARWIN_C_SOURCE 1
| #define _GNU_SOURCE 1
| #define _HPUX_ALT_XOPEN_SOCKET_API 1
| #define _NETBSD_SOURCE 1
| #define _OPENBSD_SOURCE 1
| #define _POSIX_PTHREAD_SEMANTICS 1
| #define __STDC_WANT_IEC_60559_ATTRIBS_EXT__ 1
| #define __STDC_WANT_IEC_60559_BFP_EXT__ 1
| #define __STDC_WANT_IEC_60559_DFP_EXT__ 1
| #define __STDC_WANT_IEC_60559_EXT__ 1
| #define __STDC_WANT_IEC_60559_FUNCS_EXT__ 1
| #define __STDC_WANT_IEC_60559_TYPES_EXT__ 1
| #define __STDC_WANT_LIB_EXT2__ 1
| #define __STDC_WANT_MATH_SPEC_FUNCS__ 1
| #define _TANDEM_SOURCE 1
| #define __EXTENSIONS__ 1
| #define _Py_STACK_GROWS_DOWN 1
| #define PY_SUPPORT_TIER 1
| #define STDC_HEADERS 1
| #define HAVE_ALLOCA_H 1
| #define HAVE_ASM_TYPES_H 1
| #define HAVE_DLFCN_H 1
| #define HAVE_ENDIAN_H 1
| #define HAVE_ERRNO_H 1
| #define HAVE_FCNTL_H 1
| #define HAVE_GRP_H 1
| #define HAVE_LANGINFO_H 1
| #define HAVE_LIBINTL_H 1
| #define HAVE_LINUX_AUXVEC_H 1
| #define HAVE_SYS_AUXV_H 1
| #define HAVE_LINUX_FS_H 1
| #define HAVE_LINUX_LIMITS_H 1
| #define HAVE_LINUX_MEMFD_H 1
| #define HAVE_LINUX_NETFILTER_IPV4_H 1
| #define HAVE_LINUX_RANDOM_H 1
| #define HAVE_LINUX_SOUNDCARD_H 1
| #define HAVE_LINUX_SCHED_H 1
| #define HAVE_LINUX_TIPC_H 1
| #define HAVE_LINUX_WAIT_H 1
| #define HAVE_NETDB_H 1
| #define HAVE_NET_ETHERNET_H 1
| #define HAVE_NETINET_IN_H 1
| #define HAVE_NETPACKET_PACKET_H 1
| #define HAVE_POLL_H 1
| #define HAVE_PTHREAD_H 1
| #define HAVE_PTY_H 1
| #define HAVE_SCHED_H 1
| #define HAVE_SETJMP_H 1
| #define HAVE_SHADOW_H 1
| #define HAVE_SIGNAL_H 1
| #define HAVE_SPAWN_H 1
| #define HAVE_SYS_EPOLL_H 1
| #define HAVE_SYS_EVENTFD_H 1
| #define HAVE_SYS_FILE_H 1
| #define HAVE_SYS_IOCTL_H 1
| #define HAVE_SYS_MMAN_H 1
| #define HAVE_SYS_PARAM_H 1
| #define HAVE_SYS_POLL_H 1
| #define HAVE_SYS_RANDOM_H 1
| #define HAVE_SYS_RESOURCE_H 1
| #define HAVE_SYS_SELECT_H 1
| #define HAVE_SYS_SENDFILE_H 1
| #define HAVE_SYS_SOCKET_H 1
| #define HAVE_SYS_SOUNDCARD_H 1
| #define HAVE_SYS_STAT_H 1
| #define HAVE_SYS_STATVFS_H 1
| #define HAVE_SYS_SYSCALL_H 1
| #define HAVE_SYS_SYSMACROS_H 1
| #define HAVE_SYS_TIME_H 1
| #define HAVE_SYS_TIMES_H 1
| #define HAVE_SYS_TIMERFD_H 1
| #define HAVE_SYS_TYPES_H 1
| #define HAVE_SYS_UIO_H 1
| #define HAVE_SYS_UN_H 1
| #define HAVE_SYS_UTSNAME_H 1
| #define HAVE_SYS_WAIT_H 1
| #define HAVE_SYS_XATTR_H 1
| #define HAVE_SYSEXITS_H 1
| #define HAVE_SYSLOG_H 1
| #define HAVE_TERMIOS_H 1
| #define HAVE_UTIME_H 1
| #define HAVE_UTMP_H 1
| #define HAVE_DIRENT_H 1
| #define MAJOR_IN_SYSMACROS 1
| #define HAVE_NET_IF_H 1
| #define HAVE_LINUX_NETLINK_H 1
| #define HAVE_LINUX_QRTR_H 1
| #define HAVE_LINUX_VM_SOCKETS_H 1
| #define HAVE_LINUX_CAN_H 1
| #define HAVE_LINUX_CAN_BCM_H 1
| #define HAVE_LINUX_CAN_J1939_H 1
| #define HAVE_LINUX_CAN_RAW_H 1
| #define HAVE_CLOCK_T 1
| #define HAVE_MAKEDEV 1
| #define HAVE_HTOLE64 1
| #define _LARGEFILE_SOURCE 1
| #define _FILE_OFFSET_BITS 64
| #if defined(SCO_DS)
| #undef _OFF_T
| #endif
| #define RETSIGTYPE void
| /* end confdefs.h.  */
| #include <stddef.h>
| #ifdef HAVE_STDIO_H
| # include <stdio.h>
| #endif
| #ifdef HAVE_STDLIB_H
| # include <stdlib.h>
| #endif
| #ifdef HAVE_STRING_H
| # include <string.h>
| #endif
| #ifdef HAVE_INTTYPES_H
| # include <inttypes.h>
| #endif
| #ifdef HAVE_STDINT_H
| # include <stdint.h>
| #endif
| #ifdef HAVE_STRINGS_H
| # include <strings.h>
| #endif
| #ifdef HAVE_SYS_TYPES_H
| # include <sys/types.h>
| #endif
| #ifdef HAVE_SYS_STAT_H
| # include <sys/stat.h>
| #endif
| #ifdef HAVE_UNISTD_H
| # include <unistd.h>
| #endif
| int
| main (void)
| {
| if (sizeof ((gid_t)))
| 	    return 0;
|   ;
|   return 0;
| }
configure:12277: result: yes
configure:12289: checking for ssize_t
configure:12289: gcc -c   conftest.c >&5
configure:12289: $? = 0
configure:12289: gcc -c   conftest.c >&5
conftest.c: In function 'main':
conftest.c:154:22: error: expected expression before ')' token
  154 | if (sizeof ((ssize_t)))
      |                      ^
configure:12289: $? = 1
configure: failed program was:
| /* confdefs.h */
| #define _NETBSD_SOURCE 1
| #define __BSD_VISIBLE 1
| #define _DARWIN_C_SOURCE 1
| #define _PYTHONFRAMEWORK ""
| #define _XOPEN_SOURCE 700
| #define _XOPEN_SOURCE_EXTENDED 1
| #define _POSIX_C_SOURCE 200809L
| #define HAVE_STDIO_H 1
| #define HAVE_STDLIB_H 1
| #define HAVE_STRING_H 1
| #define HAVE_INTTYPES_H 1
| #define HAVE_STDINT_H 1
| #define HAVE_STRINGS_H 1
| #define HAVE_SYS_STAT_H 1
| #define HAVE_SYS_TYPES_H 1
| #define HAVE_UNISTD_H 1
| #define HAVE_WCHAR_H 1
| #define STDC_HEADERS 1
| #define _ALL_SOURCE 1
| #define _DARWIN_C_SOURCE 1
| #define _GNU_SOURCE 1
| #define _HPUX_ALT_XOPEN_SOCKET_API 1
| #define _NETBSD_SOURCE 1
| #define _OPENBSD_SOURCE 1
| #define _POSIX_PTHREAD_SEMANTICS 1
| #define __STDC_WANT_IEC_60559_ATTRIBS_EXT__ 1
| #define __STDC_WANT_IEC_60559_BFP_EXT__ 1
| #define __STDC_WANT_IEC_60559_DFP_EXT__ 1
| #define __STDC_WANT_IEC_60559_EXT__ 1
| #define __STDC_WANT_IEC_60559_FUNCS_EXT__ 1
| #define __STDC_WANT_IEC_60559_TYPES_EXT__ 1
| #define __STDC_WANT_LIB_EXT2__ 1
| #define __STDC_WANT_MATH_SPEC_FUNCS__ 1
| #define _TANDEM_SOURCE 1
| #define __EXTENSIONS__ 1
| #define _Py_STACK_GROWS_DOWN 1
| #define PY_SUPPORT_TIER 1
| #define STDC_HEADERS 1
| #define HAVE_ALLOCA_H 1
| #define HAVE_ASM_TYPES_H 1
| #define HAVE_DLFCN_H 1
| #define HAVE_ENDIAN_H 1
| #define HAVE_ERRNO_H 1
| #define HAVE_FCNTL_H 1
| #define HAVE_GRP_H 1
| #define HAVE_LANGINFO_H 1
| #define HAVE_LIBINTL_H 1
| #define HAVE_LINUX_AUXVEC_H 1
| #define HAVE_SYS_AUXV_H 1
| #define HAVE_LINUX_FS_H 1
| #define HAVE_LINUX_LIMITS_H 1
| #define HAVE_LINUX_MEMFD_H 1
| #define HAVE_LINUX_NETFILTER_IPV4_H 1
| #define HAVE_LINUX_RANDOM_H 1
| #define HAVE_LINUX_SOUNDCARD_H 1
| #define HAVE_LINUX_SCHED_H 1
| #define HAVE_LINUX_TIPC_H 1
| #define HAVE_LINUX_WAIT_H 1
| #define HAVE_NETDB_H 1
| #define HAVE_NET_ETHERNET_H 1
| #define HAVE_NETINET_IN_H 1
| #define HAVE_NETPACKET_PACKET_H 1
| #define HAVE_POLL_H 1
| #define HAVE_PTHREAD_H 1
| #define HAVE_PTY_H 1
| #define HAVE_SCHED_H 1
| #define HAVE_SETJMP_H 1
| #define HAVE_SHADOW_H 1
| #define HAVE_SIGNAL_H 1
| #define HAVE_SPAWN_H 1
| #define HAVE_SYS_EPOLL_H 1
| #define HAVE_SYS_EVENTFD_H 1
| #define HAVE_SYS_FILE_H 1
| #define HAVE_SYS_IOCTL_H 1
| #define HAVE_SYS_MMAN_H 1
| #define HAVE_SYS_PARAM_H 1
| #define HAVE_SYS_POLL_H 1
| #define HAVE_SYS_RANDOM_H 1
| #define HAVE_SYS_RESOURCE_H 1
| #define HAVE_SYS_SELECT_H 1
| #define HAVE_SYS_SENDFILE_H 1
| #define HAVE_SYS_SOCKET_H 1
| #define HAVE_SYS_SOUNDCARD_H 1
| #define HAVE_SYS_STAT_H 1
| #define HAVE_SYS_STATVFS_H 1
| #define HAVE_SYS_SYSCALL_H 1
| #define HAVE_SYS_SYSMACROS_H 1
| #define HAVE_SYS_TIME_H 1
| #define HAVE_SYS_TIMES_H 1
| #define HAVE_SYS_TIMERFD_H 1
| #define HAVE_SYS_TYPES_H 1
| #define HAVE_SYS_UIO_H 1
| #define HAVE_SYS_UN_H 1
| #define HAVE_SYS_UTSNAME_H 1
| #define HAVE_SYS_WAIT_H 1
| #define HAVE_SYS_XATTR_H 1
| #define HAVE_SYSEXITS_H 1
| #define HAVE_SYSLOG_H 1
| #define HAVE_TERMIOS_H 1
| #define HAVE_UTIME_H 1
| #define HAVE_UTMP_H 1
| #define HAVE_DIRENT_H 1
| #define MAJOR_IN_SYSMACROS 1
| #define HAVE_NET_IF_H 1
| #define HAVE_LINUX_NETLINK_H 1
| #define HAVE_LINUX_QRTR_H 1
| #define HAVE_LINUX_VM_SOCKETS_H 1
| #define HAVE_LINUX_CAN_H 1
| #define HAVE_LINUX_CAN_BCM_H 1
| #define HAVE_LINUX_CAN_J1939_H 1
| #define HAVE_LINUX_CAN_RAW_H 1
| #define HAVE_CLOCK_T 1
| #define HAVE_MAKEDEV 1
| #define HAVE_HTOLE64 1
| #define _LARGEFILE_SOURCE 1
| #define _FILE_OFFSET_BITS 64
| #if defined(SCO_DS)
| #undef _OFF_T
| #endif
| #define RETSIGTYPE void
| /* end confdefs.h.  */
| #include <stddef.h>
| #ifdef HAVE_STDIO_H
| # include <stdio.h>
| #endif
| #ifdef HAVE_STDLIB_H
| # include <stdlib.h>
| #endif
| #ifdef HAVE_STRING_H
| # include <string.h>
| #endif
| #ifdef HAVE_INTTYPES_H
| # include <inttypes.h>
| #endif
| #ifdef HAVE_STDINT_H
| # include <stdint.h>
| #endif
| #ifdef HAVE_STRINGS_H
| # include <strings.h>
| #endif
| #ifdef HAVE_SYS_TYPES_H
| # include <sys/types.h>
| #endif
| #ifdef HAVE_SYS_STAT_H
| # include <sys/stat.h>
| #endif
| #ifdef HAVE_UNISTD_H
| # include <unistd.h>
| #endif
| int
| main (void)
| {
| if (sizeof ((ssize_t)))
| 	    return 0;
|   ;
|   return 0;
| }
configure:12289: result: yes
configure:12298: checking for __uint128_t
configure:12298: gcc -c   conftest.c >&5
configure:12298: $? = 0
configure:12298: gcc -c   conftest.c >&5
conftest.c: In function 'main':
conftest.c:155:26: error: expected expression before ')' token
  155 | if (sizeof ((__uint128_t)))
      |                          ^
configure:12298: $? = 1
configure: failed program was:
| /* confdefs.h */
| #define _NETBSD_SOURCE 1
| #define __BSD_VISIBLE 1
| #define _DARWIN_C_SOURCE 1
| #define _PYTHONFRAMEWORK ""
| #define _XOPEN_SOURCE 700
| #define _XOPEN_SOURCE_EXTENDED 1
| #define _POSIX_C_SOURCE 200809L
| #define HAVE_STDIO_H 1
| #define HAVE_STDLIB_H 1
| #define HAVE_STRING_H 1
| #define HAVE_INTTYPES_H 1
| #define HAVE_STDINT_H 1
| #define HAVE_STRINGS_H 1
| #define HAVE_SYS_STAT_H 1
| #define HAVE_SYS_TYPES_H 1
| #define HAVE_UNISTD_H 1
| #define HAVE_WCHAR_H 1
| #define STDC_HEADERS 1
| #define _ALL_SOURCE 1
| #define _DARWIN_C_SOURCE 1
| #define _GNU_SOURCE 1
| #define _HPUX_ALT_XOPEN_SOCKET_API 1
| #define _NETBSD_SOURCE 1
| #define _OPENBSD_SOURCE 1
| #define _POSIX_PTHREAD_SEMANTICS 1
| #define __STDC_WANT_IEC_60559_ATTRIBS_EXT__ 1
| #define __STDC_WANT_IEC_60559_BFP_EXT__ 1
| #define __STDC_WANT_IEC_60559_DFP_EXT__ 1
| #define __STDC_WANT_IEC_60559_EXT__ 1
| #define __STDC_WANT_IEC_60559_FUNCS_EXT__ 1
| #define __STDC_WANT_IEC_60559_TYPES_EXT__ 1
| #define __STDC_WANT_LIB_EXT2__ 1
| #define __STDC_WANT_MATH_SPEC_FUNCS__ 1
| #define _TANDEM_SOURCE 1
| #define __EXTENSIONS__ 1
| #define _Py_STACK_GROWS_DOWN 1
| #define PY_SUPPORT_TIER 1
| #define STDC_HEADERS 1
| #define HAVE_ALLOCA_H 1
| #define HAVE_ASM_TYPES_H 1
| #define HAVE_DLFCN_H 1
| #define HAVE_ENDIAN_H 1
| #define HAVE_ERRNO_H 1
| #define HAVE_FCNTL_H 1
| #define HAVE_GRP_H 1
| #define HAVE_LANGINFO_H 1
| #define HAVE_LIBINTL_H 1
| #define HAVE_LINUX_AUXVEC_H 1
| #define HAVE_SYS_AUXV_H 1
| #define HAVE_LINUX_FS_H 1
| #define HAVE_LINUX_LIMITS_H 1
| #define HAVE_LINUX_MEMFD_H 1
| #define HAVE_LINUX_NETFILTER_IPV4_H 1
| #define HAVE_LINUX_RANDOM_H 1
| #define HAVE_LINUX_SOUNDCARD_H 1
| #define HAVE_LINUX_SCHED_H 1
| #define HAVE_LINUX_TIPC_H 1
| #define HAVE_LINUX_WAIT_H 1
| #define HAVE_NETDB_H 1
| #define HAVE_NET_ETHERNET_H 1
| #define HAVE_NETINET_IN_H 1
| #define HAVE_NETPACKET_PACKET_H 1
| #define HAVE_POLL_H 1
| #define HAVE_PTHREAD_H 1
| #define HAVE_PTY_H 1
| #define HAVE_SCHED_H 1
| #define HAVE_SETJMP_H 1
| #define HAVE_SHADOW_H 1
| #define HAVE_SIGNAL_H 1
| #define HAVE_SPAWN_H 1
| #define HAVE_SYS_EPOLL_H 1
| #define HAVE_SYS_EVENTFD_H 1
| #define HAVE_SYS_FILE_H 1
| #define HAVE_SYS_IOCTL_H 1
| #define HAVE_SYS_MMAN_H 1
| #define HAVE_SYS_PARAM_H 1
| #define HAVE_SYS_POLL_H 1
| #define HAVE_SYS_RANDOM_H 1
| #define HAVE_SYS_RESOURCE_H 1
| #define HAVE_SYS_SELECT_H 1
| #define HAVE_SYS_SENDFILE_H 1
| #define HAVE_SYS_SOCKET_H 1
| #define HAVE_SYS_SOUNDCARD_H 1
| #define HAVE_SYS_STAT_H 1
| #define HAVE_SYS_STATVFS_H 1
| #define HAVE_SYS_SYSCALL_H 1
| #define HAVE_SYS_SYSMACROS_H 1
| #define HAVE_SYS_TIME_H 1
| #define HAVE_SYS_TIMES_H 1
| #define HAVE_SYS_TIMERFD_H 1
| #define HAVE_SYS_TYPES_H 1
| #define HAVE_SYS_UIO_H 1
| #define HAVE_SYS_UN_H 1
| #define HAVE_SYS_UTSNAME_H 1
| #define HAVE_SYS_WAIT_H 1
| #define HAVE_SYS_XATTR_H 1
| #define HAVE_SYSEXITS_H 1
| #define HAVE_SYSLOG_H 1
| #define HAVE_TERMIOS_H 1
| #define HAVE_UTIME_H 1
| #define HAVE_UTMP_H 1
| #define HAVE_DIRENT_H 1
| #define MAJOR_IN_SYSMACROS 1
| #define HAVE_NET_IF_H 1
| #define HAVE_LINUX_NETLINK_H 1
| #define HAVE_LINUX_QRTR_H 1
| #define HAVE_LINUX_VM_SOCKETS_H 1
| #define HAVE_LINUX_CAN_H 1
| #define HAVE_LINUX_CAN_BCM_H 1
| #define HAVE_LINUX_CAN_J1939_H 1
| #define HAVE_LINUX_CAN_RAW_H 1
| #define HAVE_CLOCK_T 1
| #define HAVE_MAKEDEV 1
| #define HAVE_HTOLE64 1
| #define _LARGEFILE_SOURCE 1
| #define _FILE_OFFSET_BITS 64
| #if defined(SCO_DS)
| #undef _OFF_T
| #endif
| #define RETSIGTYPE void
| #define HAVE_SSIZE_T 1
| /* end confdefs.h.  */
| #include <stddef.h>
| #ifdef HAVE_STDIO_H
| # include <stdio.h>
| #endif
| #ifdef HAVE_STDLIB_H
| # include <stdlib.h>
| #endif
| #ifdef HAVE_STRING_H
| # include <string.h>
| #endif
| #ifdef HAVE_INTTYPES_H
| # include <inttypes.h>
| #endif
| #ifdef HAVE_STDINT_H
| # include <stdint.h>
| #endif
| #ifdef HAVE_STRINGS_H
| # include <strings.h>
| #endif
| #ifdef HAVE_SYS_TYPES_H
| # include <sys/types.h>
| #endif
| #ifdef HAVE_SYS_STAT_H
| # include <sys/stat.h>
| #endif
| #ifdef HAVE_UNISTD_H
| # include <unistd.h>
| #endif
| int
| main (void)
| {
| if (sizeof ((__uint128_t)))
| 	    return 0;
|   ;
|   return 0;
| }
configure:12298: result: yes
configure:12316: checking size of int
configure:12322: gcc -o conftest    conftest.c  >&5
configure:12322: $? = 0
configure:12322: ./conftest
configure:12322: $? = 0
configure:12339: result: 4
configure:12351: checking size of long
configure:12357: gcc -o conftest    conftest.c  >&5
configure:12357: $? = 0
configure:12357: ./conftest
configure:12357: $? = 0
configure:12374: result: 8
configure:12384: checking alignment of long
configure:12390: gcc -o conftest    conftest.c  >&5
configure:12390: $? = 0
configure:12390: ./conftest
configure:12390: $? = 0
configure:12408: result: 8
configure:12420: checking size of long long
configure:12426: gcc -o conftest    conftest.c  >&5
configure:12426: $? = 0
configure:12426: ./conftest
configure:12426: $? = 0
configure:12443: result: 8
configure:12455: checking size of void *
configure:12461: gcc -o conftest    conftest.c  >&5
configure:12461: $? = 0
configure:12461: ./conftest
configure:12461: $? = 0
configure:12478: result: 8
configure:12490: checking size of short
configure:12496: gcc -o conftest    conftest.c  >&5
configure:12496: $? = 0
configure:12496: ./conftest
configure:12496: $? = 0
configure:12513: result: 2
configure:12525: checking size of float
configure:12531: gcc -o conftest    conftest.c  >&5
configure:12531: $? = 0
configure:12531: ./conftest
configure:12531: $? = 0
configure:12548: result: 4
configure:12560: checking size of double
configure:12566: gcc -o conftest    conftest.c  >&5
configure:12566: $? = 0
configure:12566: ./conftest
configure:12566: $? = 0
configure:12583: result: 8
configure:12595: checking size of fpos_t
configure:12601: gcc -o conftest    conftest.c  >&5
configure:12601: $? = 0
configure:12601: ./conftest
configure:12601: $? = 0
configure:12618: result: 16
configure:12630: checking size of size_t
configure:12636: gcc -o conftest    conftest.c  >&5
configure:12636: $? = 0
configure:12636: ./conftest
configure:12636: $? = 0
configure:12653: result: 8
configure:12663: checking alignment of size_t
configure:12669: gcc -o conftest    conftest.c  >&5
configure:12669: $? = 0
configure:12669: ./conftest
configure:12669: $? = 0
configure:12687: result: 8
configure:12699: checking size of pid_t
configure:12705: gcc -o conftest    conftest.c  >&5
configure:12705: $? = 0
configure:12705: ./conftest
configure:12705: $? = 0
configure:12722: result: 4
configure:12734: checking size of uintptr_t
configure:12740: gcc -o conftest    conftest.c  >&5
configure:12740: $? = 0
configure:12740: ./conftest
configure:12740: $? = 0
configure:12757: result: 8
configure:12767: checking alignment of max_align_t
configure:12773: gcc -o conftest    conftest.c  >&5
configure:12773: $? = 0
configure:12773: ./conftest
configure:12773: $? = 0
configure:12791: result: 16
configure:12801: checking for long double
configure:12838: result: yes
configure:12850: checking size of long double
configure:12856: gcc -o conftest    conftest.c  >&5
configure:12856: $? = 0
configure:12856: ./conftest
configure:12856: $? = 0
configure:12873: result: 16
configure:12886: checking size of _Bool
configure:12892: gcc -o conftest    conftest.c  >&5
configure:12892: $? = 0
configure:12892: ./conftest
configure:12892: $? = 0
configure:12909: result: 1
configure:12922: checking size of off_t
configure:12928: gcc -o conftest    conftest.c  >&5
configure:12928: $? = 0
configure:12928: ./conftest
configure:12928: $? = 0
configure:12950: result: 8
configure:12959: checking whether to enable large file support
configure:12978: result: no
configure:12988: checking size of time_t
configure:12994: gcc -o conftest    conftest.c  >&5
configure:12994: $? = 0
configure:12994: ./conftest
configure:12994: $? = 0
configure:13019: result: 8
configure:13038: checking for pthread_t
configure:13058: gcc -pthread -c   conftest.c >&5
configure:13058: $? = 0
configure:13069: result: yes
configure:13078: checking size of pthread_t
configure:13084: gcc -pthread -o conftest    conftest.c  >&5
configure:13084: $? = 0
configure:13084: ./conftest
configure:13084: $? = 0
configure:13106: result: 8
configure:13123: checking size of pthread_key_t
configure:13129: gcc -pthread -o conftest    conftest.c  >&5
configure:13129: $? = 0
configure:13129: ./conftest
configure:13129: $? = 0
configure:13147: result: 4
configure:13155: checking whether pthread_key_t is compatible with int
configure:13174: gcc -pthread -c   conftest.c >&5
configure:13174: $? = 0
configure:13189: result: yes
configure:13202: checking for --enable-framework
configure:13219: result: no
configure:13228: checking for --with-dsymutil
configure:13247: result: no
configure:13306: checking for dyld
configure:13317: result: no
configure:13322: checking for --with-address-sanitizer
configure:13337: result: no
configure:13343: checking for --with-memory-sanitizer
configure:13400: result: no
configure:13406: checking for --with-undefined-behavior-sanitizer
configure:13421: result: no
configure:13429: checking for --with-thread-sanitizer
configure:13444: result: no
configure:13462: checking the extension of shared libraries
configure:13476: result: .so
configure:13483: checking LDSHARED
configure:13621: result: $(CC) -shared
configure:13625: checking BLDSHARED flags
configure:13628: result: $(CC) -shared
configure:13633: checking CCSHARED
configure:13672: result: -fPIC
configure:13676: checking LINKFORSHARED
configure:13747: result: -Xlinker -export-dynamic
configure:13752: checking CFLAGSFORSHARED
configure:13773: result: 
configure:13785: checking SHLIBS
configure:13791: result: $(LIBS)
configure:13794: checking perf trampoline
configure:13805: result: yes
configure:13827: checking for sendfile in -lsendfile
configure:13856: gcc -o conftest    conftest.c -lsendfile   >&5
/usr/bin/ld: cannot find -lsendfile
collect2: error: ld returned 1 exit status
configure:13856: $? = 1
configure: failed program was:
| /* confdefs.h */
| #define _NETBSD_SOURCE 1
| #define __BSD_VISIBLE 1
| #define _DARWIN_C_SOURCE 1
| #define _PYTHONFRAMEWORK ""
| #define _XOPEN_SOURCE 700
| #define _XOPEN_SOURCE_EXTENDED 1
| #define _POSIX_C_SOURCE 200809L
| #define HAVE_STDIO_H 1
| #define HAVE_STDLIB_H 1
| #define HAVE_STRING_H 1
| #define HAVE_INTTYPES_H 1
| #define HAVE_STDINT_H 1
| #define HAVE_STRINGS_H 1
| #define HAVE_SYS_STAT_H 1
| #define HAVE_SYS_TYPES_H 1
| #define HAVE_UNISTD_H 1
| #define HAVE_WCHAR_H 1
| #define STDC_HEADERS 1
| #define _ALL_SOURCE 1
| #define _DARWIN_C_SOURCE 1
| #define _GNU_SOURCE 1
| #define _HPUX_ALT_XOPEN_SOCKET_API 1
| #define _NETBSD_SOURCE 1
| #define _OPENBSD_SOURCE 1
| #define _POSIX_PTHREAD_SEMANTICS 1
| #define __STDC_WANT_IEC_60559_ATTRIBS_EXT__ 1
| #define __STDC_WANT_IEC_60559_BFP_EXT__ 1
| #define __STDC_WANT_IEC_60559_DFP_EXT__ 1
| #define __STDC_WANT_IEC_60559_EXT__ 1
| #define __STDC_WANT_IEC_60559_FUNCS_EXT__ 1
| #define __STDC_WANT_IEC_60559_TYPES_EXT__ 1
| #define __STDC_WANT_LIB_EXT2__ 1
| #define __STDC_WANT_MATH_SPEC_FUNCS__ 1
| #define _TANDEM_SOURCE 1
| #define __EXTENSIONS__ 1
| #define _Py_STACK_GROWS_DOWN 1
| #define PY_SUPPORT_TIER 1
| #define STDC_HEADERS 1
| #define HAVE_ALLOCA_H 1
| #define HAVE_ASM_TYPES_H 1
| #define HAVE_DLFCN_H 1
| #define HAVE_ENDIAN_H 1
| #define HAVE_ERRNO_H 1
| #define HAVE_FCNTL_H 1
| #define HAVE_GRP_H 1
| #define HAVE_LANGINFO_H 1
| #define HAVE_LIBINTL_H 1
| #define HAVE_LINUX_AUXVEC_H 1
| #define HAVE_SYS_AUXV_H 1
| #define HAVE_LINUX_FS_H 1
| #define HAVE_LINUX_LIMITS_H 1
| #define HAVE_LINUX_MEMFD_H 1
| #define HAVE_LINUX_NETFILTER_IPV4_H 1
| #define HAVE_LINUX_RANDOM_H 1
| #define HAVE_LINUX_SOUNDCARD_H 1
| #define HAVE_LINUX_SCHED_H 1
| #define HAVE_LINUX_TIPC_H 1
| #define HAVE_LINUX_WAIT_H 1
| #define HAVE_NETDB_H 1
| #define HAVE_NET_ETHERNET_H 1
| #define HAVE_NETINET_IN_H 1
| #define HAVE_NETPACKET_PACKET_H 1
| #define HAVE_POLL_H 1
| #define HAVE_PTHREAD_H 1
| #define HAVE_PTY_H 1
| #define HAVE_SCHED_H 1
| #define HAVE_SETJMP_H 1
| #define HAVE_SHADOW_H 1
| #define HAVE_SIGNAL_H 1
| #define HAVE_SPAWN_H 1
| #define HAVE_SYS_EPOLL_H 1
| #define HAVE_SYS_EVENTFD_H 1
| #define HAVE_SYS_FILE_H 1
| #define HAVE_SYS_IOCTL_H 1
| #define HAVE_SYS_MMAN_H 1
| #define HAVE_SYS_PARAM_H 1
| #define HAVE_SYS_POLL_H 1
| #define HAVE_SYS_RANDOM_H 1
| #define HAVE_SYS_RESOURCE_H 1
| #define HAVE_SYS_SELECT_H 1
| #define HAVE_SYS_SENDFILE_H 1
| #define HAVE_SYS_SOCKET_H 1
| #define HAVE_SYS_SOUNDCARD_H 1
| #define HAVE_SYS_STAT_H 1
| #define HAVE_SYS_STATVFS_H 1
| #define HAVE_SYS_SYSCALL_H 1
| #define HAVE_SYS_SYSMACROS_H 1
| #define HAVE_SYS_TIME_H 1
| #define HAVE_SYS_TIMES_H 1
| #define HAVE_SYS_TIMERFD_H 1
| #define HAVE_SYS_TYPES_H 1
| #define HAVE_SYS_UIO_H 1
| #define HAVE_SYS_UN_H 1
| #define HAVE_SYS_UTSNAME_H 1
| #define HAVE_SYS_WAIT_H 1
| #define HAVE_SYS_XATTR_H 1
| #define HAVE_SYSEXITS_H 1
| #define HAVE_SYSLOG_H 1
| #define HAVE_TERMIOS_H 1
| #define HAVE_UTIME_H 1
| #define HAVE_UTMP_H 1
| #define HAVE_DIRENT_H 1
| #define MAJOR_IN_SYSMACROS 1
| #define HAVE_NET_IF_H 1
| #define HAVE_LINUX_NETLINK_H 1
| #define HAVE_LINUX_QRTR_H 1
| #define HAVE_LINUX_VM_SOCKETS_H 1
| #define HAVE_LINUX_CAN_H 1
| #define HAVE_LINUX_CAN_BCM_H 1
| #define HAVE_LINUX_CAN_J1939_H 1
| #define HAVE_LINUX_CAN_RAW_H 1
| #define HAVE_CLOCK_T 1
| #define HAVE_MAKEDEV 1
| #define HAVE_HTOLE64 1
| #define _LARGEFILE_SOURCE 1
| #define _FILE_OFFSET_BITS 64
| #if defined(SCO_DS)
| #undef _OFF_T
| #endif
| #define RETSIGTYPE void
| #define HAVE_SSIZE_T 1
| #define HAVE___UINT128_T 1
| #define HAVE_GCC_UINT128_T 1
| #define SIZEOF_INT 4
| #define SIZEOF_LONG 8
| #define ALIGNOF_LONG 8
| #define SIZEOF_LONG_LONG 8
| #define SIZEOF_VOID_P 8
| #define SIZEOF_SHORT 2
| #define SIZEOF_FLOAT 4
| #define SIZEOF_DOUBLE 8
| #define SIZEOF_FPOS_T 16
| #define SIZEOF_SIZE_T 8
| #define ALIGNOF_SIZE_T 8
| #define SIZEOF_PID_T 4
| #define SIZEOF_UINTPTR_T 8
| #define ALIGNOF_MAX_ALIGN_T 16
| #define HAVE_LONG_DOUBLE 1
| #define SIZEOF_LONG_DOUBLE 16
| #define SIZEOF__BOOL 1
| #define SIZEOF_OFF_T 8
| #define SIZEOF_TIME_T 8
| #define SIZEOF_PTHREAD_T 8
| #define SIZEOF_PTHREAD_KEY_T 4
| #define PTHREAD_KEY_T_IS_COMPATIBLE_WITH_INT 1
| #define PY_HAVE_PERF_TRAMPOLINE 1
| /* end confdefs.h.  */
| 
| /* Override any GCC internal prototype to avoid an error.
|    Use char because int might match the return type of a GCC
|    builtin and then its argument prototype would still apply.
|    The 'extern "C"' is for builds by C++ compilers;
|    although this is not generally supported in C code supporting it here
|    has little cost and some practical benefit (sr 110532).  */
| #ifdef __cplusplus
| extern "C"
| #endif
| char sendfile (void);
| int
| main (void)
| {
| return sendfile ();
|   ;
|   return 0;
| }
configure:13868: result: no
configure:13878: checking for dlopen in -ldl
configure:13907: gcc -o conftest    conftest.c -ldl   >&5
configure:13907: $? = 0
configure:13919: result: yes
configure:13929: checking for shl_load in -ldld
configure:13958: gcc -o conftest    conftest.c -ldld  -ldl  >&5
/usr/bin/ld: cannot find -ldld
collect2: error: ld returned 1 exit status
configure:13958: $? = 1
configure: failed program was:
| /* confdefs.h */
| #define _NETBSD_SOURCE 1
| #define __BSD_VISIBLE 1
| #define _DARWIN_C_SOURCE 1
| #define _PYTHONFRAMEWORK ""
| #define _XOPEN_SOURCE 700
| #define _XOPEN_SOURCE_EXTENDED 1
| #define _POSIX_C_SOURCE 200809L
| #define HAVE_STDIO_H 1
| #define HAVE_STDLIB_H 1
| #define HAVE_STRING_H 1
| #define HAVE_INTTYPES_H 1
| #define HAVE_STDINT_H 1
| #define HAVE_STRINGS_H 1
| #define HAVE_SYS_STAT_H 1
| #define HAVE_SYS_TYPES_H 1
| #define HAVE_UNISTD_H 1
| #define HAVE_WCHAR_H 1
| #define STDC_HEADERS 1
| #define _ALL_SOURCE 1
| #define _DARWIN_C_SOURCE 1
| #define _GNU_SOURCE 1
| #define _HPUX_ALT_XOPEN_SOCKET_API 1
| #define _NETBSD_SOURCE 1
| #define _OPENBSD_SOURCE 1
| #define _POSIX_PTHREAD_SEMANTICS 1
| #define __STDC_WANT_IEC_60559_ATTRIBS_EXT__ 1
| #define __STDC_WANT_IEC_60559_BFP_EXT__ 1
| #define __STDC_WANT_IEC_60559_DFP_EXT__ 1
| #define __STDC_WANT_IEC_60559_EXT__ 1
| #define __STDC_WANT_IEC_60559_FUNCS_EXT__ 1
| #define __STDC_WANT_IEC_60559_TYPES_EXT__ 1
| #define __STDC_WANT_LIB_EXT2__ 1
| #define __STDC_WANT_MATH_SPEC_FUNCS__ 1
| #define _TANDEM_SOURCE 1
| #define __EXTENSIONS__ 1
| #define _Py_STACK_GROWS_DOWN 1
| #define PY_SUPPORT_TIER 1
| #define STDC_HEADERS 1
| #define HAVE_ALLOCA_H 1
| #define HAVE_ASM_TYPES_H 1
| #define HAVE_DLFCN_H 1
| #define HAVE_ENDIAN_H 1
| #define HAVE_ERRNO_H 1
| #define HAVE_FCNTL_H 1
| #define HAVE_GRP_H 1
| #define HAVE_LANGINFO_H 1
| #define HAVE_LIBINTL_H 1
| #define HAVE_LINUX_AUXVEC_H 1
| #define HAVE_SYS_AUXV_H 1
| #define HAVE_LINUX_FS_H 1
| #define HAVE_LINUX_LIMITS_H 1
| #define HAVE_LINUX_MEMFD_H 1
| #define HAVE_LINUX_NETFILTER_IPV4_H 1
| #define HAVE_LINUX_RANDOM_H 1
| #define HAVE_LINUX_SOUNDCARD_H 1
| #define HAVE_LINUX_SCHED_H 1
| #define HAVE_LINUX_TIPC_H 1
| #define HAVE_LINUX_WAIT_H 1
| #define HAVE_NETDB_H 1
| #define HAVE_NET_ETHERNET_H 1
| #define HAVE_NETINET_IN_H 1
| #define HAVE_NETPACKET_PACKET_H 1
| #define HAVE_POLL_H 1
| #define HAVE_PTHREAD_H 1
| #define HAVE_PTY_H 1
| #define HAVE_SCHED_H 1
| #define HAVE_SETJMP_H 1
| #define HAVE_SHADOW_H 1
| #define HAVE_SIGNAL_H 1
| #define HAVE_SPAWN_H 1
| #define HAVE_SYS_EPOLL_H 1
| #define HAVE_SYS_EVENTFD_H 1
| #define HAVE_SYS_FILE_H 1
| #define HAVE_SYS_IOCTL_H 1
| #define HAVE_SYS_MMAN_H 1
| #define HAVE_SYS_PARAM_H 1
| #define HAVE_SYS_POLL_H 1
| #define HAVE_SYS_RANDOM_H 1
| #define HAVE_SYS_RESOURCE_H 1
| #define HAVE_SYS_SELECT_H 1
| #define HAVE_SYS_SENDFILE_H 1
| #define HAVE_SYS_SOCKET_H 1
| #define HAVE_SYS_SOUNDCARD_H 1
| #define HAVE_SYS_STAT_H 1
| #define HAVE_SYS_STATVFS_H 1
| #define HAVE_SYS_SYSCALL_H 1
| #define HAVE_SYS_SYSMACROS_H 1
| #define HAVE_SYS_TIME_H 1
| #define HAVE_SYS_TIMES_H 1
| #define HAVE_SYS_TIMERFD_H 1
| #define HAVE_SYS_TYPES_H 1
| #define HAVE_SYS_UIO_H 1
| #define HAVE_SYS_UN_H 1
| #define HAVE_SYS_UTSNAME_H 1
| #define HAVE_SYS_WAIT_H 1
| #define HAVE_SYS_XATTR_H 1
| #define HAVE_SYSEXITS_H 1
| #define HAVE_SYSLOG_H 1
| #define HAVE_TERMIOS_H 1
| #define HAVE_UTIME_H 1
| #define HAVE_UTMP_H 1
| #define HAVE_DIRENT_H 1
| #define MAJOR_IN_SYSMACROS 1
| #define HAVE_NET_IF_H 1
| #define HAVE_LINUX_NETLINK_H 1
| #define HAVE_LINUX_QRTR_H 1
| #define HAVE_LINUX_VM_SOCKETS_H 1
| #define HAVE_LINUX_CAN_H 1
| #define HAVE_LINUX_CAN_BCM_H 1
| #define HAVE_LINUX_CAN_J1939_H 1
| #define HAVE_LINUX_CAN_RAW_H 1
| #define HAVE_CLOCK_T 1
| #define HAVE_MAKEDEV 1
| #define HAVE_HTOLE64 1
| #define _LARGEFILE_SOURCE 1
| #define _FILE_OFFSET_BITS 64
| #if defined(SCO_DS)
| #undef _OFF_T
| #endif
| #define RETSIGTYPE void
| #define HAVE_SSIZE_T 1
| #define HAVE___UINT128_T 1
| #define HAVE_GCC_UINT128_T 1
| #define SIZEOF_INT 4
| #define SIZEOF_LONG 8
| #define ALIGNOF_LONG 8
| #define SIZEOF_LONG_LONG 8
| #define SIZEOF_VOID_P 8
| #define SIZEOF_SHORT 2
| #define SIZEOF_FLOAT 4
| #define SIZEOF_DOUBLE 8
| #define SIZEOF_FPOS_T 16
| #define SIZEOF_SIZE_T 8
| #define ALIGNOF_SIZE_T 8
| #define SIZEOF_PID_T 4
| #define SIZEOF_UINTPTR_T 8
| #define ALIGNOF_MAX_ALIGN_T 16
| #define HAVE_LONG_DOUBLE 1
| #define SIZEOF_LONG_DOUBLE 16
| #define SIZEOF__BOOL 1
| #define SIZEOF_OFF_T 8
| #define SIZEOF_TIME_T 8
| #define SIZEOF_PTHREAD_T 8
| #define SIZEOF_PTHREAD_KEY_T 4
| #define PTHREAD_KEY_T_IS_COMPATIBLE_WITH_INT 1
| #define PY_HAVE_PERF_TRAMPOLINE 1
| #define HAVE_LIBDL 1
| /* end confdefs.h.  */
| 
| /* Override any GCC internal prototype to avoid an error.
|    Use char because int might match the return type of a GCC
|    builtin and then its argument prototype would still apply.
|    The 'extern "C"' is for builds by C++ compilers;
|    although this is not generally supported in C code supporting it here
|    has little cost and some practical benefit (sr 110532).  */
| #ifdef __cplusplus
| extern "C"
| #endif
| char shl_load (void);
| int
| main (void)
| {
| return shl_load ();
|   ;
|   return 0;
| }
configure:13970: result: no
configure:13985: checking for execinfo.h
configure:13985: gcc -c   conftest.c >&5
configure:13985: $? = 0
configure:13985: result: yes
configure:13996: checking for backtrace
configure:13996: gcc -o conftest    conftest.c -ldl  >&5
configure:13996: $? = 0
configure:13996: result: yes
configure:13996: checking for dladdr1
configure:13996: gcc -o conftest    conftest.c -ldl  >&5
configure:13996: $? = 0
configure:13996: result: yes
configure:13985: checking for link.h
configure:13985: gcc -c   conftest.c >&5
configure:13985: $? = 0
configure:13985: result: yes
configure:13996: checking for backtrace
configure:13996: result: yes
configure:13996: checking for dladdr1
configure:13996: result: yes
configure:13985: checking for dlfcn.h
configure:13985: result: yes
configure:13996: checking for backtrace
configure:13996: result: yes
configure:13996: checking for dladdr1
configure:13996: result: yes
configure:14038: checking for uuid.h
configure:14038: gcc -c   conftest.c >&5
conftest.c:187:10: fatal error: uuid.h: No such file or directory
  187 | #include <uuid.h>
      |          ^~~~~~~~
compilation terminated.
configure:14038: $? = 1
configure: failed program was:
| /* confdefs.h */
| #define _NETBSD_SOURCE 1
| #define __BSD_VISIBLE 1
| #define _DARWIN_C_SOURCE 1
| #define _PYTHONFRAMEWORK ""
| #define _XOPEN_SOURCE 700
| #define _XOPEN_SOURCE_EXTENDED 1
| #define _POSIX_C_SOURCE 200809L
| #define HAVE_STDIO_H 1
| #define HAVE_STDLIB_H 1
| #define HAVE_STRING_H 1
| #define HAVE_INTTYPES_H 1
| #define HAVE_STDINT_H 1
| #define HAVE_STRINGS_H 1
| #define HAVE_SYS_STAT_H 1
| #define HAVE_SYS_TYPES_H 1
| #define HAVE_UNISTD_H 1
| #define HAVE_WCHAR_H 1
| #define STDC_HEADERS 1
| #define _ALL_SOURCE 1
| #define _DARWIN_C_SOURCE 1
| #define _GNU_SOURCE 1
| #define _HPUX_ALT_XOPEN_SOCKET_API 1
| #define _NETBSD_SOURCE 1
| #define _OPENBSD_SOURCE 1
| #define _POSIX_PTHREAD_SEMANTICS 1
| #define __STDC_WANT_IEC_60559_ATTRIBS_EXT__ 1
| #define __STDC_WANT_IEC_60559_BFP_EXT__ 1
| #define __STDC_WANT_IEC_60559_DFP_EXT__ 1
| #define __STDC_WANT_IEC_60559_EXT__ 1
| #define __STDC_WANT_IEC_60559_FUNCS_EXT__ 1
| #define __STDC_WANT_IEC_60559_TYPES_EXT__ 1
| #define __STDC_WANT_LIB_EXT2__ 1
| #define __STDC_WANT_MATH_SPEC_FUNCS__ 1
| #define _TANDEM_SOURCE 1
| #define __EXTENSIONS__ 1
| #define _Py_STACK_GROWS_DOWN 1
| #define PY_SUPPORT_TIER 1
| #define STDC_HEADERS 1
| #define HAVE_ALLOCA_H 1
| #define HAVE_ASM_TYPES_H 1
| #define HAVE_DLFCN_H 1
| #define HAVE_ENDIAN_H 1
| #define HAVE_ERRNO_H 1
| #define HAVE_FCNTL_H 1
| #define HAVE_GRP_H 1
| #define HAVE_LANGINFO_H 1
| #define HAVE_LIBINTL_H 1
| #define HAVE_LINUX_AUXVEC_H 1
| #define HAVE_SYS_AUXV_H 1
| #define HAVE_LINUX_FS_H 1
| #define HAVE_LINUX_LIMITS_H 1
| #define HAVE_LINUX_MEMFD_H 1
| #define HAVE_LINUX_NETFILTER_IPV4_H 1
| #define HAVE_LINUX_RANDOM_H 1
| #define HAVE_LINUX_SOUNDCARD_H 1
| #define HAVE_LINUX_SCHED_H 1
| #define HAVE_LINUX_TIPC_H 1
| #define HAVE_LINUX_WAIT_H 1
| #define HAVE_NETDB_H 1
| #define HAVE_NET_ETHERNET_H 1
| #define HAVE_NETINET_IN_H 1
| #define HAVE_NETPACKET_PACKET_H 1
| #define HAVE_POLL_H 1
| #define HAVE_PTHREAD_H 1
| #define HAVE_PTY_H 1
| #define HAVE_SCHED_H 1
| #define HAVE_SETJMP_H 1
| #define HAVE_SHADOW_H 1
| #define HAVE_SIGNAL_H 1
| #define HAVE_SPAWN_H 1
| #define HAVE_SYS_EPOLL_H 1
| #define HAVE_SYS_EVENTFD_H 1
| #define HAVE_SYS_FILE_H 1
| #define HAVE_SYS_IOCTL_H 1
| #define HAVE_SYS_MMAN_H 1
| #define HAVE_SYS_PARAM_H 1
| #define HAVE_SYS_POLL_H 1
| #define HAVE_SYS_RANDOM_H 1
| #define HAVE_SYS_RESOURCE_H 1
| #define HAVE_SYS_SELECT_H 1
| #define HAVE_SYS_SENDFILE_H 1
| #define HAVE_SYS_SOCKET_H 1
| #define HAVE_SYS_SOUNDCARD_H 1
| #define HAVE_SYS_STAT_H 1
| #define HAVE_SYS_STATVFS_H 1
| #define HAVE_SYS_SYSCALL_H 1
| #define HAVE_SYS_SYSMACROS_H 1
| #define HAVE_SYS_TIME_H 1
| #define HAVE_SYS_TIMES_H 1
| #define HAVE_SYS_TIMERFD_H 1
| #define HAVE_SYS_TYPES_H 1
| #define HAVE_SYS_UIO_H 1
| #define HAVE_SYS_UN_H 1
| #define HAVE_SYS_UTSNAME_H 1
| #define HAVE_SYS_WAIT_H 1
| #define HAVE_SYS_XATTR_H 1
| #define HAVE_SYSEXITS_H 1
| #define HAVE_SYSLOG_H 1
| #define HAVE_TERMIOS_H 1
| #define HAVE_UTIME_H 1
| #define HAVE_UTMP_H 1
| #define HAVE_DIRENT_H 1
| #define MAJOR_IN_SYSMACROS 1
| #define HAVE_NET_IF_H 1
| #define HAVE_LINUX_NETLINK_H 1
| #define HAVE_LINUX_QRTR_H 1
| #define HAVE_LINUX_VM_SOCKETS_H 1
| #define HAVE_LINUX_CAN_H 1
| #define HAVE_LINUX_CAN_BCM_H 1
| #define HAVE_LINUX_CAN_J1939_H 1
| #define HAVE_LINUX_CAN_RAW_H 1
| #define HAVE_CLOCK_T 1
| #define HAVE_MAKEDEV 1
| #define HAVE_HTOLE64 1
| #define _LARGEFILE_SOURCE 1
| #define _FILE_OFFSET_BITS 64
| #if defined(SCO_DS)
| #undef _OFF_T
| #endif
| #define RETSIGTYPE void
| #define HAVE_SSIZE_T 1
| #define HAVE___UINT128_T 1
| #define HAVE_GCC_UINT128_T 1
| #define SIZEOF_INT 4
| #define SIZEOF_LONG 8
| #define ALIGNOF_LONG 8
| #define SIZEOF_LONG_LONG 8
| #define SIZEOF_VOID_P 8
| #define SIZEOF_SHORT 2
| #define SIZEOF_FLOAT 4
| #define SIZEOF_DOUBLE 8
| #define SIZEOF_FPOS_T 16
| #define SIZEOF_SIZE_T 8
| #define ALIGNOF_SIZE_T 8
| #define SIZEOF_PID_T 4
| #define SIZEOF_UINTPTR_T 8
| #define ALIGNOF_MAX_ALIGN_T 16
| #define HAVE_LONG_DOUBLE 1
| #define SIZEOF_LONG_DOUBLE 16
| #define SIZEOF__BOOL 1
| #define SIZEOF_OFF_T 8
| #define SIZEOF_TIME_T 8
| #define SIZEOF_PTHREAD_T 8
| #define SIZEOF_PTHREAD_KEY_T 4
| #define PTHREAD_KEY_T_IS_COMPATIBLE_WITH_INT 1
| #define PY_HAVE_PERF_TRAMPOLINE 1
| #define HAVE_LIBDL 1
| #define HAVE_EXECINFO_H 1
| #define HAVE_BACKTRACE 1
| #define HAVE_DLADDR1 1
| #define HAVE_LINK_H 1
| #define HAVE_BACKTRACE 1
| #define HAVE_DLADDR1 1
| #define HAVE_DLFCN_H 1
| #define HAVE_BACKTRACE 1
| #define HAVE_DLADDR1 1
| /* end confdefs.h.  */
| #include <stddef.h>
| #ifdef HAVE_STDIO_H
| # include <stdio.h>
| #endif
| #ifdef HAVE_STDLIB_H
| # include <stdlib.h>
| #endif
| #ifdef HAVE_STRING_H
| # include <string.h>
| #endif
| #ifdef HAVE_INTTYPES_H
| # include <inttypes.h>
| #endif
| #ifdef HAVE_STDINT_H
| # include <stdint.h>
| #endif
| #ifdef HAVE_STRINGS_H
| # include <strings.h>
| #endif
| #ifdef HAVE_SYS_TYPES_H
| # include <sys/types.h>
| #endif
| #ifdef HAVE_SYS_STAT_H
| # include <sys/stat.h>
| #endif
| #ifdef HAVE_UNISTD_H
| # include <unistd.h>
| #endif
| #include <uuid.h>
configure:14038: result: no
configure:14072: checking for uuid >= 2.20
configure:14079: $PKG_CONFIG --exists --print-errors "uuid >= 2.20"
configure:14082: $? = 0
configure:14096: $PKG_CONFIG --exists --print-errors "uuid >= 2.20"
configure:14099: $? = 0
configure:14417: result: yes
configure:14655: checking for library containing sem_init
configure:14691: gcc -o conftest    conftest.c -ldl  >&5
/usr/bin/ld: /tmp/cczzsqZN.o: in function `main':
conftest.c:(.text+0x9): undefined reference to `sem_init'
collect2: error: ld returned 1 exit status
configure:14691: $? = 1
configure: failed program was:
| /* confdefs.h */
| #define _NETBSD_SOURCE 1
| #define __BSD_VISIBLE 1
| #define _DARWIN_C_SOURCE 1
| #define _PYTHONFRAMEWORK ""
| #define _XOPEN_SOURCE 700
| #define _XOPEN_SOURCE_EXTENDED 1
| #define _POSIX_C_SOURCE 200809L
| #define HAVE_STDIO_H 1
| #define HAVE_STDLIB_H 1
| #define HAVE_STRING_H 1
| #define HAVE_INTTYPES_H 1
| #define HAVE_STDINT_H 1
| #define HAVE_STRINGS_H 1
| #define HAVE_SYS_STAT_H 1
| #define HAVE_SYS_TYPES_H 1
| #define HAVE_UNISTD_H 1
| #define HAVE_WCHAR_H 1
| #define STDC_HEADERS 1
| #define _ALL_SOURCE 1
| #define _DARWIN_C_SOURCE 1
| #define _GNU_SOURCE 1
| #define _HPUX_ALT_XOPEN_SOCKET_API 1
| #define _NETBSD_SOURCE 1
| #define _OPENBSD_SOURCE 1
| #define _POSIX_PTHREAD_SEMANTICS 1
| #define __STDC_WANT_IEC_60559_ATTRIBS_EXT__ 1
| #define __STDC_WANT_IEC_60559_BFP_EXT__ 1
| #define __STDC_WANT_IEC_60559_DFP_EXT__ 1
| #define __STDC_WANT_IEC_60559_EXT__ 1
| #define __STDC_WANT_IEC_60559_FUNCS_EXT__ 1
| #define __STDC_WANT_IEC_60559_TYPES_EXT__ 1
| #define __STDC_WANT_LIB_EXT2__ 1
| #define __STDC_WANT_MATH_SPEC_FUNCS__ 1
| #define _TANDEM_SOURCE 1
| #define __EXTENSIONS__ 1
| #define _Py_STACK_GROWS_DOWN 1
| #define PY_SUPPORT_TIER 1
| #define STDC_HEADERS 1
| #define HAVE_ALLOCA_H 1
| #define HAVE_ASM_TYPES_H 1
| #define HAVE_DLFCN_H 1
| #define HAVE_ENDIAN_H 1
| #define HAVE_ERRNO_H 1
| #define HAVE_FCNTL_H 1
| #define HAVE_GRP_H 1
| #define HAVE_LANGINFO_H 1
| #define HAVE_LIBINTL_H 1
| #define HAVE_LINUX_AUXVEC_H 1
| #define HAVE_SYS_AUXV_H 1
| #define HAVE_LINUX_FS_H 1
| #define HAVE_LINUX_LIMITS_H 1
| #define HAVE_LINUX_MEMFD_H 1
| #define HAVE_LINUX_NETFILTER_IPV4_H 1
| #define HAVE_LINUX_RANDOM_H 1
| #define HAVE_LINUX_SOUNDCARD_H 1
| #define HAVE_LINUX_SCHED_H 1
| #define HAVE_LINUX_TIPC_H 1
| #define HAVE_LINUX_WAIT_H 1
| #define HAVE_NETDB_H 1
| #define HAVE_NET_ETHERNET_H 1
| #define HAVE_NETINET_IN_H 1
| #define HAVE_NETPACKET_PACKET_H 1
| #define HAVE_POLL_H 1
| #define HAVE_PTHREAD_H 1
| #define HAVE_PTY_H 1
| #define HAVE_SCHED_H 1
| #define HAVE_SETJMP_H 1
| #define HAVE_SHADOW_H 1
| #define HAVE_SIGNAL_H 1
| #define HAVE_SPAWN_H 1
| #define HAVE_SYS_EPOLL_H 1
| #define HAVE_SYS_EVENTFD_H 1
| #define HAVE_SYS_FILE_H 1
| #define HAVE_SYS_IOCTL_H 1
| #define HAVE_SYS_MMAN_H 1
| #define HAVE_SYS_PARAM_H 1
| #define HAVE_SYS_POLL_H 1
| #define HAVE_SYS_RANDOM_H 1
| #define HAVE_SYS_RESOURCE_H 1
| #define HAVE_SYS_SELECT_H 1
| #define HAVE_SYS_SENDFILE_H 1
| #define HAVE_SYS_SOCKET_H 1
| #define HAVE_SYS_SOUNDCARD_H 1
| #define HAVE_SYS_STAT_H 1
| #define HAVE_SYS_STATVFS_H 1
| #define HAVE_SYS_SYSCALL_H 1
| #define HAVE_SYS_SYSMACROS_H 1
| #define HAVE_SYS_TIME_H 1
| #define HAVE_SYS_TIMES_H 1
| #define HAVE_SYS_TIMERFD_H 1
| #define HAVE_SYS_TYPES_H 1
| #define HAVE_SYS_UIO_H 1
| #define HAVE_SYS_UN_H 1
| #define HAVE_SYS_UTSNAME_H 1
| #define HAVE_SYS_WAIT_H 1
| #define HAVE_SYS_XATTR_H 1
| #define HAVE_SYSEXITS_H 1
| #define HAVE_SYSLOG_H 1
| #define HAVE_TERMIOS_H 1
| #define HAVE_UTIME_H 1
| #define HAVE_UTMP_H 1
| #define HAVE_DIRENT_H 1
| #define MAJOR_IN_SYSMACROS 1
| #define HAVE_NET_IF_H 1
| #define HAVE_LINUX_NETLINK_H 1
| #define HAVE_LINUX_QRTR_H 1
| #define HAVE_LINUX_VM_SOCKETS_H 1
| #define HAVE_LINUX_CAN_H 1
| #define HAVE_LINUX_CAN_BCM_H 1
| #define HAVE_LINUX_CAN_J1939_H 1
| #define HAVE_LINUX_CAN_RAW_H 1
| #define HAVE_CLOCK_T 1
| #define HAVE_MAKEDEV 1
| #define HAVE_HTOLE64 1
| #define _LARGEFILE_SOURCE 1
| #define _FILE_OFFSET_BITS 64
| #if defined(SCO_DS)
| #undef _OFF_T
| #endif
| #define RETSIGTYPE void
| #define HAVE_SSIZE_T 1
| #define HAVE___UINT128_T 1
| #define HAVE_GCC_UINT128_T 1
| #define SIZEOF_INT 4
| #define SIZEOF_LONG 8
| #define ALIGNOF_LONG 8
| #define SIZEOF_LONG_LONG 8
| #define SIZEOF_VOID_P 8
| #define SIZEOF_SHORT 2
| #define SIZEOF_FLOAT 4
| #define SIZEOF_DOUBLE 8
| #define SIZEOF_FPOS_T 16
| #define SIZEOF_SIZE_T 8
| #define ALIGNOF_SIZE_T 8
| #define SIZEOF_PID_T 4
| #define SIZEOF_UINTPTR_T 8
| #define ALIGNOF_MAX_ALIGN_T 16
| #define HAVE_LONG_DOUBLE 1
| #define SIZEOF_LONG_DOUBLE 16
| #define SIZEOF__BOOL 1
| #define SIZEOF_OFF_T 8
| #define SIZEOF_TIME_T 8
| #define SIZEOF_PTHREAD_T 8
| #define SIZEOF_PTHREAD_KEY_T 4
| #define PTHREAD_KEY_T_IS_COMPATIBLE_WITH_INT 1
| #define PY_HAVE_PERF_TRAMPOLINE 1
| #define HAVE_LIBDL 1
| #define HAVE_EXECINFO_H 1
| #define HAVE_BACKTRACE 1
| #define HAVE_DLADDR1 1
| #define HAVE_LINK_H 1
| #define HAVE_BACKTRACE 1
| #define HAVE_DLADDR1 1
| #define HAVE_DLFCN_H 1
| #define HAVE_BACKTRACE 1
| #define HAVE_DLADDR1 1
| #define HAVE_UUID_H 1
| #define HAVE_UUID_GENERATE_TIME_SAFE 1
| /* end confdefs.h.  */
| 
| /* Override any GCC internal prototype to avoid an error.
|    Use char because int might match the return type of a GCC
|    builtin and then its argument prototype would still apply.
|    The 'extern "C"' is for builds by C++ compilers;
|    although this is not generally supported in C code supporting it here
|    has little cost and some practical benefit (sr 110532).  */
| #ifdef __cplusplus
| extern "C"
| #endif
| char sem_init (void);
| int
| main (void)
| {
| return sem_init ();
|   ;
|   return 0;
| }
configure:14691: gcc -o conftest    conftest.c -lpthread  -ldl  >&5
configure:14691: $? = 0
configure:14713: result: -lpthread
configure:14724: checking for textdomain in -lintl
configure:14753: gcc -o conftest    conftest.c -lintl  -lpthread -ldl  >&5
/usr/bin/ld: cannot find -lintl
collect2: error: ld returned 1 exit status
configure:14753: $? = 1
configure: failed program was:
| /* confdefs.h */
| #define _NETBSD_SOURCE 1
| #define __BSD_VISIBLE 1
| #define _DARWIN_C_SOURCE 1
| #define _PYTHONFRAMEWORK ""
| #define _XOPEN_SOURCE 700
| #define _XOPEN_SOURCE_EXTENDED 1
| #define _POSIX_C_SOURCE 200809L
| #define HAVE_STDIO_H 1
| #define HAVE_STDLIB_H 1
| #define HAVE_STRING_H 1
| #define HAVE_INTTYPES_H 1
| #define HAVE_STDINT_H 1
| #define HAVE_STRINGS_H 1
| #define HAVE_SYS_STAT_H 1
| #define HAVE_SYS_TYPES_H 1
| #define HAVE_UNISTD_H 1
| #define HAVE_WCHAR_H 1
| #define STDC_HEADERS 1
| #define _ALL_SOURCE 1
| #define _DARWIN_C_SOURCE 1
| #define _GNU_SOURCE 1
| #define _HPUX_ALT_XOPEN_SOCKET_API 1
| #define _NETBSD_SOURCE 1
| #define _OPENBSD_SOURCE 1
| #define _POSIX_PTHREAD_SEMANTICS 1
| #define __STDC_WANT_IEC_60559_ATTRIBS_EXT__ 1
| #define __STDC_WANT_IEC_60559_BFP_EXT__ 1
| #define __STDC_WANT_IEC_60559_DFP_EXT__ 1
| #define __STDC_WANT_IEC_60559_EXT__ 1
| #define __STDC_WANT_IEC_60559_FUNCS_EXT__ 1
| #define __STDC_WANT_IEC_60559_TYPES_EXT__ 1
| #define __STDC_WANT_LIB_EXT2__ 1
| #define __STDC_WANT_MATH_SPEC_FUNCS__ 1
| #define _TANDEM_SOURCE 1
| #define __EXTENSIONS__ 1
| #define _Py_STACK_GROWS_DOWN 1
| #define PY_SUPPORT_TIER 1
| #define STDC_HEADERS 1
| #define HAVE_ALLOCA_H 1
| #define HAVE_ASM_TYPES_H 1
| #define HAVE_DLFCN_H 1
| #define HAVE_ENDIAN_H 1
| #define HAVE_ERRNO_H 1
| #define HAVE_FCNTL_H 1
| #define HAVE_GRP_H 1
| #define HAVE_LANGINFO_H 1
| #define HAVE_LIBINTL_H 1
| #define HAVE_LINUX_AUXVEC_H 1
| #define HAVE_SYS_AUXV_H 1
| #define HAVE_LINUX_FS_H 1
| #define HAVE_LINUX_LIMITS_H 1
| #define HAVE_LINUX_MEMFD_H 1
| #define HAVE_LINUX_NETFILTER_IPV4_H 1
| #define HAVE_LINUX_RANDOM_H 1
| #define HAVE_LINUX_SOUNDCARD_H 1
| #define HAVE_LINUX_SCHED_H 1
| #define HAVE_LINUX_TIPC_H 1
| #define HAVE_LINUX_WAIT_H 1
| #define HAVE_NETDB_H 1
| #define HAVE_NET_ETHERNET_H 1
| #define HAVE_NETINET_IN_H 1
| #define HAVE_NETPACKET_PACKET_H 1
| #define HAVE_POLL_H 1
| #define HAVE_PTHREAD_H 1
| #define HAVE_PTY_H 1
| #define HAVE_SCHED_H 1
| #define HAVE_SETJMP_H 1
| #define HAVE_SHADOW_H 1
| #define HAVE_SIGNAL_H 1
| #define HAVE_SPAWN_H 1
| #define HAVE_SYS_EPOLL_H 1
| #define HAVE_SYS_EVENTFD_H 1
| #define HAVE_SYS_FILE_H 1
| #define HAVE_SYS_IOCTL_H 1
| #define HAVE_SYS_MMAN_H 1
| #define HAVE_SYS_PARAM_H 1
| #define HAVE_SYS_POLL_H 1
| #define HAVE_SYS_RANDOM_H 1
| #define HAVE_SYS_RESOURCE_H 1
| #define HAVE_SYS_SELECT_H 1
| #define HAVE_SYS_SENDFILE_H 1
| #define HAVE_SYS_SOCKET_H 1
| #define HAVE_SYS_SOUNDCARD_H 1
| #define HAVE_SYS_STAT_H 1
| #define HAVE_SYS_STATVFS_H 1
| #define HAVE_SYS_SYSCALL_H 1
| #define HAVE_SYS_SYSMACROS_H 1
| #define HAVE_SYS_TIME_H 1
| #define HAVE_SYS_TIMES_H 1
| #define HAVE_SYS_TIMERFD_H 1
| #define HAVE_SYS_TYPES_H 1
| #define HAVE_SYS_UIO_H 1
| #define HAVE_SYS_UN_H 1
| #define HAVE_SYS_UTSNAME_H 1
| #define HAVE_SYS_WAIT_H 1
| #define HAVE_SYS_XATTR_H 1
| #define HAVE_SYSEXITS_H 1
| #define HAVE_SYSLOG_H 1
| #define HAVE_TERMIOS_H 1
| #define HAVE_UTIME_H 1
| #define HAVE_UTMP_H 1
| #define HAVE_DIRENT_H 1
| #define MAJOR_IN_SYSMACROS 1
| #define HAVE_NET_IF_H 1
| #define HAVE_LINUX_NETLINK_H 1
| #define HAVE_LINUX_QRTR_H 1
| #define HAVE_LINUX_VM_SOCKETS_H 1
| #define HAVE_LINUX_CAN_H 1
| #define HAVE_LINUX_CAN_BCM_H 1
| #define HAVE_LINUX_CAN_J1939_H 1
| #define HAVE_LINUX_CAN_RAW_H 1
| #define HAVE_CLOCK_T 1
| #define HAVE_MAKEDEV 1
| #define HAVE_HTOLE64 1
| #define _LARGEFILE_SOURCE 1
| #define _FILE_OFFSET_BITS 64
| #if defined(SCO_DS)
| #undef _OFF_T
| #endif
| #define RETSIGTYPE void
| #define HAVE_SSIZE_T 1
| #define HAVE___UINT128_T 1
| #define HAVE_GCC_UINT128_T 1
| #define SIZEOF_INT 4
| #define SIZEOF_LONG 8
| #define ALIGNOF_LONG 8
| #define SIZEOF_LONG_LONG 8
| #define SIZEOF_VOID_P 8
| #define SIZEOF_SHORT 2
| #define SIZEOF_FLOAT 4
| #define SIZEOF_DOUBLE 8
| #define SIZEOF_FPOS_T 16
| #define SIZEOF_SIZE_T 8
| #define ALIGNOF_SIZE_T 8
| #define SIZEOF_PID_T 4
| #define SIZEOF_UINTPTR_T 8
| #define ALIGNOF_MAX_ALIGN_T 16
| #define HAVE_LONG_DOUBLE 1
| #define SIZEOF_LONG_DOUBLE 16
| #define SIZEOF__BOOL 1
| #define SIZEOF_OFF_T 8
| #define SIZEOF_TIME_T 8
| #define SIZEOF_PTHREAD_T 8
| #define SIZEOF_PTHREAD_KEY_T 4
| #define PTHREAD_KEY_T_IS_COMPATIBLE_WITH_INT 1
| #define PY_HAVE_PERF_TRAMPOLINE 1
| #define HAVE_LIBDL 1
| #define HAVE_EXECINFO_H 1
| #define HAVE_BACKTRACE 1
| #define HAVE_DLADDR1 1
| #define HAVE_LINK_H 1
| #define HAVE_BACKTRACE 1
| #define HAVE_DLADDR1 1
| #define HAVE_DLFCN_H 1
| #define HAVE_BACKTRACE 1
| #define HAVE_DLADDR1 1
| #define HAVE_UUID_H 1
| #define HAVE_UUID_GENERATE_TIME_SAFE 1
| /* end confdefs.h.  */
| 
| /* Override any GCC internal prototype to avoid an error.
|    Use char because int might match the return type of a GCC
|    builtin and then its argument prototype would still apply.
|    The 'extern "C"' is for builds by C++ compilers;
|    although this is not generally supported in C code supporting it here
|    has little cost and some practical benefit (sr 110532).  */
| #ifdef __cplusplus
| extern "C"
| #endif
| char textdomain (void);
| int
| main (void)
| {
| return textdomain ();
|   ;
|   return 0;
| }
configure:14765: result: no
configure:14827: checking aligned memory access is required
configure:14860: gcc -o conftest    conftest.c -lpthread -ldl  >&5
configure:14860: $? = 0
configure:14860: ./conftest
configure:14860: $? = 0
configure:14875: result: no
configure:14886: checking for --with-hash-algorithm
configure:14914: result: default
configure:14935: checking for --with-tzpath
configure:14956: result: "/usr/share/zoneinfo:/usr/lib/zoneinfo:/usr/share/lib/zoneinfo:/etc/zoneinfo"
configure:14964: checking for t_open in -lnsl
configure:14993: gcc -o conftest    conftest.c -lnsl  -lpthread -ldl  >&5
/usr/bin/ld: /tmp/ccw0eDkI.o: in function `main':
conftest.c:(.text+0x9): undefined reference to `t_open'
collect2: error: ld returned 1 exit status
configure:14993: $? = 1
configure: failed program was:
| /* confdefs.h */
| #define _NETBSD_SOURCE 1
| #define __BSD_VISIBLE 1
| #define _DARWIN_C_SOURCE 1
| #define _PYTHONFRAMEWORK ""
| #define _XOPEN_SOURCE 700
| #define _XOPEN_SOURCE_EXTENDED 1
| #define _POSIX_C_SOURCE 200809L
| #define HAVE_STDIO_H 1
| #define HAVE_STDLIB_H 1
| #define HAVE_STRING_H 1
| #define HAVE_INTTYPES_H 1
| #define HAVE_STDINT_H 1
| #define HAVE_STRINGS_H 1
| #define HAVE_SYS_STAT_H 1
| #define HAVE_SYS_TYPES_H 1
| #define HAVE_UNISTD_H 1
| #define HAVE_WCHAR_H 1
| #define STDC_HEADERS 1
| #define _ALL_SOURCE 1
| #define _DARWIN_C_SOURCE 1
| #define _GNU_SOURCE 1
| #define _HPUX_ALT_XOPEN_SOCKET_API 1
| #define _NETBSD_SOURCE 1
| #define _OPENBSD_SOURCE 1
| #define _POSIX_PTHREAD_SEMANTICS 1
| #define __STDC_WANT_IEC_60559_ATTRIBS_EXT__ 1
| #define __STDC_WANT_IEC_60559_BFP_EXT__ 1
| #define __STDC_WANT_IEC_60559_DFP_EXT__ 1
| #define __STDC_WANT_IEC_60559_EXT__ 1
| #define __STDC_WANT_IEC_60559_FUNCS_EXT__ 1
| #define __STDC_WANT_IEC_60559_TYPES_EXT__ 1
| #define __STDC_WANT_LIB_EXT2__ 1
| #define __STDC_WANT_MATH_SPEC_FUNCS__ 1
| #define _TANDEM_SOURCE 1
| #define __EXTENSIONS__ 1
| #define _Py_STACK_GROWS_DOWN 1
| #define PY_SUPPORT_TIER 1
| #define STDC_HEADERS 1
| #define HAVE_ALLOCA_H 1
| #define HAVE_ASM_TYPES_H 1
| #define HAVE_DLFCN_H 1
| #define HAVE_ENDIAN_H 1
| #define HAVE_ERRNO_H 1
| #define HAVE_FCNTL_H 1
| #define HAVE_GRP_H 1
| #define HAVE_LANGINFO_H 1
| #define HAVE_LIBINTL_H 1
| #define HAVE_LINUX_AUXVEC_H 1
| #define HAVE_SYS_AUXV_H 1
| #define HAVE_LINUX_FS_H 1
| #define HAVE_LINUX_LIMITS_H 1
| #define HAVE_LINUX_MEMFD_H 1
| #define HAVE_LINUX_NETFILTER_IPV4_H 1
| #define HAVE_LINUX_RANDOM_H 1
| #define HAVE_LINUX_SOUNDCARD_H 1
| #define HAVE_LINUX_SCHED_H 1
| #define HAVE_LINUX_TIPC_H 1
| #define HAVE_LINUX_WAIT_H 1
| #define HAVE_NETDB_H 1
| #define HAVE_NET_ETHERNET_H 1
| #define HAVE_NETINET_IN_H 1
| #define HAVE_NETPACKET_PACKET_H 1
| #define HAVE_POLL_H 1
| #define HAVE_PTHREAD_H 1
| #define HAVE_PTY_H 1
| #define HAVE_SCHED_H 1
| #define HAVE_SETJMP_H 1
| #define HAVE_SHADOW_H 1
| #define HAVE_SIGNAL_H 1
| #define HAVE_SPAWN_H 1
| #define HAVE_SYS_EPOLL_H 1
| #define HAVE_SYS_EVENTFD_H 1
| #define HAVE_SYS_FILE_H 1
| #define HAVE_SYS_IOCTL_H 1
| #define HAVE_SYS_MMAN_H 1
| #define HAVE_SYS_PARAM_H 1
| #define HAVE_SYS_POLL_H 1
| #define HAVE_SYS_RANDOM_H 1
| #define HAVE_SYS_RESOURCE_H 1
| #define HAVE_SYS_SELECT_H 1
| #define HAVE_SYS_SENDFILE_H 1
| #define HAVE_SYS_SOCKET_H 1
| #define HAVE_SYS_SOUNDCARD_H 1
| #define HAVE_SYS_STAT_H 1
| #define HAVE_SYS_STATVFS_H 1
| #define HAVE_SYS_SYSCALL_H 1
| #define HAVE_SYS_SYSMACROS_H 1
| #define HAVE_SYS_TIME_H 1
| #define HAVE_SYS_TIMES_H 1
| #define HAVE_SYS_TIMERFD_H 1
| #define HAVE_SYS_TYPES_H 1
| #define HAVE_SYS_UIO_H 1
| #define HAVE_SYS_UN_H 1
| #define HAVE_SYS_UTSNAME_H 1
| #define HAVE_SYS_WAIT_H 1
| #define HAVE_SYS_XATTR_H 1
| #define HAVE_SYSEXITS_H 1
| #define HAVE_SYSLOG_H 1
| #define HAVE_TERMIOS_H 1
| #define HAVE_UTIME_H 1
| #define HAVE_UTMP_H 1
| #define HAVE_DIRENT_H 1
| #define MAJOR_IN_SYSMACROS 1
| #define HAVE_NET_IF_H 1
| #define HAVE_LINUX_NETLINK_H 1
| #define HAVE_LINUX_QRTR_H 1
| #define HAVE_LINUX_VM_SOCKETS_H 1
| #define HAVE_LINUX_CAN_H 1
| #define HAVE_LINUX_CAN_BCM_H 1
| #define HAVE_LINUX_CAN_J1939_H 1
| #define HAVE_LINUX_CAN_RAW_H 1
| #define HAVE_CLOCK_T 1
| #define HAVE_MAKEDEV 1
| #define HAVE_HTOLE64 1
| #define _LARGEFILE_SOURCE 1
| #define _FILE_OFFSET_BITS 64
| #if defined(SCO_DS)
| #undef _OFF_T
| #endif
| #define RETSIGTYPE void
| #define HAVE_SSIZE_T 1
| #define HAVE___UINT128_T 1
| #define HAVE_GCC_UINT128_T 1
| #define SIZEOF_INT 4
| #define SIZEOF_LONG 8
| #define ALIGNOF_LONG 8
| #define SIZEOF_LONG_LONG 8
| #define SIZEOF_VOID_P 8
| #define SIZEOF_SHORT 2
| #define SIZEOF_FLOAT 4
| #define SIZEOF_DOUBLE 8
| #define SIZEOF_FPOS_T 16
| #define SIZEOF_SIZE_T 8
| #define ALIGNOF_SIZE_T 8
| #define SIZEOF_PID_T 4
| #define SIZEOF_UINTPTR_T 8
| #define ALIGNOF_MAX_ALIGN_T 16
| #define HAVE_LONG_DOUBLE 1
| #define SIZEOF_LONG_DOUBLE 16
| #define SIZEOF__BOOL 1
| #define SIZEOF_OFF_T 8
| #define SIZEOF_TIME_T 8
| #define SIZEOF_PTHREAD_T 8
| #define SIZEOF_PTHREAD_KEY_T 4
| #define PTHREAD_KEY_T_IS_COMPATIBLE_WITH_INT 1
| #define PY_HAVE_PERF_TRAMPOLINE 1
| #define HAVE_LIBDL 1
| #define HAVE_EXECINFO_H 1
| #define HAVE_BACKTRACE 1
| #define HAVE_DLADDR1 1
| #define HAVE_LINK_H 1
| #define HAVE_BACKTRACE 1
| #define HAVE_DLADDR1 1
| #define HAVE_DLFCN_H 1
| #define HAVE_BACKTRACE 1
| #define HAVE_DLADDR1 1
| #define HAVE_UUID_H 1
| #define HAVE_UUID_GENERATE_TIME_SAFE 1
| /* end confdefs.h.  */
| 
| /* Override any GCC internal prototype to avoid an error.
|    Use char because int might match the return type of a GCC
|    builtin and then its argument prototype would still apply.
|    The 'extern "C"' is for builds by C++ compilers;
|    although this is not generally supported in C code supporting it here
|    has little cost and some practical benefit (sr 110532).  */
| #ifdef __cplusplus
| extern "C"
| #endif
| char t_open (void);
| int
| main (void)
| {
| return t_open ();
|   ;
|   return 0;
| }
configure:15005: result: no
configure:15012: checking for socket in -lsocket
configure:15041: gcc -o conftest    conftest.c -lsocket -lpthread -ldl  -lpthread -ldl  >&5
/usr/bin/ld: cannot find -lsocket
collect2: error: ld returned 1 exit status
configure:15041: $? = 1
configure: failed program was:
| /* confdefs.h */
| #define _NETBSD_SOURCE 1
| #define __BSD_VISIBLE 1
| #define _DARWIN_C_SOURCE 1
| #define _PYTHONFRAMEWORK ""
| #define _XOPEN_SOURCE 700
| #define _XOPEN_SOURCE_EXTENDED 1
| #define _POSIX_C_SOURCE 200809L
| #define HAVE_STDIO_H 1
| #define HAVE_STDLIB_H 1
| #define HAVE_STRING_H 1
| #define HAVE_INTTYPES_H 1
| #define HAVE_STDINT_H 1
| #define HAVE_STRINGS_H 1
| #define HAVE_SYS_STAT_H 1
| #define HAVE_SYS_TYPES_H 1
| #define HAVE_UNISTD_H 1
| #define HAVE_WCHAR_H 1
| #define STDC_HEADERS 1
| #define _ALL_SOURCE 1
| #define _DARWIN_C_SOURCE 1
| #define _GNU_SOURCE 1
| #define _HPUX_ALT_XOPEN_SOCKET_API 1
| #define _NETBSD_SOURCE 1
| #define _OPENBSD_SOURCE 1
| #define _POSIX_PTHREAD_SEMANTICS 1
| #define __STDC_WANT_IEC_60559_ATTRIBS_EXT__ 1
| #define __STDC_WANT_IEC_60559_BFP_EXT__ 1
| #define __STDC_WANT_IEC_60559_DFP_EXT__ 1
| #define __STDC_WANT_IEC_60559_EXT__ 1
| #define __STDC_WANT_IEC_60559_FUNCS_EXT__ 1
| #define __STDC_WANT_IEC_60559_TYPES_EXT__ 1
| #define __STDC_WANT_LIB_EXT2__ 1
| #define __STDC_WANT_MATH_SPEC_FUNCS__ 1
| #define _TANDEM_SOURCE 1
| #define __EXTENSIONS__ 1
| #define _Py_STACK_GROWS_DOWN 1
| #define PY_SUPPORT_TIER 1
| #define STDC_HEADERS 1
| #define HAVE_ALLOCA_H 1
| #define HAVE_ASM_TYPES_H 1
| #define HAVE_DLFCN_H 1
| #define HAVE_ENDIAN_H 1
| #define HAVE_ERRNO_H 1
| #define HAVE_FCNTL_H 1
| #define HAVE_GRP_H 1
| #define HAVE_LANGINFO_H 1
| #define HAVE_LIBINTL_H 1
| #define HAVE_LINUX_AUXVEC_H 1
| #define HAVE_SYS_AUXV_H 1
| #define HAVE_LINUX_FS_H 1
| #define HAVE_LINUX_LIMITS_H 1
| #define HAVE_LINUX_MEMFD_H 1
| #define HAVE_LINUX_NETFILTER_IPV4_H 1
| #define HAVE_LINUX_RANDOM_H 1
| #define HAVE_LINUX_SOUNDCARD_H 1
| #define HAVE_LINUX_SCHED_H 1
| #define HAVE_LINUX_TIPC_H 1
| #define HAVE_LINUX_WAIT_H 1
| #define HAVE_NETDB_H 1
| #define HAVE_NET_ETHERNET_H 1
| #define HAVE_NETINET_IN_H 1
| #define HAVE_NETPACKET_PACKET_H 1
| #define HAVE_POLL_H 1
| #define HAVE_PTHREAD_H 1
| #define HAVE_PTY_H 1
| #define HAVE_SCHED_H 1
| #define HAVE_SETJMP_H 1
| #define HAVE_SHADOW_H 1
| #define HAVE_SIGNAL_H 1
| #define HAVE_SPAWN_H 1
| #define HAVE_SYS_EPOLL_H 1
| #define HAVE_SYS_EVENTFD_H 1
| #define HAVE_SYS_FILE_H 1
| #define HAVE_SYS_IOCTL_H 1
| #define HAVE_SYS_MMAN_H 1
| #define HAVE_SYS_PARAM_H 1
| #define HAVE_SYS_POLL_H 1
| #define HAVE_SYS_RANDOM_H 1
| #define HAVE_SYS_RESOURCE_H 1
| #define HAVE_SYS_SELECT_H 1
| #define HAVE_SYS_SENDFILE_H 1
| #define HAVE_SYS_SOCKET_H 1
| #define HAVE_SYS_SOUNDCARD_H 1
| #define HAVE_SYS_STAT_H 1
| #define HAVE_SYS_STATVFS_H 1
| #define HAVE_SYS_SYSCALL_H 1
| #define HAVE_SYS_SYSMACROS_H 1
| #define HAVE_SYS_TIME_H 1
| #define HAVE_SYS_TIMES_H 1
| #define HAVE_SYS_TIMERFD_H 1
| #define HAVE_SYS_TYPES_H 1
| #define HAVE_SYS_UIO_H 1
| #define HAVE_SYS_UN_H 1
| #define HAVE_SYS_UTSNAME_H 1
| #define HAVE_SYS_WAIT_H 1
| #define HAVE_SYS_XATTR_H 1
| #define HAVE_SYSEXITS_H 1
| #define HAVE_SYSLOG_H 1
| #define HAVE_TERMIOS_H 1
| #define HAVE_UTIME_H 1
| #define HAVE_UTMP_H 1
| #define HAVE_DIRENT_H 1
| #define MAJOR_IN_SYSMACROS 1
| #define HAVE_NET_IF_H 1
| #define HAVE_LINUX_NETLINK_H 1
| #define HAVE_LINUX_QRTR_H 1
| #define HAVE_LINUX_VM_SOCKETS_H 1
| #define HAVE_LINUX_CAN_H 1
| #define HAVE_LINUX_CAN_BCM_H 1
| #define HAVE_LINUX_CAN_J1939_H 1
| #define HAVE_LINUX_CAN_RAW_H 1
| #define HAVE_CLOCK_T 1
| #define HAVE_MAKEDEV 1
| #define HAVE_HTOLE64 1
| #define _LARGEFILE_SOURCE 1
| #define _FILE_OFFSET_BITS 64
| #if defined(SCO_DS)
| #undef _OFF_T
| #endif
| #define RETSIGTYPE void
| #define HAVE_SSIZE_T 1
| #define HAVE___UINT128_T 1
| #define HAVE_GCC_UINT128_T 1
| #define SIZEOF_INT 4
| #define SIZEOF_LONG 8
| #define ALIGNOF_LONG 8
| #define SIZEOF_LONG_LONG 8
| #define SIZEOF_VOID_P 8
| #define SIZEOF_SHORT 2
| #define SIZEOF_FLOAT 4
| #define SIZEOF_DOUBLE 8
| #define SIZEOF_FPOS_T 16
| #define SIZEOF_SIZE_T 8
| #define ALIGNOF_SIZE_T 8
| #define SIZEOF_PID_T 4
| #define SIZEOF_UINTPTR_T 8
| #define ALIGNOF_MAX_ALIGN_T 16
| #define HAVE_LONG_DOUBLE 1
| #define SIZEOF_LONG_DOUBLE 16
| #define SIZEOF__BOOL 1
| #define SIZEOF_OFF_T 8
| #define SIZEOF_TIME_T 8
| #define SIZEOF_PTHREAD_T 8
| #define SIZEOF_PTHREAD_KEY_T 4
| #define PTHREAD_KEY_T_IS_COMPATIBLE_WITH_INT 1
| #define PY_HAVE_PERF_TRAMPOLINE 1
| #define HAVE_LIBDL 1
| #define HAVE_EXECINFO_H 1
| #define HAVE_BACKTRACE 1
| #define HAVE_DLADDR1 1
| #define HAVE_LINK_H 1
| #define HAVE_BACKTRACE 1
| #define HAVE_DLADDR1 1
| #define HAVE_DLFCN_H 1
| #define HAVE_BACKTRACE 1
| #define HAVE_DLADDR1 1
| #define HAVE_UUID_H 1
| #define HAVE_UUID_GENERATE_TIME_SAFE 1
| /* end confdefs.h.  */
| 
| /* Override any GCC internal prototype to avoid an error.
|    Use char because int might match the return type of a GCC
|    builtin and then its argument prototype would still apply.
|    The 'extern "C"' is for builds by C++ compilers;
|    although this is not generally supported in C code supporting it here
|    has little cost and some practical benefit (sr 110532).  */
| #ifdef __cplusplus
| extern "C"
| #endif
| char socket (void);
| int
| main (void)
| {
| return socket ();
|   ;
|   return 0;
| }
configure:15053: result: no
configure:15114: checking for --with-libs
configure:15126: result: no
configure:15133: checking for --with-system-expat
configure:15146: result: no
configure:15252: checking for libffi
configure:15259: $PKG_CONFIG --exists --print-errors "libffi"
configure:15262: $? = 0
configure:15276: $PKG_CONFIG --exists --print-errors "libffi"
configure:15279: $? = 0
configure:15473: result: yes
configure:15524: checking for ffi_prep_cif_var
configure:15541: gcc -c  -I/home/villarias/miniconda3/include  conftest.c >&5
configure:15541: $? = 0
configure:15552: result: yes
configure:15565: checking for ffi_prep_closure_loc
configure:15582: gcc -c  -I/home/villarias/miniconda3/include  conftest.c >&5
configure:15582: $? = 0
configure:15593: result: yes
configure:15606: checking for ffi_closure_alloc
configure:15623: gcc -c  -I/home/villarias/miniconda3/include  conftest.c >&5
configure:15623: $? = 0
configure:15634: result: yes
configure:15660: checking libffi has complex type support
configure:15705: gcc -o conftest   -I/home/villarias/miniconda3/include  conftest.c -lpthread -ldl  -L/home/villarias/miniconda3/lib -lffi -ldl >&5
configure:15705: $? = 0
configure:15705: ./conftest
./conftest: error while loading shared libraries: libffi.so.8: cannot open shared object file: No such file or directory
configure:15705: $? = 127
configure: program exited with status 127
configure: failed program was:
| /* confdefs.h */
| #define _NETBSD_SOURCE 1
| #define __BSD_VISIBLE 1
| #define _DARWIN_C_SOURCE 1
| #define _PYTHONFRAMEWORK ""
| #define _XOPEN_SOURCE 700
| #define _XOPEN_SOURCE_EXTENDED 1
| #define _POSIX_C_SOURCE 200809L
| #define HAVE_STDIO_H 1
| #define HAVE_STDLIB_H 1
| #define HAVE_STRING_H 1
| #define HAVE_INTTYPES_H 1
| #define HAVE_STDINT_H 1
| #define HAVE_STRINGS_H 1
| #define HAVE_SYS_STAT_H 1
| #define HAVE_SYS_TYPES_H 1
| #define HAVE_UNISTD_H 1
| #define HAVE_WCHAR_H 1
| #define STDC_HEADERS 1
| #define _ALL_SOURCE 1
| #define _DARWIN_C_SOURCE 1
| #define _GNU_SOURCE 1
| #define _HPUX_ALT_XOPEN_SOCKET_API 1
| #define _NETBSD_SOURCE 1
| #define _OPENBSD_SOURCE 1
| #define _POSIX_PTHREAD_SEMANTICS 1
| #define __STDC_WANT_IEC_60559_ATTRIBS_EXT__ 1
| #define __STDC_WANT_IEC_60559_BFP_EXT__ 1
| #define __STDC_WANT_IEC_60559_DFP_EXT__ 1
| #define __STDC_WANT_IEC_60559_EXT__ 1
| #define __STDC_WANT_IEC_60559_FUNCS_EXT__ 1
| #define __STDC_WANT_IEC_60559_TYPES_EXT__ 1
| #define __STDC_WANT_LIB_EXT2__ 1
| #define __STDC_WANT_MATH_SPEC_FUNCS__ 1
| #define _TANDEM_SOURCE 1
| #define __EXTENSIONS__ 1
| #define _Py_STACK_GROWS_DOWN 1
| #define PY_SUPPORT_TIER 1
| #define STDC_HEADERS 1
| #define HAVE_ALLOCA_H 1
| #define HAVE_ASM_TYPES_H 1
| #define HAVE_DLFCN_H 1
| #define HAVE_ENDIAN_H 1
| #define HAVE_ERRNO_H 1
| #define HAVE_FCNTL_H 1
| #define HAVE_GRP_H 1
| #define HAVE_LANGINFO_H 1
| #define HAVE_LIBINTL_H 1
| #define HAVE_LINUX_AUXVEC_H 1
| #define HAVE_SYS_AUXV_H 1
| #define HAVE_LINUX_FS_H 1
| #define HAVE_LINUX_LIMITS_H 1
| #define HAVE_LINUX_MEMFD_H 1
| #define HAVE_LINUX_NETFILTER_IPV4_H 1
| #define HAVE_LINUX_RANDOM_H 1
| #define HAVE_LINUX_SOUNDCARD_H 1
| #define HAVE_LINUX_SCHED_H 1
| #define HAVE_LINUX_TIPC_H 1
| #define HAVE_LINUX_WAIT_H 1
| #define HAVE_NETDB_H 1
| #define HAVE_NET_ETHERNET_H 1
| #define HAVE_NETINET_IN_H 1
| #define HAVE_NETPACKET_PACKET_H 1
| #define HAVE_POLL_H 1
| #define HAVE_PTHREAD_H 1
| #define HAVE_PTY_H 1
| #define HAVE_SCHED_H 1
| #define HAVE_SETJMP_H 1
| #define HAVE_SHADOW_H 1
| #define HAVE_SIGNAL_H 1
| #define HAVE_SPAWN_H 1
| #define HAVE_SYS_EPOLL_H 1
| #define HAVE_SYS_EVENTFD_H 1
| #define HAVE_SYS_FILE_H 1
| #define HAVE_SYS_IOCTL_H 1
| #define HAVE_SYS_MMAN_H 1
| #define HAVE_SYS_PARAM_H 1
| #define HAVE_SYS_POLL_H 1
| #define HAVE_SYS_RANDOM_H 1
| #define HAVE_SYS_RESOURCE_H 1
| #define HAVE_SYS_SELECT_H 1
| #define HAVE_SYS_SENDFILE_H 1
| #define HAVE_SYS_SOCKET_H 1
| #define HAVE_SYS_SOUNDCARD_H 1
| #define HAVE_SYS_STAT_H 1
| #define HAVE_SYS_STATVFS_H 1
| #define HAVE_SYS_SYSCALL_H 1
| #define HAVE_SYS_SYSMACROS_H 1
| #define HAVE_SYS_TIME_H 1
| #define HAVE_SYS_TIMES_H 1
| #define HAVE_SYS_TIMERFD_H 1
| #define HAVE_SYS_TYPES_H 1
| #define HAVE_SYS_UIO_H 1
| #define HAVE_SYS_UN_H 1
| #define HAVE_SYS_UTSNAME_H 1
| #define HAVE_SYS_WAIT_H 1
| #define HAVE_SYS_XATTR_H 1
| #define HAVE_SYSEXITS_H 1
| #define HAVE_SYSLOG_H 1
| #define HAVE_TERMIOS_H 1
| #define HAVE_UTIME_H 1
| #define HAVE_UTMP_H 1
| #define HAVE_DIRENT_H 1
| #define MAJOR_IN_SYSMACROS 1
| #define HAVE_NET_IF_H 1
| #define HAVE_LINUX_NETLINK_H 1
| #define HAVE_LINUX_QRTR_H 1
| #define HAVE_LINUX_VM_SOCKETS_H 1
| #define HAVE_LINUX_CAN_H 1
| #define HAVE_LINUX_CAN_BCM_H 1
| #define HAVE_LINUX_CAN_J1939_H 1
| #define HAVE_LINUX_CAN_RAW_H 1
| #define HAVE_CLOCK_T 1
| #define HAVE_MAKEDEV 1
| #define HAVE_HTOLE64 1
| #define _LARGEFILE_SOURCE 1
| #define _FILE_OFFSET_BITS 64
| #if defined(SCO_DS)
| #undef _OFF_T
| #endif
| #define RETSIGTYPE void
| #define HAVE_SSIZE_T 1
| #define HAVE___UINT128_T 1
| #define HAVE_GCC_UINT128_T 1
| #define SIZEOF_INT 4
| #define SIZEOF_LONG 8
| #define ALIGNOF_LONG 8
| #define SIZEOF_LONG_LONG 8
| #define SIZEOF_VOID_P 8
| #define SIZEOF_SHORT 2
| #define SIZEOF_FLOAT 4
| #define SIZEOF_DOUBLE 8
| #define SIZEOF_FPOS_T 16
| #define SIZEOF_SIZE_T 8
| #define ALIGNOF_SIZE_T 8
| #define SIZEOF_PID_T 4
| #define SIZEOF_UINTPTR_T 8
| #define ALIGNOF_MAX_ALIGN_T 16
| #define HAVE_LONG_DOUBLE 1
| #define SIZEOF_LONG_DOUBLE 16
| #define SIZEOF__BOOL 1
| #define SIZEOF_OFF_T 8
| #define SIZEOF_TIME_T 8
| #define SIZEOF_PTHREAD_T 8
| #define SIZEOF_PTHREAD_KEY_T 4
| #define PTHREAD_KEY_T_IS_COMPATIBLE_WITH_INT 1
| #define PY_HAVE_PERF_TRAMPOLINE 1
| #define HAVE_LIBDL 1
| #define HAVE_EXECINFO_H 1
| #define HAVE_BACKTRACE 1
| #define HAVE_DLADDR1 1
| #define HAVE_LINK_H 1
| #define HAVE_BACKTRACE 1
| #define HAVE_DLADDR1 1
| #define HAVE_DLFCN_H 1
| #define HAVE_BACKTRACE 1
| #define HAVE_DLADDR1 1
| #define HAVE_UUID_H 1
| #define HAVE_UUID_GENERATE_TIME_SAFE 1
| #define HAVE_FFI_PREP_CIF_VAR 1
| #define HAVE_FFI_PREP_CLOSURE_LOC 1
| #define HAVE_FFI_CLOSURE_ALLOC 1
| /* end confdefs.h.  */
| 
| #include <complex.h>
| #include <ffi.h>
| int z_is_expected(double complex z)
| {
|     const double complex expected = 1.25 - 0.5 * I;
|     return z == expected;
| }
| int main(void)
| {
|     double complex z = 1.25 - 0.5 * I;
|     ffi_type *args[1] = {&ffi_type_complex_double};
|     void *values[1] = {&z};
|     ffi_cif cif;
|     if (ffi_prep_cif(&cif, FFI_DEFAULT_ABI, 1,
|         &ffi_type_sint, args) != FFI_OK)
|     {
|         return 2;
|     }
|     ffi_arg rc;
|     ffi_call(&cif, FFI_FN(z_is_expected), &rc, values);
|     return !rc;
| }
| 
configure:15726: result: no
configure:15735: checking for --with-system-libmpdec
configure:15747: result: yes
configure:15756: checking for libmpdec >= 2.5.0
configure:15763: $PKG_CONFIG --exists --print-errors "libmpdec >= 2.5.0"
Package libmpdec was not found in the pkg-config search path.
Perhaps you should add the directory containing `libmpdec.pc'
to the PKG_CONFIG_PATH environment variable
No package 'libmpdec' found
configure:15766: $? = 1
configure:15780: $PKG_CONFIG --exists --print-errors "libmpdec >= 2.5.0"
Package libmpdec was not found in the pkg-config search path.
Perhaps you should add the directory containing `libmpdec.pc'
to the PKG_CONFIG_PATH environment variable
No package 'libmpdec' found
configure:15783: $? = 1
configure:15797: result: no
No package 'libmpdec' found
configure:15866: gcc -o conftest     conftest.c -lpthread -ldl  -lmpdec -lm >&5
conftest.c:166:18: fatal error: mpdecimal.h: No such file or directory
  166 |         #include <mpdecimal.h>
      |                  ^~~~~~~~~~~~~
compilation terminated.
configure:15866: $? = 1
configure: failed program was:
| /* confdefs.h */
| #define _NETBSD_SOURCE 1
| #define __BSD_VISIBLE 1
| #define _DARWIN_C_SOURCE 1
| #define _PYTHONFRAMEWORK ""
| #define _XOPEN_SOURCE 700
| #define _XOPEN_SOURCE_EXTENDED 1
| #define _POSIX_C_SOURCE 200809L
| #define HAVE_STDIO_H 1
| #define HAVE_STDLIB_H 1
| #define HAVE_STRING_H 1
| #define HAVE_INTTYPES_H 1
| #define HAVE_STDINT_H 1
| #define HAVE_STRINGS_H 1
| #define HAVE_SYS_STAT_H 1
| #define HAVE_SYS_TYPES_H 1
| #define HAVE_UNISTD_H 1
| #define HAVE_WCHAR_H 1
| #define STDC_HEADERS 1
| #define _ALL_SOURCE 1
| #define _DARWIN_C_SOURCE 1
| #define _GNU_SOURCE 1
| #define _HPUX_ALT_XOPEN_SOCKET_API 1
| #define _NETBSD_SOURCE 1
| #define _OPENBSD_SOURCE 1
| #define _POSIX_PTHREAD_SEMANTICS 1
| #define __STDC_WANT_IEC_60559_ATTRIBS_EXT__ 1
| #define __STDC_WANT_IEC_60559_BFP_EXT__ 1
| #define __STDC_WANT_IEC_60559_DFP_EXT__ 1
| #define __STDC_WANT_IEC_60559_EXT__ 1
| #define __STDC_WANT_IEC_60559_FUNCS_EXT__ 1
| #define __STDC_WANT_IEC_60559_TYPES_EXT__ 1
| #define __STDC_WANT_LIB_EXT2__ 1
| #define __STDC_WANT_MATH_SPEC_FUNCS__ 1
| #define _TANDEM_SOURCE 1
| #define __EXTENSIONS__ 1
| #define _Py_STACK_GROWS_DOWN 1
| #define PY_SUPPORT_TIER 1
| #define STDC_HEADERS 1
| #define HAVE_ALLOCA_H 1
| #define HAVE_ASM_TYPES_H 1
| #define HAVE_DLFCN_H 1
| #define HAVE_ENDIAN_H 1
| #define HAVE_ERRNO_H 1
| #define HAVE_FCNTL_H 1
| #define HAVE_GRP_H 1
| #define HAVE_LANGINFO_H 1
| #define HAVE_LIBINTL_H 1
| #define HAVE_LINUX_AUXVEC_H 1
| #define HAVE_SYS_AUXV_H 1
| #define HAVE_LINUX_FS_H 1
| #define HAVE_LINUX_LIMITS_H 1
| #define HAVE_LINUX_MEMFD_H 1
| #define HAVE_LINUX_NETFILTER_IPV4_H 1
| #define HAVE_LINUX_RANDOM_H 1
| #define HAVE_LINUX_SOUNDCARD_H 1
| #define HAVE_LINUX_SCHED_H 1
| #define HAVE_LINUX_TIPC_H 1
| #define HAVE_LINUX_WAIT_H 1
| #define HAVE_NETDB_H 1
| #define HAVE_NET_ETHERNET_H 1
| #define HAVE_NETINET_IN_H 1
| #define HAVE_NETPACKET_PACKET_H 1
| #define HAVE_POLL_H 1
| #define HAVE_PTHREAD_H 1
| #define HAVE_PTY_H 1
| #define HAVE_SCHED_H 1
| #define HAVE_SETJMP_H 1
| #define HAVE_SHADOW_H 1
| #define HAVE_SIGNAL_H 1
| #define HAVE_SPAWN_H 1
| #define HAVE_SYS_EPOLL_H 1
| #define HAVE_SYS_EVENTFD_H 1
| #define HAVE_SYS_FILE_H 1
| #define HAVE_SYS_IOCTL_H 1
| #define HAVE_SYS_MMAN_H 1
| #define HAVE_SYS_PARAM_H 1
| #define HAVE_SYS_POLL_H 1
| #define HAVE_SYS_RANDOM_H 1
| #define HAVE_SYS_RESOURCE_H 1
| #define HAVE_SYS_SELECT_H 1
| #define HAVE_SYS_SENDFILE_H 1
| #define HAVE_SYS_SOCKET_H 1
| #define HAVE_SYS_SOUNDCARD_H 1
| #define HAVE_SYS_STAT_H 1
| #define HAVE_SYS_STATVFS_H 1
| #define HAVE_SYS_SYSCALL_H 1
| #define HAVE_SYS_SYSMACROS_H 1
| #define HAVE_SYS_TIME_H 1
| #define HAVE_SYS_TIMES_H 1
| #define HAVE_SYS_TIMERFD_H 1
| #define HAVE_SYS_TYPES_H 1
| #define HAVE_SYS_UIO_H 1
| #define HAVE_SYS_UN_H 1
| #define HAVE_SYS_UTSNAME_H 1
| #define HAVE_SYS_WAIT_H 1
| #define HAVE_SYS_XATTR_H 1
| #define HAVE_SYSEXITS_H 1
| #define HAVE_SYSLOG_H 1
| #define HAVE_TERMIOS_H 1
| #define HAVE_UTIME_H 1
| #define HAVE_UTMP_H 1
| #define HAVE_DIRENT_H 1
| #define MAJOR_IN_SYSMACROS 1
| #define HAVE_NET_IF_H 1
| #define HAVE_LINUX_NETLINK_H 1
| #define HAVE_LINUX_QRTR_H 1
| #define HAVE_LINUX_VM_SOCKETS_H 1
| #define HAVE_LINUX_CAN_H 1
| #define HAVE_LINUX_CAN_BCM_H 1
| #define HAVE_LINUX_CAN_J1939_H 1
| #define HAVE_LINUX_CAN_RAW_H 1
| #define HAVE_CLOCK_T 1
| #define HAVE_MAKEDEV 1
| #define HAVE_HTOLE64 1
| #define _LARGEFILE_SOURCE 1
| #define _FILE_OFFSET_BITS 64
| #if defined(SCO_DS)
| #undef _OFF_T
| #endif
| #define RETSIGTYPE void
| #define HAVE_SSIZE_T 1
| #define HAVE___UINT128_T 1
| #define HAVE_GCC_UINT128_T 1
| #define SIZEOF_INT 4
| #define SIZEOF_LONG 8
| #define ALIGNOF_LONG 8
| #define SIZEOF_LONG_LONG 8
| #define SIZEOF_VOID_P 8
| #define SIZEOF_SHORT 2
| #define SIZEOF_FLOAT 4
| #define SIZEOF_DOUBLE 8
| #define SIZEOF_FPOS_T 16
| #define SIZEOF_SIZE_T 8
| #define ALIGNOF_SIZE_T 8
| #define SIZEOF_PID_T 4
| #define SIZEOF_UINTPTR_T 8
| #define ALIGNOF_MAX_ALIGN_T 16
| #define HAVE_LONG_DOUBLE 1
| #define SIZEOF_LONG_DOUBLE 16
| #define SIZEOF__BOOL 1
| #define SIZEOF_OFF_T 8
| #define SIZEOF_TIME_T 8
| #define SIZEOF_PTHREAD_T 8
| #define SIZEOF_PTHREAD_KEY_T 4
| #define PTHREAD_KEY_T_IS_COMPATIBLE_WITH_INT 1
| #define PY_HAVE_PERF_TRAMPOLINE 1
| #define HAVE_LIBDL 1
| #define HAVE_EXECINFO_H 1
| #define HAVE_BACKTRACE 1
| #define HAVE_DLADDR1 1
| #define HAVE_LINK_H 1
| #define HAVE_BACKTRACE 1
| #define HAVE_DLADDR1 1
| #define HAVE_DLFCN_H 1
| #define HAVE_BACKTRACE 1
| #define HAVE_DLADDR1 1
| #define HAVE_UUID_H 1
| #define HAVE_UUID_GENERATE_TIME_SAFE 1
| #define HAVE_FFI_PREP_CIF_VAR 1
| #define HAVE_FFI_PREP_CLOSURE_LOC 1
| #define HAVE_FFI_CLOSURE_ALLOC 1
| /* end confdefs.h.  */
| 
| 
|         #include <mpdecimal.h>
|         #if MPD_VERSION_HEX < 0x02050000
|         #  error "mpdecimal 2.5.0 or higher required"
|         #endif
| 
| int
| main (void)
| {
| const char *x = mpd_version();
|   ;
|   return 0;
| }
configure:15890: WARNING: no system libmpdec found; falling back to bundled libmpdec (deprecated and scheduled for removal in Python 3.16)
configure:15906: checking for --with-decimal-contextvar
configure:15926: result: yes
configure:15932: checking for decimal libmpdec machine
configure:15972: result: uint128
configure:16029: checking for sqlite3 >= 3.15.2
configure:16036: $PKG_CONFIG --exists --print-errors "sqlite3 >= 3.15.2"
configure:16039: $? = 0
configure:16053: $PKG_CONFIG --exists --print-errors "sqlite3 >= 3.15.2"
configure:16056: $? = 0
configure:16102: result: yes
configure:16119: checking for sqlite3.h
configure:16119: gcc -c   -I/home/villarias/miniconda3/include -I$(srcdir)/Modules/_sqlite conftest.c >&5
configure:16119: $? = 0
configure:16119: result: yes
configure:16143: gcc -c   -I/home/villarias/miniconda3/include -I$(srcdir)/Modules/_sqlite conftest.c >&5
configure:16143: $? = 0
configure:16148: checking for sqlite3_bind_double in -lsqlite3
configure:16177: gcc -o conftest   -I/home/villarias/miniconda3/include -I$(srcdir)/Modules/_sqlite  conftest.c -lsqlite3  -lpthread -ldl  -L/home/villarias/miniconda3/lib -lsqlite3 >&5
configure:16177: $? = 0
configure:16189: result: yes
configure:16206: checking for sqlite3_column_decltype in -lsqlite3
configure:16235: gcc -o conftest   -I/home/villarias/miniconda3/include -I$(srcdir)/Modules/_sqlite  conftest.c -lsqlite3  -lsqlite3 -lpthread -ldl  -L/home/villarias/miniconda3/lib -lsqlite3 >&5
configure:16235: $? = 0
configure:16247: result: yes
configure:16264: checking for sqlite3_column_double in -lsqlite3
configure:16293: gcc -o conftest   -I/home/villarias/miniconda3/include -I$(srcdir)/Modules/_sqlite  conftest.c -lsqlite3  -lsqlite3 -lsqlite3 -lpthread -ldl  -L/home/villarias/miniconda3/lib -lsqlite3 >&5
configure:16293: $? = 0
configure:16305: result: yes
configure:16322: checking for sqlite3_complete in -lsqlite3
configure:16351: gcc -o conftest   -I/home/villarias/miniconda3/include -I$(srcdir)/Modules/_sqlite  conftest.c -lsqlite3  -lsqlite3 -lsqlite3 -lsqlite3 -lpthread -ldl  -L/home/villarias/miniconda3/lib -lsqlite3 >&5
configure:16351: $? = 0
configure:16363: result: yes
configure:16380: checking for sqlite3_progress_handler in -lsqlite3
configure:16409: gcc -o conftest   -I/home/villarias/miniconda3/include -I$(srcdir)/Modules/_sqlite  conftest.c -lsqlite3  -lsqlite3 -lsqlite3 -lsqlite3 -lsqlite3 -lpthread -ldl  -L/home/villarias/miniconda3/lib -lsqlite3 >&5
configure:16409: $? = 0
configure:16421: result: yes
configure:16438: checking for sqlite3_result_double in -lsqlite3
configure:16467: gcc -o conftest   -I/home/villarias/miniconda3/include -I$(srcdir)/Modules/_sqlite  conftest.c -lsqlite3  -lsqlite3 -lsqlite3 -lsqlite3 -lsqlite3 -lsqlite3 -lpthread -ldl  -L/home/villarias/miniconda3/lib -lsqlite3 >&5
configure:16467: $? = 0
configure:16479: result: yes
configure:16496: checking for sqlite3_set_authorizer in -lsqlite3
configure:16525: gcc -o conftest   -I/home/villarias/miniconda3/include -I$(srcdir)/Modules/_sqlite  conftest.c -lsqlite3  -lsqlite3 -lsqlite3 -lsqlite3 -lsqlite3 -lsqlite3 -lsqlite3 -lpthread -ldl  -L/home/villarias/miniconda3/lib -lsqlite3 >&5
configure:16525: $? = 0
configure:16537: result: yes
configure:16554: checking for sqlite3_trace_v2 in -lsqlite3
configure:16583: gcc -o conftest   -I/home/villarias/miniconda3/include -I$(srcdir)/Modules/_sqlite  conftest.c -lsqlite3  -lsqlite3 -lsqlite3 -lsqlite3 -lsqlite3 -lsqlite3 -lsqlite3 -lsqlite3 -lpthread -ldl  -L/home/villarias/miniconda3/lib -lsqlite3 >&5
configure:16583: $? = 0
configure:16595: result: yes
configure:16671: checking for sqlite3_value_double in -lsqlite3
configure:16700: gcc -o conftest   -I/home/villarias/miniconda3/include -I$(srcdir)/Modules/_sqlite  conftest.c -lsqlite3  -lsqlite3 -lsqlite3 -lsqlite3 -lsqlite3 -lsqlite3 -lsqlite3 -lsqlite3 -lsqlite3 -lpthread -ldl  -L/home/villarias/miniconda3/lib -lsqlite3 >&5
configure:16700: $? = 0
configure:16712: result: yes
configure:16728: checking for sqlite3_load_extension in -lsqlite3
configure:16757: gcc -o conftest   -I/home/villarias/miniconda3/include -I$(srcdir)/Modules/_sqlite  conftest.c -lsqlite3  -lsqlite3 -lsqlite3 -lsqlite3 -lsqlite3 -lsqlite3 -lsqlite3 -lsqlite3 -lsqlite3 -lsqlite3 -lpthread -ldl  -L/home/villarias/miniconda3/lib -lsqlite3 >&5
configure:16757: $? = 0
configure:16769: result: yes
configure:16780: checking for sqlite3_serialize in -lsqlite3
configure:16809: gcc -o conftest   -I/home/villarias/miniconda3/include -I$(srcdir)/Modules/_sqlite  conftest.c -lsqlite3  -lsqlite3 -lsqlite3 -lsqlite3 -lsqlite3 -lsqlite3 -lsqlite3 -lsqlite3 -lsqlite3 -lsqlite3 -lpthread -ldl  -L/home/villarias/miniconda3/lib -lsqlite3 >&5
configure:16809: $? = 0
configure:16821: result: yes
configure:16851: checking for --enable-loadable-sqlite-extensions
configure:16878: result: no
configure:16895: $PKG_CONFIG --exists --print-errors "$_QUERY"
configure:16898: $? = 0
configure:16903: checking for tcl >= 8.5.12 tk >= 8.5.12
configure:16910: $PKG_CONFIG --exists --print-errors "$_QUERY"
configure:16913: $? = 0
configure:16927: $PKG_CONFIG --exists --print-errors "$_QUERY"
configure:16930: $? = 0
configure:16968: result: yes
configure:17143: gcc -o conftest   -I/home/villarias/miniconda3/include  conftest.c -lpthread -ldl  -L/home/villarias/miniconda3/lib -ltk8.6 -ltkstub8.6 -ltcl8.6 -ltclstub8.6 >&5
configure:17143: $? = 0
configure:17177: checking for gdbm.h
configure:17177: gcc -c    conftest.c >&5
conftest.c:203:10: fatal error: gdbm.h: No such file or directory
  203 | #include <gdbm.h>
      |          ^~~~~~~~
compilation terminated.
configure:17177: $? = 1
configure: failed program was:
| /* confdefs.h */
| #define _NETBSD_SOURCE 1
| #define __BSD_VISIBLE 1
| #define _DARWIN_C_SOURCE 1
| #define _PYTHONFRAMEWORK ""
| #define _XOPEN_SOURCE 700
| #define _XOPEN_SOURCE_EXTENDED 1
| #define _POSIX_C_SOURCE 200809L
| #define HAVE_STDIO_H 1
| #define HAVE_STDLIB_H 1
| #define HAVE_STRING_H 1
| #define HAVE_INTTYPES_H 1
| #define HAVE_STDINT_H 1
| #define HAVE_STRINGS_H 1
| #define HAVE_SYS_STAT_H 1
| #define HAVE_SYS_TYPES_H 1
| #define HAVE_UNISTD_H 1
| #define HAVE_WCHAR_H 1
| #define STDC_HEADERS 1
| #define _ALL_SOURCE 1
| #define _DARWIN_C_SOURCE 1
| #define _GNU_SOURCE 1
| #define _HPUX_ALT_XOPEN_SOCKET_API 1
| #define _NETBSD_SOURCE 1
| #define _OPENBSD_SOURCE 1
| #define _POSIX_PTHREAD_SEMANTICS 1
| #define __STDC_WANT_IEC_60559_ATTRIBS_EXT__ 1
| #define __STDC_WANT_IEC_60559_BFP_EXT__ 1
| #define __STDC_WANT_IEC_60559_DFP_EXT__ 1
| #define __STDC_WANT_IEC_60559_EXT__ 1
| #define __STDC_WANT_IEC_60559_FUNCS_EXT__ 1
| #define __STDC_WANT_IEC_60559_TYPES_EXT__ 1
| #define __STDC_WANT_LIB_EXT2__ 1
| #define __STDC_WANT_MATH_SPEC_FUNCS__ 1
| #define _TANDEM_SOURCE 1
| #define __EXTENSIONS__ 1
| #define _Py_STACK_GROWS_DOWN 1
| #define PY_SUPPORT_TIER 1
| #define STDC_HEADERS 1
| #define HAVE_ALLOCA_H 1
| #define HAVE_ASM_TYPES_H 1
| #define HAVE_DLFCN_H 1
| #define HAVE_ENDIAN_H 1
| #define HAVE_ERRNO_H 1
| #define HAVE_FCNTL_H 1
| #define HAVE_GRP_H 1
| #define HAVE_LANGINFO_H 1
| #define HAVE_LIBINTL_H 1
| #define HAVE_LINUX_AUXVEC_H 1
| #define HAVE_SYS_AUXV_H 1
| #define HAVE_LINUX_FS_H 1
| #define HAVE_LINUX_LIMITS_H 1
| #define HAVE_LINUX_MEMFD_H 1
| #define HAVE_LINUX_NETFILTER_IPV4_H 1
| #define HAVE_LINUX_RANDOM_H 1
| #define HAVE_LINUX_SOUNDCARD_H 1
| #define HAVE_LINUX_SCHED_H 1
| #define HAVE_LINUX_TIPC_H 1
| #define HAVE_LINUX_WAIT_H 1
| #define HAVE_NETDB_H 1
| #define HAVE_NET_ETHERNET_H 1
| #define HAVE_NETINET_IN_H 1
| #define HAVE_NETPACKET_PACKET_H 1
| #define HAVE_POLL_H 1
| #define HAVE_PTHREAD_H 1
| #define HAVE_PTY_H 1
| #define HAVE_SCHED_H 1
| #define HAVE_SETJMP_H 1
| #define HAVE_SHADOW_H 1
| #define HAVE_SIGNAL_H 1
| #define HAVE_SPAWN_H 1
| #define HAVE_SYS_EPOLL_H 1
| #define HAVE_SYS_EVENTFD_H 1
| #define HAVE_SYS_FILE_H 1
| #define HAVE_SYS_IOCTL_H 1
| #define HAVE_SYS_MMAN_H 1
| #define HAVE_SYS_PARAM_H 1
| #define HAVE_SYS_POLL_H 1
| #define HAVE_SYS_RANDOM_H 1
| #define HAVE_SYS_RESOURCE_H 1
| #define HAVE_SYS_SELECT_H 1
| #define HAVE_SYS_SENDFILE_H 1
| #define HAVE_SYS_SOCKET_H 1
| #define HAVE_SYS_SOUNDCARD_H 1
| #define HAVE_SYS_STAT_H 1
| #define HAVE_SYS_STATVFS_H 1
| #define HAVE_SYS_SYSCALL_H 1
| #define HAVE_SYS_SYSMACROS_H 1
| #define HAVE_SYS_TIME_H 1
| #define HAVE_SYS_TIMES_H 1
| #define HAVE_SYS_TIMERFD_H 1
| #define HAVE_SYS_TYPES_H 1
| #define HAVE_SYS_UIO_H 1
| #define HAVE_SYS_UN_H 1
| #define HAVE_SYS_UTSNAME_H 1
| #define HAVE_SYS_WAIT_H 1
| #define HAVE_SYS_XATTR_H 1
| #define HAVE_SYSEXITS_H 1
| #define HAVE_SYSLOG_H 1
| #define HAVE_TERMIOS_H 1
| #define HAVE_UTIME_H 1
| #define HAVE_UTMP_H 1
| #define HAVE_DIRENT_H 1
| #define MAJOR_IN_SYSMACROS 1
| #define HAVE_NET_IF_H 1
| #define HAVE_LINUX_NETLINK_H 1
| #define HAVE_LINUX_QRTR_H 1
| #define HAVE_LINUX_VM_SOCKETS_H 1
| #define HAVE_LINUX_CAN_H 1
| #define HAVE_LINUX_CAN_BCM_H 1
| #define HAVE_LINUX_CAN_J1939_H 1
| #define HAVE_LINUX_CAN_RAW_H 1
| #define HAVE_CLOCK_T 1
| #define HAVE_MAKEDEV 1
| #define HAVE_HTOLE64 1
| #define _LARGEFILE_SOURCE 1
| #define _FILE_OFFSET_BITS 64
| #if defined(SCO_DS)
| #undef _OFF_T
| #endif
| #define RETSIGTYPE void
| #define HAVE_SSIZE_T 1
| #define HAVE___UINT128_T 1
| #define HAVE_GCC_UINT128_T 1
| #define SIZEOF_INT 4
| #define SIZEOF_LONG 8
| #define ALIGNOF_LONG 8
| #define SIZEOF_LONG_LONG 8
| #define SIZEOF_VOID_P 8
| #define SIZEOF_SHORT 2
| #define SIZEOF_FLOAT 4
| #define SIZEOF_DOUBLE 8
| #define SIZEOF_FPOS_T 16
| #define SIZEOF_SIZE_T 8
| #define ALIGNOF_SIZE_T 8
| #define SIZEOF_PID_T 4
| #define SIZEOF_UINTPTR_T 8
| #define ALIGNOF_MAX_ALIGN_T 16
| #define HAVE_LONG_DOUBLE 1
| #define SIZEOF_LONG_DOUBLE 16
| #define SIZEOF__BOOL 1
| #define SIZEOF_OFF_T 8
| #define SIZEOF_TIME_T 8
| #define SIZEOF_PTHREAD_T 8
| #define SIZEOF_PTHREAD_KEY_T 4
| #define PTHREAD_KEY_T_IS_COMPATIBLE_WITH_INT 1
| #define PY_HAVE_PERF_TRAMPOLINE 1
| #define HAVE_LIBDL 1
| #define HAVE_EXECINFO_H 1
| #define HAVE_BACKTRACE 1
| #define HAVE_DLADDR1 1
| #define HAVE_LINK_H 1
| #define HAVE_BACKTRACE 1
| #define HAVE_DLADDR1 1
| #define HAVE_DLFCN_H 1
| #define HAVE_BACKTRACE 1
| #define HAVE_DLADDR1 1
| #define HAVE_UUID_H 1
| #define HAVE_UUID_GENERATE_TIME_SAFE 1
| #define HAVE_FFI_PREP_CIF_VAR 1
| #define HAVE_FFI_PREP_CLOSURE_LOC 1
| #define HAVE_FFI_CLOSURE_ALLOC 1
| #define WITH_DECIMAL_CONTEXTVAR 1
| #define HAVE_LIBSQLITE3 1
| #define HAVE_LIBSQLITE3 1
| #define HAVE_LIBSQLITE3 1
| #define HAVE_LIBSQLITE3 1
| #define HAVE_LIBSQLITE3 1
| #define HAVE_LIBSQLITE3 1
| #define HAVE_LIBSQLITE3 1
| #define HAVE_LIBSQLITE3 1
| #define HAVE_LIBSQLITE3 1
| #define PY_SQLITE_HAVE_SERIALIZE 1
| /* end confdefs.h.  */
| #include <stddef.h>
| #ifdef HAVE_STDIO_H
| # include <stdio.h>
| #endif
| #ifdef HAVE_STDLIB_H
| # include <stdlib.h>
| #endif
| #ifdef HAVE_STRING_H
| # include <string.h>
| #endif
| #ifdef HAVE_INTTYPES_H
| # include <inttypes.h>
| #endif
| #ifdef HAVE_STDINT_H
| # include <stdint.h>
| #endif
| #ifdef HAVE_STRINGS_H
| # include <strings.h>
| #endif
| #ifdef HAVE_SYS_TYPES_H
| # include <sys/types.h>
| #endif
| #ifdef HAVE_SYS_STAT_H
| # include <sys/stat.h>
| #endif
| #ifdef HAVE_UNISTD_H
| # include <unistd.h>
| #endif
| #include <gdbm.h>
configure:17177: result: no
configure:17253: checking for ndbm.h
configure:17253: gcc -c   conftest.c >&5
conftest.c:203:10: fatal error: ndbm.h: No such file or directory
  203 | #include <ndbm.h>
      |          ^~~~~~~~
compilation terminated.
configure:17253: $? = 1
configure: failed program was:
| /* confdefs.h */
| #define _NETBSD_SOURCE 1
| #define __BSD_VISIBLE 1
| #define _DARWIN_C_SOURCE 1
| #define _PYTHONFRAMEWORK ""
| #define _XOPEN_SOURCE 700
| #define _XOPEN_SOURCE_EXTENDED 1
| #define _POSIX_C_SOURCE 200809L
| #define HAVE_STDIO_H 1
| #define HAVE_STDLIB_H 1
| #define HAVE_STRING_H 1
| #define HAVE_INTTYPES_H 1
| #define HAVE_STDINT_H 1
| #define HAVE_STRINGS_H 1
| #define HAVE_SYS_STAT_H 1
| #define HAVE_SYS_TYPES_H 1
| #define HAVE_UNISTD_H 1
| #define HAVE_WCHAR_H 1
| #define STDC_HEADERS 1
| #define _ALL_SOURCE 1
| #define _DARWIN_C_SOURCE 1
| #define _GNU_SOURCE 1
| #define _HPUX_ALT_XOPEN_SOCKET_API 1
| #define _NETBSD_SOURCE 1
| #define _OPENBSD_SOURCE 1
| #define _POSIX_PTHREAD_SEMANTICS 1
| #define __STDC_WANT_IEC_60559_ATTRIBS_EXT__ 1
| #define __STDC_WANT_IEC_60559_BFP_EXT__ 1
| #define __STDC_WANT_IEC_60559_DFP_EXT__ 1
| #define __STDC_WANT_IEC_60559_EXT__ 1
| #define __STDC_WANT_IEC_60559_FUNCS_EXT__ 1
| #define __STDC_WANT_IEC_60559_TYPES_EXT__ 1
| #define __STDC_WANT_LIB_EXT2__ 1
| #define __STDC_WANT_MATH_SPEC_FUNCS__ 1
| #define _TANDEM_SOURCE 1
| #define __EXTENSIONS__ 1
| #define _Py_STACK_GROWS_DOWN 1
| #define PY_SUPPORT_TIER 1
| #define STDC_HEADERS 1
| #define HAVE_ALLOCA_H 1
| #define HAVE_ASM_TYPES_H 1
| #define HAVE_DLFCN_H 1
| #define HAVE_ENDIAN_H 1
| #define HAVE_ERRNO_H 1
| #define HAVE_FCNTL_H 1
| #define HAVE_GRP_H 1
| #define HAVE_LANGINFO_H 1
| #define HAVE_LIBINTL_H 1
| #define HAVE_LINUX_AUXVEC_H 1
| #define HAVE_SYS_AUXV_H 1
| #define HAVE_LINUX_FS_H 1
| #define HAVE_LINUX_LIMITS_H 1
| #define HAVE_LINUX_MEMFD_H 1
| #define HAVE_LINUX_NETFILTER_IPV4_H 1
| #define HAVE_LINUX_RANDOM_H 1
| #define HAVE_LINUX_SOUNDCARD_H 1
| #define HAVE_LINUX_SCHED_H 1
| #define HAVE_LINUX_TIPC_H 1
| #define HAVE_LINUX_WAIT_H 1
| #define HAVE_NETDB_H 1
| #define HAVE_NET_ETHERNET_H 1
| #define HAVE_NETINET_IN_H 1
| #define HAVE_NETPACKET_PACKET_H 1
| #define HAVE_POLL_H 1
| #define HAVE_PTHREAD_H 1
| #define HAVE_PTY_H 1
| #define HAVE_SCHED_H 1
| #define HAVE_SETJMP_H 1
| #define HAVE_SHADOW_H 1
| #define HAVE_SIGNAL_H 1
| #define HAVE_SPAWN_H 1
| #define HAVE_SYS_EPOLL_H 1
| #define HAVE_SYS_EVENTFD_H 1
| #define HAVE_SYS_FILE_H 1
| #define HAVE_SYS_IOCTL_H 1
| #define HAVE_SYS_MMAN_H 1
| #define HAVE_SYS_PARAM_H 1
| #define HAVE_SYS_POLL_H 1
| #define HAVE_SYS_RANDOM_H 1
| #define HAVE_SYS_RESOURCE_H 1
| #define HAVE_SYS_SELECT_H 1
| #define HAVE_SYS_SENDFILE_H 1
| #define HAVE_SYS_SOCKET_H 1
| #define HAVE_SYS_SOUNDCARD_H 1
| #define HAVE_SYS_STAT_H 1
| #define HAVE_SYS_STATVFS_H 1
| #define HAVE_SYS_SYSCALL_H 1
| #define HAVE_SYS_SYSMACROS_H 1
| #define HAVE_SYS_TIME_H 1
| #define HAVE_SYS_TIMES_H 1
| #define HAVE_SYS_TIMERFD_H 1
| #define HAVE_SYS_TYPES_H 1
| #define HAVE_SYS_UIO_H 1
| #define HAVE_SYS_UN_H 1
| #define HAVE_SYS_UTSNAME_H 1
| #define HAVE_SYS_WAIT_H 1
| #define HAVE_SYS_XATTR_H 1
| #define HAVE_SYSEXITS_H 1
| #define HAVE_SYSLOG_H 1
| #define HAVE_TERMIOS_H 1
| #define HAVE_UTIME_H 1
| #define HAVE_UTMP_H 1
| #define HAVE_DIRENT_H 1
| #define MAJOR_IN_SYSMACROS 1
| #define HAVE_NET_IF_H 1
| #define HAVE_LINUX_NETLINK_H 1
| #define HAVE_LINUX_QRTR_H 1
| #define HAVE_LINUX_VM_SOCKETS_H 1
| #define HAVE_LINUX_CAN_H 1
| #define HAVE_LINUX_CAN_BCM_H 1
| #define HAVE_LINUX_CAN_J1939_H 1
| #define HAVE_LINUX_CAN_RAW_H 1
| #define HAVE_CLOCK_T 1
| #define HAVE_MAKEDEV 1
| #define HAVE_HTOLE64 1
| #define _LARGEFILE_SOURCE 1
| #define _FILE_OFFSET_BITS 64
| #if defined(SCO_DS)
| #undef _OFF_T
| #endif
| #define RETSIGTYPE void
| #define HAVE_SSIZE_T 1
| #define HAVE___UINT128_T 1
| #define HAVE_GCC_UINT128_T 1
| #define SIZEOF_INT 4
| #define SIZEOF_LONG 8
| #define ALIGNOF_LONG 8
| #define SIZEOF_LONG_LONG 8
| #define SIZEOF_VOID_P 8
| #define SIZEOF_SHORT 2
| #define SIZEOF_FLOAT 4
| #define SIZEOF_DOUBLE 8
| #define SIZEOF_FPOS_T 16
| #define SIZEOF_SIZE_T 8
| #define ALIGNOF_SIZE_T 8
| #define SIZEOF_PID_T 4
| #define SIZEOF_UINTPTR_T 8
| #define ALIGNOF_MAX_ALIGN_T 16
| #define HAVE_LONG_DOUBLE 1
| #define SIZEOF_LONG_DOUBLE 16
| #define SIZEOF__BOOL 1
| #define SIZEOF_OFF_T 8
| #define SIZEOF_TIME_T 8
| #define SIZEOF_PTHREAD_T 8
| #define SIZEOF_PTHREAD_KEY_T 4
| #define PTHREAD_KEY_T_IS_COMPATIBLE_WITH_INT 1
| #define PY_HAVE_PERF_TRAMPOLINE 1
| #define HAVE_LIBDL 1
| #define HAVE_EXECINFO_H 1
| #define HAVE_BACKTRACE 1
| #define HAVE_DLADDR1 1
| #define HAVE_LINK_H 1
| #define HAVE_BACKTRACE 1
| #define HAVE_DLADDR1 1
| #define HAVE_DLFCN_H 1
| #define HAVE_BACKTRACE 1
| #define HAVE_DLADDR1 1
| #define HAVE_UUID_H 1
| #define HAVE_UUID_GENERATE_TIME_SAFE 1
| #define HAVE_FFI_PREP_CIF_VAR 1
| #define HAVE_FFI_PREP_CLOSURE_LOC 1
| #define HAVE_FFI_CLOSURE_ALLOC 1
| #define WITH_DECIMAL_CONTEXTVAR 1
| #define HAVE_LIBSQLITE3 1
| #define HAVE_LIBSQLITE3 1
| #define HAVE_LIBSQLITE3 1
| #define HAVE_LIBSQLITE3 1
| #define HAVE_LIBSQLITE3 1
| #define HAVE_LIBSQLITE3 1
| #define HAVE_LIBSQLITE3 1
| #define HAVE_LIBSQLITE3 1
| #define HAVE_LIBSQLITE3 1
| #define PY_SQLITE_HAVE_SERIALIZE 1
| /* end confdefs.h.  */
| #include <stddef.h>
| #ifdef HAVE_STDIO_H
| # include <stdio.h>
| #endif
| #ifdef HAVE_STDLIB_H
| # include <stdlib.h>
| #endif
| #ifdef HAVE_STRING_H
| # include <string.h>
| #endif
| #ifdef HAVE_INTTYPES_H
| # include <inttypes.h>
| #endif
| #ifdef HAVE_STDINT_H
| # include <stdint.h>
| #endif
| #ifdef HAVE_STRINGS_H
| # include <strings.h>
| #endif
| #ifdef HAVE_SYS_TYPES_H
| # include <sys/types.h>
| #endif
| #ifdef HAVE_SYS_STAT_H
| # include <sys/stat.h>
| #endif
| #ifdef HAVE_UNISTD_H
| # include <unistd.h>
| #endif
| #include <ndbm.h>
configure:17253: result: no
configure:17343: checking for ndbm presence and linker args
configure:17362: result:  ()
configure:17365: checking for gdbm/ndbm.h
configure:17375: gcc -E  conftest.c
conftest.c:175:10: fatal error: gdbm/ndbm.h: No such file or directory
  175 | #include <gdbm/ndbm.h>
      |          ^~~~~~~~~~~~~
compilation terminated.
configure:17375: $? = 1
configure: failed program was:
| /* confdefs.h */
| #define _NETBSD_SOURCE 1
| #define __BSD_VISIBLE 1
| #define _DARWIN_C_SOURCE 1
| #define _PYTHONFRAMEWORK ""
| #define _XOPEN_SOURCE 700
| #define _XOPEN_SOURCE_EXTENDED 1
| #define _POSIX_C_SOURCE 200809L
| #define HAVE_STDIO_H 1
| #define HAVE_STDLIB_H 1
| #define HAVE_STRING_H 1
| #define HAVE_INTTYPES_H 1
| #define HAVE_STDINT_H 1
| #define HAVE_STRINGS_H 1
| #define HAVE_SYS_STAT_H 1
| #define HAVE_SYS_TYPES_H 1
| #define HAVE_UNISTD_H 1
| #define HAVE_WCHAR_H 1
| #define STDC_HEADERS 1
| #define _ALL_SOURCE 1
| #define _DARWIN_C_SOURCE 1
| #define _GNU_SOURCE 1
| #define _HPUX_ALT_XOPEN_SOCKET_API 1
| #define _NETBSD_SOURCE 1
| #define _OPENBSD_SOURCE 1
| #define _POSIX_PTHREAD_SEMANTICS 1
| #define __STDC_WANT_IEC_60559_ATTRIBS_EXT__ 1
| #define __STDC_WANT_IEC_60559_BFP_EXT__ 1
| #define __STDC_WANT_IEC_60559_DFP_EXT__ 1
| #define __STDC_WANT_IEC_60559_EXT__ 1
| #define __STDC_WANT_IEC_60559_FUNCS_EXT__ 1
| #define __STDC_WANT_IEC_60559_TYPES_EXT__ 1
| #define __STDC_WANT_LIB_EXT2__ 1
| #define __STDC_WANT_MATH_SPEC_FUNCS__ 1
| #define _TANDEM_SOURCE 1
| #define __EXTENSIONS__ 1
| #define _Py_STACK_GROWS_DOWN 1
| #define PY_SUPPORT_TIER 1
| #define STDC_HEADERS 1
| #define HAVE_ALLOCA_H 1
| #define HAVE_ASM_TYPES_H 1
| #define HAVE_DLFCN_H 1
| #define HAVE_ENDIAN_H 1
| #define HAVE_ERRNO_H 1
| #define HAVE_FCNTL_H 1
| #define HAVE_GRP_H 1
| #define HAVE_LANGINFO_H 1
| #define HAVE_LIBINTL_H 1
| #define HAVE_LINUX_AUXVEC_H 1
| #define HAVE_SYS_AUXV_H 1
| #define HAVE_LINUX_FS_H 1
| #define HAVE_LINUX_LIMITS_H 1
| #define HAVE_LINUX_MEMFD_H 1
| #define HAVE_LINUX_NETFILTER_IPV4_H 1
| #define HAVE_LINUX_RANDOM_H 1
| #define HAVE_LINUX_SOUNDCARD_H 1
| #define HAVE_LINUX_SCHED_H 1
| #define HAVE_LINUX_TIPC_H 1
| #define HAVE_LINUX_WAIT_H 1
| #define HAVE_NETDB_H 1
| #define HAVE_NET_ETHERNET_H 1
| #define HAVE_NETINET_IN_H 1
| #define HAVE_NETPACKET_PACKET_H 1
| #define HAVE_POLL_H 1
| #define HAVE_PTHREAD_H 1
| #define HAVE_PTY_H 1
| #define HAVE_SCHED_H 1
| #define HAVE_SETJMP_H 1
| #define HAVE_SHADOW_H 1
| #define HAVE_SIGNAL_H 1
| #define HAVE_SPAWN_H 1
| #define HAVE_SYS_EPOLL_H 1
| #define HAVE_SYS_EVENTFD_H 1
| #define HAVE_SYS_FILE_H 1
| #define HAVE_SYS_IOCTL_H 1
| #define HAVE_SYS_MMAN_H 1
| #define HAVE_SYS_PARAM_H 1
| #define HAVE_SYS_POLL_H 1
| #define HAVE_SYS_RANDOM_H 1
| #define HAVE_SYS_RESOURCE_H 1
| #define HAVE_SYS_SELECT_H 1
| #define HAVE_SYS_SENDFILE_H 1
| #define HAVE_SYS_SOCKET_H 1
| #define HAVE_SYS_SOUNDCARD_H 1
| #define HAVE_SYS_STAT_H 1
| #define HAVE_SYS_STATVFS_H 1
| #define HAVE_SYS_SYSCALL_H 1
| #define HAVE_SYS_SYSMACROS_H 1
| #define HAVE_SYS_TIME_H 1
| #define HAVE_SYS_TIMES_H 1
| #define HAVE_SYS_TIMERFD_H 1
| #define HAVE_SYS_TYPES_H 1
| #define HAVE_SYS_UIO_H 1
| #define HAVE_SYS_UN_H 1
| #define HAVE_SYS_UTSNAME_H 1
| #define HAVE_SYS_WAIT_H 1
| #define HAVE_SYS_XATTR_H 1
| #define HAVE_SYSEXITS_H 1
| #define HAVE_SYSLOG_H 1
| #define HAVE_TERMIOS_H 1
| #define HAVE_UTIME_H 1
| #define HAVE_UTMP_H 1
| #define HAVE_DIRENT_H 1
| #define MAJOR_IN_SYSMACROS 1
| #define HAVE_NET_IF_H 1
| #define HAVE_LINUX_NETLINK_H 1
| #define HAVE_LINUX_QRTR_H 1
| #define HAVE_LINUX_VM_SOCKETS_H 1
| #define HAVE_LINUX_CAN_H 1
| #define HAVE_LINUX_CAN_BCM_H 1
| #define HAVE_LINUX_CAN_J1939_H 1
| #define HAVE_LINUX_CAN_RAW_H 1
| #define HAVE_CLOCK_T 1
| #define HAVE_MAKEDEV 1
| #define HAVE_HTOLE64 1
| #define _LARGEFILE_SOURCE 1
| #define _FILE_OFFSET_BITS 64
| #if defined(SCO_DS)
| #undef _OFF_T
| #endif
| #define RETSIGTYPE void
| #define HAVE_SSIZE_T 1
| #define HAVE___UINT128_T 1
| #define HAVE_GCC_UINT128_T 1
| #define SIZEOF_INT 4
| #define SIZEOF_LONG 8
| #define ALIGNOF_LONG 8
| #define SIZEOF_LONG_LONG 8
| #define SIZEOF_VOID_P 8
| #define SIZEOF_SHORT 2
| #define SIZEOF_FLOAT 4
| #define SIZEOF_DOUBLE 8
| #define SIZEOF_FPOS_T 16
| #define SIZEOF_SIZE_T 8
| #define ALIGNOF_SIZE_T 8
| #define SIZEOF_PID_T 4
| #define SIZEOF_UINTPTR_T 8
| #define ALIGNOF_MAX_ALIGN_T 16
| #define HAVE_LONG_DOUBLE 1
| #define SIZEOF_LONG_DOUBLE 16
| #define SIZEOF__BOOL 1
| #define SIZEOF_OFF_T 8
| #define SIZEOF_TIME_T 8
| #define SIZEOF_PTHREAD_T 8
| #define SIZEOF_PTHREAD_KEY_T 4
| #define PTHREAD_KEY_T_IS_COMPATIBLE_WITH_INT 1
| #define PY_HAVE_PERF_TRAMPOLINE 1
| #define HAVE_LIBDL 1
| #define HAVE_EXECINFO_H 1
| #define HAVE_BACKTRACE 1
| #define HAVE_DLADDR1 1
| #define HAVE_LINK_H 1
| #define HAVE_BACKTRACE 1
| #define HAVE_DLADDR1 1
| #define HAVE_DLFCN_H 1
| #define HAVE_BACKTRACE 1
| #define HAVE_DLADDR1 1
| #define HAVE_UUID_H 1
| #define HAVE_UUID_GENERATE_TIME_SAFE 1
| #define HAVE_FFI_PREP_CIF_VAR 1
| #define HAVE_FFI_PREP_CLOSURE_LOC 1
| #define HAVE_FFI_CLOSURE_ALLOC 1
| #define WITH_DECIMAL_CONTEXTVAR 1
| #define HAVE_LIBSQLITE3 1
| #define HAVE_LIBSQLITE3 1
| #define HAVE_LIBSQLITE3 1
| #define HAVE_LIBSQLITE3 1
| #define HAVE_LIBSQLITE3 1
| #define HAVE_LIBSQLITE3 1
| #define HAVE_LIBSQLITE3 1
| #define HAVE_LIBSQLITE3 1
| #define HAVE_LIBSQLITE3 1
| #define PY_SQLITE_HAVE_SERIALIZE 1
| /* end confdefs.h.  */
| #include <gdbm/ndbm.h>
configure:17385: result: no
configure:17396: checking for gdbm-ndbm.h
configure:17406: gcc -E  conftest.c
conftest.c:175:10: fatal error: gdbm-ndbm.h: No such file or directory
  175 | #include <gdbm-ndbm.h>
      |          ^~~~~~~~~~~~~
compilation terminated.
configure:17406: $? = 1
configure: failed program was:
| /* confdefs.h */
| #define _NETBSD_SOURCE 1
| #define __BSD_VISIBLE 1
| #define _DARWIN_C_SOURCE 1
| #define _PYTHONFRAMEWORK ""
| #define _XOPEN_SOURCE 700
| #define _XOPEN_SOURCE_EXTENDED 1
| #define _POSIX_C_SOURCE 200809L
| #define HAVE_STDIO_H 1
| #define HAVE_STDLIB_H 1
| #define HAVE_STRING_H 1
| #define HAVE_INTTYPES_H 1
| #define HAVE_STDINT_H 1
| #define HAVE_STRINGS_H 1
| #define HAVE_SYS_STAT_H 1
| #define HAVE_SYS_TYPES_H 1
| #define HAVE_UNISTD_H 1
| #define HAVE_WCHAR_H 1
| #define STDC_HEADERS 1
| #define _ALL_SOURCE 1
| #define _DARWIN_C_SOURCE 1
| #define _GNU_SOURCE 1
| #define _HPUX_ALT_XOPEN_SOCKET_API 1
| #define _NETBSD_SOURCE 1
| #define _OPENBSD_SOURCE 1
| #define _POSIX_PTHREAD_SEMANTICS 1
| #define __STDC_WANT_IEC_60559_ATTRIBS_EXT__ 1
| #define __STDC_WANT_IEC_60559_BFP_EXT__ 1
| #define __STDC_WANT_IEC_60559_DFP_EXT__ 1
| #define __STDC_WANT_IEC_60559_EXT__ 1
| #define __STDC_WANT_IEC_60559_FUNCS_EXT__ 1
| #define __STDC_WANT_IEC_60559_TYPES_EXT__ 1
| #define __STDC_WANT_LIB_EXT2__ 1
| #define __STDC_WANT_MATH_SPEC_FUNCS__ 1
| #define _TANDEM_SOURCE 1
| #define __EXTENSIONS__ 1
| #define _Py_STACK_GROWS_DOWN 1
| #define PY_SUPPORT_TIER 1
| #define STDC_HEADERS 1
| #define HAVE_ALLOCA_H 1
| #define HAVE_ASM_TYPES_H 1
| #define HAVE_DLFCN_H 1
| #define HAVE_ENDIAN_H 1
| #define HAVE_ERRNO_H 1
| #define HAVE_FCNTL_H 1
| #define HAVE_GRP_H 1
| #define HAVE_LANGINFO_H 1
| #define HAVE_LIBINTL_H 1
| #define HAVE_LINUX_AUXVEC_H 1
| #define HAVE_SYS_AUXV_H 1
| #define HAVE_LINUX_FS_H 1
| #define HAVE_LINUX_LIMITS_H 1
| #define HAVE_LINUX_MEMFD_H 1
| #define HAVE_LINUX_NETFILTER_IPV4_H 1
| #define HAVE_LINUX_RANDOM_H 1
| #define HAVE_LINUX_SOUNDCARD_H 1
| #define HAVE_LINUX_SCHED_H 1
| #define HAVE_LINUX_TIPC_H 1
| #define HAVE_LINUX_WAIT_H 1
| #define HAVE_NETDB_H 1
| #define HAVE_NET_ETHERNET_H 1
| #define HAVE_NETINET_IN_H 1
| #define HAVE_NETPACKET_PACKET_H 1
| #define HAVE_POLL_H 1
| #define HAVE_PTHREAD_H 1
| #define HAVE_PTY_H 1
| #define HAVE_SCHED_H 1
| #define HAVE_SETJMP_H 1
| #define HAVE_SHADOW_H 1
| #define HAVE_SIGNAL_H 1
| #define HAVE_SPAWN_H 1
| #define HAVE_SYS_EPOLL_H 1
| #define HAVE_SYS_EVENTFD_H 1
| #define HAVE_SYS_FILE_H 1
| #define HAVE_SYS_IOCTL_H 1
| #define HAVE_SYS_MMAN_H 1
| #define HAVE_SYS_PARAM_H 1
| #define HAVE_SYS_POLL_H 1
| #define HAVE_SYS_RANDOM_H 1
| #define HAVE_SYS_RESOURCE_H 1
| #define HAVE_SYS_SELECT_H 1
| #define HAVE_SYS_SENDFILE_H 1
| #define HAVE_SYS_SOCKET_H 1
| #define HAVE_SYS_SOUNDCARD_H 1
| #define HAVE_SYS_STAT_H 1
| #define HAVE_SYS_STATVFS_H 1
| #define HAVE_SYS_SYSCALL_H 1
| #define HAVE_SYS_SYSMACROS_H 1
| #define HAVE_SYS_TIME_H 1
| #define HAVE_SYS_TIMES_H 1
| #define HAVE_SYS_TIMERFD_H 1
| #define HAVE_SYS_TYPES_H 1
| #define HAVE_SYS_UIO_H 1
| #define HAVE_SYS_UN_H 1
| #define HAVE_SYS_UTSNAME_H 1
| #define HAVE_SYS_WAIT_H 1
| #define HAVE_SYS_XATTR_H 1
| #define HAVE_SYSEXITS_H 1
| #define HAVE_SYSLOG_H 1
| #define HAVE_TERMIOS_H 1
| #define HAVE_UTIME_H 1
| #define HAVE_UTMP_H 1
| #define HAVE_DIRENT_H 1
| #define MAJOR_IN_SYSMACROS 1
| #define HAVE_NET_IF_H 1
| #define HAVE_LINUX_NETLINK_H 1
| #define HAVE_LINUX_QRTR_H 1
| #define HAVE_LINUX_VM_SOCKETS_H 1
| #define HAVE_LINUX_CAN_H 1
| #define HAVE_LINUX_CAN_BCM_H 1
| #define HAVE_LINUX_CAN_J1939_H 1
| #define HAVE_LINUX_CAN_RAW_H 1
| #define HAVE_CLOCK_T 1
| #define HAVE_MAKEDEV 1
| #define HAVE_HTOLE64 1
| #define _LARGEFILE_SOURCE 1
| #define _FILE_OFFSET_BITS 64
| #if defined(SCO_DS)
| #undef _OFF_T
| #endif
| #define RETSIGTYPE void
| #define HAVE_SSIZE_T 1
| #define HAVE___UINT128_T 1
| #define HAVE_GCC_UINT128_T 1
| #define SIZEOF_INT 4
| #define SIZEOF_LONG 8
| #define ALIGNOF_LONG 8
| #define SIZEOF_LONG_LONG 8
| #define SIZEOF_VOID_P 8
| #define SIZEOF_SHORT 2
| #define SIZEOF_FLOAT 4
| #define SIZEOF_DOUBLE 8
| #define SIZEOF_FPOS_T 16
| #define SIZEOF_SIZE_T 8
| #define ALIGNOF_SIZE_T 8
| #define SIZEOF_PID_T 4
| #define SIZEOF_UINTPTR_T 8
| #define ALIGNOF_MAX_ALIGN_T 16
| #define HAVE_LONG_DOUBLE 1
| #define SIZEOF_LONG_DOUBLE 16
| #define SIZEOF__BOOL 1
| #define SIZEOF_OFF_T 8
| #define SIZEOF_TIME_T 8
| #define SIZEOF_PTHREAD_T 8
| #define SIZEOF_PTHREAD_KEY_T 4
| #define PTHREAD_KEY_T_IS_COMPATIBLE_WITH_INT 1
| #define PY_HAVE_PERF_TRAMPOLINE 1
| #define HAVE_LIBDL 1
| #define HAVE_EXECINFO_H 1
| #define HAVE_BACKTRACE 1
| #define HAVE_DLADDR1 1
| #define HAVE_LINK_H 1
| #define HAVE_BACKTRACE 1
| #define HAVE_DLADDR1 1
| #define HAVE_DLFCN_H 1
| #define HAVE_BACKTRACE 1
| #define HAVE_DLADDR1 1
| #define HAVE_UUID_H 1
| #define HAVE_UUID_GENERATE_TIME_SAFE 1
| #define HAVE_FFI_PREP_CIF_VAR 1
| #define HAVE_FFI_PREP_CLOSURE_LOC 1
| #define HAVE_FFI_CLOSURE_ALLOC 1
| #define WITH_DECIMAL_CONTEXTVAR 1
| #define HAVE_LIBSQLITE3 1
| #define HAVE_LIBSQLITE3 1
| #define HAVE_LIBSQLITE3 1
| #define HAVE_LIBSQLITE3 1
| #define HAVE_LIBSQLITE3 1
| #define HAVE_LIBSQLITE3 1
| #define HAVE_LIBSQLITE3 1
| #define HAVE_LIBSQLITE3 1
| #define HAVE_LIBSQLITE3 1
| #define PY_SQLITE_HAVE_SERIALIZE 1
| /* end confdefs.h.  */
| #include <gdbm-ndbm.h>
configure:17416: result: no
configure:17518: checking for db.h
configure:17518: gcc -c   conftest.c >&5
conftest.c:203:10: fatal error: db.h: No such file or directory
  203 | #include <db.h>
      |          ^~~~~~
compilation terminated.
configure:17518: $? = 1
configure: failed program was:
| /* confdefs.h */
| #define _NETBSD_SOURCE 1
| #define __BSD_VISIBLE 1
| #define _DARWIN_C_SOURCE 1
| #define _PYTHONFRAMEWORK ""
| #define _XOPEN_SOURCE 700
| #define _XOPEN_SOURCE_EXTENDED 1
| #define _POSIX_C_SOURCE 200809L
| #define HAVE_STDIO_H 1
| #define HAVE_STDLIB_H 1
| #define HAVE_STRING_H 1
| #define HAVE_INTTYPES_H 1
| #define HAVE_STDINT_H 1
| #define HAVE_STRINGS_H 1
| #define HAVE_SYS_STAT_H 1
| #define HAVE_SYS_TYPES_H 1
| #define HAVE_UNISTD_H 1
| #define HAVE_WCHAR_H 1
| #define STDC_HEADERS 1
| #define _ALL_SOURCE 1
| #define _DARWIN_C_SOURCE 1
| #define _GNU_SOURCE 1
| #define _HPUX_ALT_XOPEN_SOCKET_API 1
| #define _NETBSD_SOURCE 1
| #define _OPENBSD_SOURCE 1
| #define _POSIX_PTHREAD_SEMANTICS 1
| #define __STDC_WANT_IEC_60559_ATTRIBS_EXT__ 1
| #define __STDC_WANT_IEC_60559_BFP_EXT__ 1
| #define __STDC_WANT_IEC_60559_DFP_EXT__ 1
| #define __STDC_WANT_IEC_60559_EXT__ 1
| #define __STDC_WANT_IEC_60559_FUNCS_EXT__ 1
| #define __STDC_WANT_IEC_60559_TYPES_EXT__ 1
| #define __STDC_WANT_LIB_EXT2__ 1
| #define __STDC_WANT_MATH_SPEC_FUNCS__ 1
| #define _TANDEM_SOURCE 1
| #define __EXTENSIONS__ 1
| #define _Py_STACK_GROWS_DOWN 1
| #define PY_SUPPORT_TIER 1
| #define STDC_HEADERS 1
| #define HAVE_ALLOCA_H 1
| #define HAVE_ASM_TYPES_H 1
| #define HAVE_DLFCN_H 1
| #define HAVE_ENDIAN_H 1
| #define HAVE_ERRNO_H 1
| #define HAVE_FCNTL_H 1
| #define HAVE_GRP_H 1
| #define HAVE_LANGINFO_H 1
| #define HAVE_LIBINTL_H 1
| #define HAVE_LINUX_AUXVEC_H 1
| #define HAVE_SYS_AUXV_H 1
| #define HAVE_LINUX_FS_H 1
| #define HAVE_LINUX_LIMITS_H 1
| #define HAVE_LINUX_MEMFD_H 1
| #define HAVE_LINUX_NETFILTER_IPV4_H 1
| #define HAVE_LINUX_RANDOM_H 1
| #define HAVE_LINUX_SOUNDCARD_H 1
| #define HAVE_LINUX_SCHED_H 1
| #define HAVE_LINUX_TIPC_H 1
| #define HAVE_LINUX_WAIT_H 1
| #define HAVE_NETDB_H 1
| #define HAVE_NET_ETHERNET_H 1
| #define HAVE_NETINET_IN_H 1
| #define HAVE_NETPACKET_PACKET_H 1
| #define HAVE_POLL_H 1
| #define HAVE_PTHREAD_H 1
| #define HAVE_PTY_H 1
| #define HAVE_SCHED_H 1
| #define HAVE_SETJMP_H 1
| #define HAVE_SHADOW_H 1
| #define HAVE_SIGNAL_H 1
| #define HAVE_SPAWN_H 1
| #define HAVE_SYS_EPOLL_H 1
| #define HAVE_SYS_EVENTFD_H 1
| #define HAVE_SYS_FILE_H 1
| #define HAVE_SYS_IOCTL_H 1
| #define HAVE_SYS_MMAN_H 1
| #define HAVE_SYS_PARAM_H 1
| #define HAVE_SYS_POLL_H 1
| #define HAVE_SYS_RANDOM_H 1
| #define HAVE_SYS_RESOURCE_H 1
| #define HAVE_SYS_SELECT_H 1
| #define HAVE_SYS_SENDFILE_H 1
| #define HAVE_SYS_SOCKET_H 1
| #define HAVE_SYS_SOUNDCARD_H 1
| #define HAVE_SYS_STAT_H 1
| #define HAVE_SYS_STATVFS_H 1
| #define HAVE_SYS_SYSCALL_H 1
| #define HAVE_SYS_SYSMACROS_H 1
| #define HAVE_SYS_TIME_H 1
| #define HAVE_SYS_TIMES_H 1
| #define HAVE_SYS_TIMERFD_H 1
| #define HAVE_SYS_TYPES_H 1
| #define HAVE_SYS_UIO_H 1
| #define HAVE_SYS_UN_H 1
| #define HAVE_SYS_UTSNAME_H 1
| #define HAVE_SYS_WAIT_H 1
| #define HAVE_SYS_XATTR_H 1
| #define HAVE_SYSEXITS_H 1
| #define HAVE_SYSLOG_H 1
| #define HAVE_TERMIOS_H 1
| #define HAVE_UTIME_H 1
| #define HAVE_UTMP_H 1
| #define HAVE_DIRENT_H 1
| #define MAJOR_IN_SYSMACROS 1
| #define HAVE_NET_IF_H 1
| #define HAVE_LINUX_NETLINK_H 1
| #define HAVE_LINUX_QRTR_H 1
| #define HAVE_LINUX_VM_SOCKETS_H 1
| #define HAVE_LINUX_CAN_H 1
| #define HAVE_LINUX_CAN_BCM_H 1
| #define HAVE_LINUX_CAN_J1939_H 1
| #define HAVE_LINUX_CAN_RAW_H 1
| #define HAVE_CLOCK_T 1
| #define HAVE_MAKEDEV 1
| #define HAVE_HTOLE64 1
| #define _LARGEFILE_SOURCE 1
| #define _FILE_OFFSET_BITS 64
| #if defined(SCO_DS)
| #undef _OFF_T
| #endif
| #define RETSIGTYPE void
| #define HAVE_SSIZE_T 1
| #define HAVE___UINT128_T 1
| #define HAVE_GCC_UINT128_T 1
| #define SIZEOF_INT 4
| #define SIZEOF_LONG 8
| #define ALIGNOF_LONG 8
| #define SIZEOF_LONG_LONG 8
| #define SIZEOF_VOID_P 8
| #define SIZEOF_SHORT 2
| #define SIZEOF_FLOAT 4
| #define SIZEOF_DOUBLE 8
| #define SIZEOF_FPOS_T 16
| #define SIZEOF_SIZE_T 8
| #define ALIGNOF_SIZE_T 8
| #define SIZEOF_PID_T 4
| #define SIZEOF_UINTPTR_T 8
| #define ALIGNOF_MAX_ALIGN_T 16
| #define HAVE_LONG_DOUBLE 1
| #define SIZEOF_LONG_DOUBLE 16
| #define SIZEOF__BOOL 1
| #define SIZEOF_OFF_T 8
| #define SIZEOF_TIME_T 8
| #define SIZEOF_PTHREAD_T 8
| #define SIZEOF_PTHREAD_KEY_T 4
| #define PTHREAD_KEY_T_IS_COMPATIBLE_WITH_INT 1
| #define PY_HAVE_PERF_TRAMPOLINE 1
| #define HAVE_LIBDL 1
| #define HAVE_EXECINFO_H 1
| #define HAVE_BACKTRACE 1
| #define HAVE_DLADDR1 1
| #define HAVE_LINK_H 1
| #define HAVE_BACKTRACE 1
| #define HAVE_DLADDR1 1
| #define HAVE_DLFCN_H 1
| #define HAVE_BACKTRACE 1
| #define HAVE_DLADDR1 1
| #define HAVE_UUID_H 1
| #define HAVE_UUID_GENERATE_TIME_SAFE 1
| #define HAVE_FFI_PREP_CIF_VAR 1
| #define HAVE_FFI_PREP_CLOSURE_LOC 1
| #define HAVE_FFI_CLOSURE_ALLOC 1
| #define WITH_DECIMAL_CONTEXTVAR 1
| #define HAVE_LIBSQLITE3 1
| #define HAVE_LIBSQLITE3 1
| #define HAVE_LIBSQLITE3 1
| #define HAVE_LIBSQLITE3 1
| #define HAVE_LIBSQLITE3 1
| #define HAVE_LIBSQLITE3 1
| #define HAVE_LIBSQLITE3 1
| #define HAVE_LIBSQLITE3 1
| #define HAVE_LIBSQLITE3 1
| #define PY_SQLITE_HAVE_SERIALIZE 1
| /* end confdefs.h.  */
| #include <stddef.h>
| #ifdef HAVE_STDIO_H
| # include <stdio.h>
| #endif
| #ifdef HAVE_STDLIB_H
| # include <stdlib.h>
| #endif
| #ifdef HAVE_STRING_H
| # include <string.h>
| #endif
| #ifdef HAVE_INTTYPES_H
| # include <inttypes.h>
| #endif
| #ifdef HAVE_STDINT_H
| # include <stdint.h>
| #endif
| #ifdef HAVE_STRINGS_H
| # include <strings.h>
| #endif
| #ifdef HAVE_SYS_TYPES_H
| # include <sys/types.h>
| #endif
| #ifdef HAVE_SYS_STAT_H
| # include <sys/stat.h>
| #endif
| #ifdef HAVE_UNISTD_H
| # include <unistd.h>
| #endif
| #include <db.h>
configure:17518: result: no
configure:17590: checking for --with-dbmliborder
configure:17626: result: gdbm:ndbm:bdb
configure:17629: checking for _dbm module CFLAGS and LIBS
configure:17663: result:  
configure:18113: checking if PTHREAD_SCOPE_SYSTEM is supported
configure:18140: gcc -pthread -o conftest    conftest.c -lpthread -ldl  >&5
configure:18140: $? = 0
configure:18140: ./conftest
configure:18140: $? = 0
configure:18155: result: yes
configure:18165: checking for pthread_sigmask
configure:18165: gcc -pthread -o conftest    conftest.c -lpthread -ldl  >&5
configure:18165: $? = 0
configure:18165: result: yes
configure:18179: checking for pthread_getcpuclockid
configure:18179: gcc -pthread -o conftest    conftest.c -lpthread -ldl  >&5
configure:18179: $? = 0
configure:18179: result: yes
configure:18199: checking if --enable-ipv6 is specified
configure:18232: gcc -pthread -c   conftest.c >&5
configure:18232: $? = 0
configure:18253: result: yes
configure:18257: checking if RFC2553 API is available
configure:18274: gcc -pthread -c   conftest.c >&5
configure:18274: $? = 0
configure:18277: result: yes
configure:18311: checking for IPV6_INRIA_VERSION defined in netinet/in.h
configure:18335: gcc -pthread -c   conftest.c >&5
conftest.c: In function 'main':
conftest.c:188:3: error: unknown type name 'choke'
  188 |   choke me
      |   ^~~~~
configure:18335: $? = 1
configure: failed program was:
| /* confdefs.h */
| #define _NETBSD_SOURCE 1
| #define __BSD_VISIBLE 1
| #define _DARWIN_C_SOURCE 1
| #define _PYTHONFRAMEWORK ""
| #define _XOPEN_SOURCE 700
| #define _XOPEN_SOURCE_EXTENDED 1
| #define _POSIX_C_SOURCE 200809L
| #define HAVE_STDIO_H 1
| #define HAVE_STDLIB_H 1
| #define HAVE_STRING_H 1
| #define HAVE_INTTYPES_H 1
| #define HAVE_STDINT_H 1
| #define HAVE_STRINGS_H 1
| #define HAVE_SYS_STAT_H 1
| #define HAVE_SYS_TYPES_H 1
| #define HAVE_UNISTD_H 1
| #define HAVE_WCHAR_H 1
| #define STDC_HEADERS 1
| #define _ALL_SOURCE 1
| #define _DARWIN_C_SOURCE 1
| #define _GNU_SOURCE 1
| #define _HPUX_ALT_XOPEN_SOCKET_API 1
| #define _NETBSD_SOURCE 1
| #define _OPENBSD_SOURCE 1
| #define _POSIX_PTHREAD_SEMANTICS 1
| #define __STDC_WANT_IEC_60559_ATTRIBS_EXT__ 1
| #define __STDC_WANT_IEC_60559_BFP_EXT__ 1
| #define __STDC_WANT_IEC_60559_DFP_EXT__ 1
| #define __STDC_WANT_IEC_60559_EXT__ 1
| #define __STDC_WANT_IEC_60559_FUNCS_EXT__ 1
| #define __STDC_WANT_IEC_60559_TYPES_EXT__ 1
| #define __STDC_WANT_LIB_EXT2__ 1
| #define __STDC_WANT_MATH_SPEC_FUNCS__ 1
| #define _TANDEM_SOURCE 1
| #define __EXTENSIONS__ 1
| #define _Py_STACK_GROWS_DOWN 1
| #define PY_SUPPORT_TIER 1
| #define STDC_HEADERS 1
| #define HAVE_ALLOCA_H 1
| #define HAVE_ASM_TYPES_H 1
| #define HAVE_DLFCN_H 1
| #define HAVE_ENDIAN_H 1
| #define HAVE_ERRNO_H 1
| #define HAVE_FCNTL_H 1
| #define HAVE_GRP_H 1
| #define HAVE_LANGINFO_H 1
| #define HAVE_LIBINTL_H 1
| #define HAVE_LINUX_AUXVEC_H 1
| #define HAVE_SYS_AUXV_H 1
| #define HAVE_LINUX_FS_H 1
| #define HAVE_LINUX_LIMITS_H 1
| #define HAVE_LINUX_MEMFD_H 1
| #define HAVE_LINUX_NETFILTER_IPV4_H 1
| #define HAVE_LINUX_RANDOM_H 1
| #define HAVE_LINUX_SOUNDCARD_H 1
| #define HAVE_LINUX_SCHED_H 1
| #define HAVE_LINUX_TIPC_H 1
| #define HAVE_LINUX_WAIT_H 1
| #define HAVE_NETDB_H 1
| #define HAVE_NET_ETHERNET_H 1
| #define HAVE_NETINET_IN_H 1
| #define HAVE_NETPACKET_PACKET_H 1
| #define HAVE_POLL_H 1
| #define HAVE_PTHREAD_H 1
| #define HAVE_PTY_H 1
| #define HAVE_SCHED_H 1
| #define HAVE_SETJMP_H 1
| #define HAVE_SHADOW_H 1
| #define HAVE_SIGNAL_H 1
| #define HAVE_SPAWN_H 1
| #define HAVE_SYS_EPOLL_H 1
| #define HAVE_SYS_EVENTFD_H 1
| #define HAVE_SYS_FILE_H 1
| #define HAVE_SYS_IOCTL_H 1
| #define HAVE_SYS_MMAN_H 1
| #define HAVE_SYS_PARAM_H 1
| #define HAVE_SYS_POLL_H 1
| #define HAVE_SYS_RANDOM_H 1
| #define HAVE_SYS_RESOURCE_H 1
| #define HAVE_SYS_SELECT_H 1
| #define HAVE_SYS_SENDFILE_H 1
| #define HAVE_SYS_SOCKET_H 1
| #define HAVE_SYS_SOUNDCARD_H 1
| #define HAVE_SYS_STAT_H 1
| #define HAVE_SYS_STATVFS_H 1
| #define HAVE_SYS_SYSCALL_H 1
| #define HAVE_SYS_SYSMACROS_H 1
| #define HAVE_SYS_TIME_H 1
| #define HAVE_SYS_TIMES_H 1
| #define HAVE_SYS_TIMERFD_H 1
| #define HAVE_SYS_TYPES_H 1
| #define HAVE_SYS_UIO_H 1
| #define HAVE_SYS_UN_H 1
| #define HAVE_SYS_UTSNAME_H 1
| #define HAVE_SYS_WAIT_H 1
| #define HAVE_SYS_XATTR_H 1
| #define HAVE_SYSEXITS_H 1
| #define HAVE_SYSLOG_H 1
| #define HAVE_TERMIOS_H 1
| #define HAVE_UTIME_H 1
| #define HAVE_UTMP_H 1
| #define HAVE_DIRENT_H 1
| #define MAJOR_IN_SYSMACROS 1
| #define HAVE_NET_IF_H 1
| #define HAVE_LINUX_NETLINK_H 1
| #define HAVE_LINUX_QRTR_H 1
| #define HAVE_LINUX_VM_SOCKETS_H 1
| #define HAVE_LINUX_CAN_H 1
| #define HAVE_LINUX_CAN_BCM_H 1
| #define HAVE_LINUX_CAN_J1939_H 1
| #define HAVE_LINUX_CAN_RAW_H 1
| #define HAVE_CLOCK_T 1
| #define HAVE_MAKEDEV 1
| #define HAVE_HTOLE64 1
| #define _LARGEFILE_SOURCE 1
| #define _FILE_OFFSET_BITS 64
| #if defined(SCO_DS)
| #undef _OFF_T
| #endif
| #define RETSIGTYPE void
| #define HAVE_SSIZE_T 1
| #define HAVE___UINT128_T 1
| #define HAVE_GCC_UINT128_T 1
| #define SIZEOF_INT 4
| #define SIZEOF_LONG 8
| #define ALIGNOF_LONG 8
| #define SIZEOF_LONG_LONG 8
| #define SIZEOF_VOID_P 8
| #define SIZEOF_SHORT 2
| #define SIZEOF_FLOAT 4
| #define SIZEOF_DOUBLE 8
| #define SIZEOF_FPOS_T 16
| #define SIZEOF_SIZE_T 8
| #define ALIGNOF_SIZE_T 8
| #define SIZEOF_PID_T 4
| #define SIZEOF_UINTPTR_T 8
| #define ALIGNOF_MAX_ALIGN_T 16
| #define HAVE_LONG_DOUBLE 1
| #define SIZEOF_LONG_DOUBLE 16
| #define SIZEOF__BOOL 1
| #define SIZEOF_OFF_T 8
| #define SIZEOF_TIME_T 8
| #define SIZEOF_PTHREAD_T 8
| #define SIZEOF_PTHREAD_KEY_T 4
| #define PTHREAD_KEY_T_IS_COMPATIBLE_WITH_INT 1
| #define PY_HAVE_PERF_TRAMPOLINE 1
| #define HAVE_LIBDL 1
| #define HAVE_EXECINFO_H 1
| #define HAVE_BACKTRACE 1
| #define HAVE_DLADDR1 1
| #define HAVE_LINK_H 1
| #define HAVE_BACKTRACE 1
| #define HAVE_DLADDR1 1
| #define HAVE_DLFCN_H 1
| #define HAVE_BACKTRACE 1
| #define HAVE_DLADDR1 1
| #define HAVE_UUID_H 1
| #define HAVE_UUID_GENERATE_TIME_SAFE 1
| #define HAVE_FFI_PREP_CIF_VAR 1
| #define HAVE_FFI_PREP_CLOSURE_LOC 1
| #define HAVE_FFI_CLOSURE_ALLOC 1
| #define WITH_DECIMAL_CONTEXTVAR 1
| #define HAVE_LIBSQLITE3 1
| #define HAVE_LIBSQLITE3 1
| #define HAVE_LIBSQLITE3 1
| #define HAVE_LIBSQLITE3 1
| #define HAVE_LIBSQLITE3 1
| #define HAVE_LIBSQLITE3 1
| #define HAVE_LIBSQLITE3 1
| #define HAVE_LIBSQLITE3 1
| #define HAVE_LIBSQLITE3 1
| #define PY_SQLITE_HAVE_SERIALIZE 1
| #define PTHREAD_SYSTEM_SCHED_SUPPORTED 1
| #define HAVE_PTHREAD_SIGMASK 1
| #define HAVE_PTHREAD_GETCPUCLOCKID 1
| #define ENABLE_IPV6 1
| /* end confdefs.h.  */
| #include <netinet/in.h>
| int
| main (void)
| {
| 
|   #ifdef IPV6_INRIA_VERSION
|   int ok;
|   (void)ok;
|   #else
|   choke me
|   #endif
| 
|   ;
|   return 0;
| }
configure:18345: result: no
configure:18354: checking for __KAME__ defined in netinet/in.h
configure:18378: gcc -pthread -c   conftest.c >&5
conftest.c: In function 'main':
conftest.c:188:3: error: unknown type name 'choke'
  188 |   choke me
      |   ^~~~~
configure:18378: $? = 1
configure: failed program was:
| /* confdefs.h */
| #define _NETBSD_SOURCE 1
| #define __BSD_VISIBLE 1
| #define _DARWIN_C_SOURCE 1
| #define _PYTHONFRAMEWORK ""
| #define _XOPEN_SOURCE 700
| #define _XOPEN_SOURCE_EXTENDED 1
| #define _POSIX_C_SOURCE 200809L
| #define HAVE_STDIO_H 1
| #define HAVE_STDLIB_H 1
| #define HAVE_STRING_H 1
| #define HAVE_INTTYPES_H 1
| #define HAVE_STDINT_H 1
| #define HAVE_STRINGS_H 1
| #define HAVE_SYS_STAT_H 1
| #define HAVE_SYS_TYPES_H 1
| #define HAVE_UNISTD_H 1
| #define HAVE_WCHAR_H 1
| #define STDC_HEADERS 1
| #define _ALL_SOURCE 1
| #define _DARWIN_C_SOURCE 1
| #define _GNU_SOURCE 1
| #define _HPUX_ALT_XOPEN_SOCKET_API 1
| #define _NETBSD_SOURCE 1
| #define _OPENBSD_SOURCE 1
| #define _POSIX_PTHREAD_SEMANTICS 1
| #define __STDC_WANT_IEC_60559_ATTRIBS_EXT__ 1
| #define __STDC_WANT_IEC_60559_BFP_EXT__ 1
| #define __STDC_WANT_IEC_60559_DFP_EXT__ 1
| #define __STDC_WANT_IEC_60559_EXT__ 1
| #define __STDC_WANT_IEC_60559_FUNCS_EXT__ 1
| #define __STDC_WANT_IEC_60559_TYPES_EXT__ 1
| #define __STDC_WANT_LIB_EXT2__ 1
| #define __STDC_WANT_MATH_SPEC_FUNCS__ 1
| #define _TANDEM_SOURCE 1
| #define __EXTENSIONS__ 1
| #define _Py_STACK_GROWS_DOWN 1
| #define PY_SUPPORT_TIER 1
| #define STDC_HEADERS 1
| #define HAVE_ALLOCA_H 1
| #define HAVE_ASM_TYPES_H 1
| #define HAVE_DLFCN_H 1
| #define HAVE_ENDIAN_H 1
| #define HAVE_ERRNO_H 1
| #define HAVE_FCNTL_H 1
| #define HAVE_GRP_H 1
| #define HAVE_LANGINFO_H 1
| #define HAVE_LIBINTL_H 1
| #define HAVE_LINUX_AUXVEC_H 1
| #define HAVE_SYS_AUXV_H 1
| #define HAVE_LINUX_FS_H 1
| #define HAVE_LINUX_LIMITS_H 1
| #define HAVE_LINUX_MEMFD_H 1
| #define HAVE_LINUX_NETFILTER_IPV4_H 1
| #define HAVE_LINUX_RANDOM_H 1
| #define HAVE_LINUX_SOUNDCARD_H 1
| #define HAVE_LINUX_SCHED_H 1
| #define HAVE_LINUX_TIPC_H 1
| #define HAVE_LINUX_WAIT_H 1
| #define HAVE_NETDB_H 1
| #define HAVE_NET_ETHERNET_H 1
| #define HAVE_NETINET_IN_H 1
| #define HAVE_NETPACKET_PACKET_H 1
| #define HAVE_POLL_H 1
| #define HAVE_PTHREAD_H 1
| #define HAVE_PTY_H 1
| #define HAVE_SCHED_H 1
| #define HAVE_SETJMP_H 1
| #define HAVE_SHADOW_H 1
| #define HAVE_SIGNAL_H 1
| #define HAVE_SPAWN_H 1
| #define HAVE_SYS_EPOLL_H 1
| #define HAVE_SYS_EVENTFD_H 1
| #define HAVE_SYS_FILE_H 1
| #define HAVE_SYS_IOCTL_H 1
| #define HAVE_SYS_MMAN_H 1
| #define HAVE_SYS_PARAM_H 1
| #define HAVE_SYS_POLL_H 1
| #define HAVE_SYS_RANDOM_H 1
| #define HAVE_SYS_RESOURCE_H 1
| #define HAVE_SYS_SELECT_H 1
| #define HAVE_SYS_SENDFILE_H 1
| #define HAVE_SYS_SOCKET_H 1
| #define HAVE_SYS_SOUNDCARD_H 1
| #define HAVE_SYS_STAT_H 1
| #define HAVE_SYS_STATVFS_H 1
| #define HAVE_SYS_SYSCALL_H 1
| #define HAVE_SYS_SYSMACROS_H 1
| #define HAVE_SYS_TIME_H 1
| #define HAVE_SYS_TIMES_H 1
| #define HAVE_SYS_TIMERFD_H 1
| #define HAVE_SYS_TYPES_H 1
| #define HAVE_SYS_UIO_H 1
| #define HAVE_SYS_UN_H 1
| #define HAVE_SYS_UTSNAME_H 1
| #define HAVE_SYS_WAIT_H 1
| #define HAVE_SYS_XATTR_H 1
| #define HAVE_SYSEXITS_H 1
| #define HAVE_SYSLOG_H 1
| #define HAVE_TERMIOS_H 1
| #define HAVE_UTIME_H 1
| #define HAVE_UTMP_H 1
| #define HAVE_DIRENT_H 1
| #define MAJOR_IN_SYSMACROS 1
| #define HAVE_NET_IF_H 1
| #define HAVE_LINUX_NETLINK_H 1
| #define HAVE_LINUX_QRTR_H 1
| #define HAVE_LINUX_VM_SOCKETS_H 1
| #define HAVE_LINUX_CAN_H 1
| #define HAVE_LINUX_CAN_BCM_H 1
| #define HAVE_LINUX_CAN_J1939_H 1
| #define HAVE_LINUX_CAN_RAW_H 1
| #define HAVE_CLOCK_T 1
| #define HAVE_MAKEDEV 1
| #define HAVE_HTOLE64 1
| #define _LARGEFILE_SOURCE 1
| #define _FILE_OFFSET_BITS 64
| #if defined(SCO_DS)
| #undef _OFF_T
| #endif
| #define RETSIGTYPE void
| #define HAVE_SSIZE_T 1
| #define HAVE___UINT128_T 1
| #define HAVE_GCC_UINT128_T 1
| #define SIZEOF_INT 4
| #define SIZEOF_LONG 8
| #define ALIGNOF_LONG 8
| #define SIZEOF_LONG_LONG 8
| #define SIZEOF_VOID_P 8
| #define SIZEOF_SHORT 2
| #define SIZEOF_FLOAT 4
| #define SIZEOF_DOUBLE 8
| #define SIZEOF_FPOS_T 16
| #define SIZEOF_SIZE_T 8
| #define ALIGNOF_SIZE_T 8
| #define SIZEOF_PID_T 4
| #define SIZEOF_UINTPTR_T 8
| #define ALIGNOF_MAX_ALIGN_T 16
| #define HAVE_LONG_DOUBLE 1
| #define SIZEOF_LONG_DOUBLE 16
| #define SIZEOF__BOOL 1
| #define SIZEOF_OFF_T 8
| #define SIZEOF_TIME_T 8
| #define SIZEOF_PTHREAD_T 8
| #define SIZEOF_PTHREAD_KEY_T 4
| #define PTHREAD_KEY_T_IS_COMPATIBLE_WITH_INT 1
| #define PY_HAVE_PERF_TRAMPOLINE 1
| #define HAVE_LIBDL 1
| #define HAVE_EXECINFO_H 1
| #define HAVE_BACKTRACE 1
| #define HAVE_DLADDR1 1
| #define HAVE_LINK_H 1
| #define HAVE_BACKTRACE 1
| #define HAVE_DLADDR1 1
| #define HAVE_DLFCN_H 1
| #define HAVE_BACKTRACE 1
| #define HAVE_DLADDR1 1
| #define HAVE_UUID_H 1
| #define HAVE_UUID_GENERATE_TIME_SAFE 1
| #define HAVE_FFI_PREP_CIF_VAR 1
| #define HAVE_FFI_PREP_CLOSURE_LOC 1
| #define HAVE_FFI_CLOSURE_ALLOC 1
| #define WITH_DECIMAL_CONTEXTVAR 1
| #define HAVE_LIBSQLITE3 1
| #define HAVE_LIBSQLITE3 1
| #define HAVE_LIBSQLITE3 1
| #define HAVE_LIBSQLITE3 1
| #define HAVE_LIBSQLITE3 1
| #define HAVE_LIBSQLITE3 1
| #define HAVE_LIBSQLITE3 1
| #define HAVE_LIBSQLITE3 1
| #define HAVE_LIBSQLITE3 1
| #define PY_SQLITE_HAVE_SERIALIZE 1
| #define PTHREAD_SYSTEM_SCHED_SUPPORTED 1
| #define HAVE_PTHREAD_SIGMASK 1
| #define HAVE_PTHREAD_GETCPUCLOCKID 1
| #define ENABLE_IPV6 1
| /* end confdefs.h.  */
| #include <netinet/in.h>
| int
| main (void)
| {
| 
|   #ifdef __KAME__
|   int ok;
|   (void)ok;
|   #else
|   choke me
|   #endif
| 
|   ;
|   return 0;
| }
configure:18388: result: no
configure:18400: checking for __GLIBC__ defined in features.h
configure:18424: gcc -pthread -c   conftest.c >&5
configure:18424: $? = 0
configure:18434: result: yes
configure:18599: checking ipv6 stack type
configure:18601: result: linux-glibc
configure:18629: checking CAN_RAW_FD_FRAMES
configure:18648: gcc -pthread -c   conftest.c >&5
configure:18648: $? = 0
configure:18659: result: yes
configure:18670: checking for CAN_RAW_JOIN_FILTERS
configure:18689: gcc -pthread -c   conftest.c >&5
configure:18689: $? = 0
configure:18700: result: yes
configure:18712: checking for --with-doc-strings
configure:18731: result: yes
configure:18735: checking for stdatomic.h
configure:18758: gcc -pthread -o conftest    conftest.c -lpthread -ldl  >&5
configure:18758: $? = 0
configure:18770: result: yes
configure:18783: checking for builtin __atomic_load_n and __atomic_store_n functions
configure:18803: gcc -pthread -o conftest    conftest.c -lpthread -ldl  >&5
configure:18803: $? = 0
configure:18815: result: yes
configure:18828: checking for --with-mimalloc
configure:18857: result: yes
configure:18864: checking for --with-pymalloc
configure:18892: result: yes
configure:18896: checking for --with-c-locale-coercion
configure:18916: result: yes
configure:18920: checking for --with-valgrind
configure:18933: result: no
configure:18952: checking for --with-dtrace
configure:18964: result: no
configure:19095: checking for dlopen
configure:19095: gcc -pthread -o conftest    conftest.c -lpthread -ldl  >&5
configure:19095: $? = 0
configure:19095: result: yes
configure:19106: checking DYNLOADFILE
configure:19122: result: dynload_shlib.o
configure:19134: checking MACHDEP_OBJS
configure:19143: result: none
configure:19176: checking for accept4
configure:19176: gcc -pthread -o conftest    conftest.c -lpthread -ldl  >&5
configure:19176: $? = 0
configure:19176: result: yes
configure:19182: checking for alarm
configure:19182: gcc -pthread -o conftest    conftest.c -lpthread -ldl  >&5
configure:19182: $? = 0
configure:19182: result: yes
configure:19188: checking for bind_textdomain_codeset
configure:19188: gcc -pthread -o conftest    conftest.c -lpthread -ldl  >&5
configure:19188: $? = 0
configure:19188: result: yes
configure:19194: checking for chmod
configure:19194: gcc -pthread -o conftest    conftest.c -lpthread -ldl  >&5
configure:19194: $? = 0
configure:19194: result: yes
configure:19200: checking for chown
configure:19200: gcc -pthread -o conftest    conftest.c -lpthread -ldl  >&5
configure:19200: $? = 0
configure:19200: result: yes
configure:19206: checking for clock
configure:19206: gcc -pthread -o conftest    conftest.c -lpthread -ldl  >&5
configure:19206: $? = 0
configure:19206: result: yes
configure:19212: checking for closefrom
configure:19212: gcc -pthread -o conftest    conftest.c -lpthread -ldl  >&5
/usr/bin/ld: /tmp/cc8byOQk.o: in function `main':
conftest.c:(.text+0x9): undefined reference to `closefrom'
collect2: error: ld returned 1 exit status
configure:19212: $? = 1
configure: failed program was:
| /* confdefs.h */
| #define _NETBSD_SOURCE 1
| #define __BSD_VISIBLE 1
| #define _DARWIN_C_SOURCE 1
| #define _PYTHONFRAMEWORK ""
| #define _XOPEN_SOURCE 700
| #define _XOPEN_SOURCE_EXTENDED 1
| #define _POSIX_C_SOURCE 200809L
| #define HAVE_STDIO_H 1
| #define HAVE_STDLIB_H 1
| #define HAVE_STRING_H 1
| #define HAVE_INTTYPES_H 1
| #define HAVE_STDINT_H 1
| #define HAVE_STRINGS_H 1
| #define HAVE_SYS_STAT_H 1
| #define HAVE_SYS_TYPES_H 1
| #define HAVE_UNISTD_H 1
| #define HAVE_WCHAR_H 1
| #define STDC_HEADERS 1
| #define _ALL_SOURCE 1
| #define _DARWIN_C_SOURCE 1
| #define _GNU_SOURCE 1
| #define _HPUX_ALT_XOPEN_SOCKET_API 1
| #define _NETBSD_SOURCE 1
| #define _OPENBSD_SOURCE 1
| #define _POSIX_PTHREAD_SEMANTICS 1
| #define __STDC_WANT_IEC_60559_ATTRIBS_EXT__ 1
| #define __STDC_WANT_IEC_60559_BFP_EXT__ 1
| #define __STDC_WANT_IEC_60559_DFP_EXT__ 1
| #define __STDC_WANT_IEC_60559_EXT__ 1
| #define __STDC_WANT_IEC_60559_FUNCS_EXT__ 1
| #define __STDC_WANT_IEC_60559_TYPES_EXT__ 1
| #define __STDC_WANT_LIB_EXT2__ 1
| #define __STDC_WANT_MATH_SPEC_FUNCS__ 1
| #define _TANDEM_SOURCE 1
| #define __EXTENSIONS__ 1
| #define _Py_STACK_GROWS_DOWN 1
| #define PY_SUPPORT_TIER 1
| #define STDC_HEADERS 1
| #define HAVE_ALLOCA_H 1
| #define HAVE_ASM_TYPES_H 1
| #define HAVE_DLFCN_H 1
| #define HAVE_ENDIAN_H 1
| #define HAVE_ERRNO_H 1
| #define HAVE_FCNTL_H 1
| #define HAVE_GRP_H 1
| #define HAVE_LANGINFO_H 1
| #define HAVE_LIBINTL_H 1
| #define HAVE_LINUX_AUXVEC_H 1
| #define HAVE_SYS_AUXV_H 1
| #define HAVE_LINUX_FS_H 1
| #define HAVE_LINUX_LIMITS_H 1
| #define HAVE_LINUX_MEMFD_H 1
| #define HAVE_LINUX_NETFILTER_IPV4_H 1
| #define HAVE_LINUX_RANDOM_H 1
| #define HAVE_LINUX_SOUNDCARD_H 1
| #define HAVE_LINUX_SCHED_H 1
| #define HAVE_LINUX_TIPC_H 1
| #define HAVE_LINUX_WAIT_H 1
| #define HAVE_NETDB_H 1
| #define HAVE_NET_ETHERNET_H 1
| #define HAVE_NETINET_IN_H 1
| #define HAVE_NETPACKET_PACKET_H 1
| #define HAVE_POLL_H 1
| #define HAVE_PTHREAD_H 1
| #define HAVE_PTY_H 1
| #define HAVE_SCHED_H 1
| #define HAVE_SETJMP_H 1
| #define HAVE_SHADOW_H 1
| #define HAVE_SIGNAL_H 1
| #define HAVE_SPAWN_H 1
| #define HAVE_SYS_EPOLL_H 1
| #define HAVE_SYS_EVENTFD_H 1
| #define HAVE_SYS_FILE_H 1
| #define HAVE_SYS_IOCTL_H 1
| #define HAVE_SYS_MMAN_H 1
| #define HAVE_SYS_PARAM_H 1
| #define HAVE_SYS_POLL_H 1
| #define HAVE_SYS_RANDOM_H 1
| #define HAVE_SYS_RESOURCE_H 1
| #define HAVE_SYS_SELECT_H 1
| #define HAVE_SYS_SENDFILE_H 1
| #define HAVE_SYS_SOCKET_H 1
| #define HAVE_SYS_SOUNDCARD_H 1
| #define HAVE_SYS_STAT_H 1
| #define HAVE_SYS_STATVFS_H 1
| #define HAVE_SYS_SYSCALL_H 1
| #define HAVE_SYS_SYSMACROS_H 1
| #define HAVE_SYS_TIME_H 1
| #define HAVE_SYS_TIMES_H 1
| #define HAVE_SYS_TIMERFD_H 1
| #define HAVE_SYS_TYPES_H 1
| #define HAVE_SYS_UIO_H 1
| #define HAVE_SYS_UN_H 1
| #define HAVE_SYS_UTSNAME_H 1
| #define HAVE_SYS_WAIT_H 1
| #define HAVE_SYS_XATTR_H 1
| #define HAVE_SYSEXITS_H 1
| #define HAVE_SYSLOG_H 1
| #define HAVE_TERMIOS_H 1
| #define HAVE_UTIME_H 1
| #define HAVE_UTMP_H 1
| #define HAVE_DIRENT_H 1
| #define MAJOR_IN_SYSMACROS 1
| #define HAVE_NET_IF_H 1
| #define HAVE_LINUX_NETLINK_H 1
| #define HAVE_LINUX_QRTR_H 1
| #define HAVE_LINUX_VM_SOCKETS_H 1
| #define HAVE_LINUX_CAN_H 1
| #define HAVE_LINUX_CAN_BCM_H 1
| #define HAVE_LINUX_CAN_J1939_H 1
| #define HAVE_LINUX_CAN_RAW_H 1
| #define HAVE_CLOCK_T 1
| #define HAVE_MAKEDEV 1
| #define HAVE_HTOLE64 1
| #define _LARGEFILE_SOURCE 1
| #define _FILE_OFFSET_BITS 64
| #if defined(SCO_DS)
| #undef _OFF_T
| #endif
| #define RETSIGTYPE void
| #define HAVE_SSIZE_T 1
| #define HAVE___UINT128_T 1
| #define HAVE_GCC_UINT128_T 1
| #define SIZEOF_INT 4
| #define SIZEOF_LONG 8
| #define ALIGNOF_LONG 8
| #define SIZEOF_LONG_LONG 8
| #define SIZEOF_VOID_P 8
| #define SIZEOF_SHORT 2
| #define SIZEOF_FLOAT 4
| #define SIZEOF_DOUBLE 8
| #define SIZEOF_FPOS_T 16
| #define SIZEOF_SIZE_T 8
| #define ALIGNOF_SIZE_T 8
| #define SIZEOF_PID_T 4
| #define SIZEOF_UINTPTR_T 8
| #define ALIGNOF_MAX_ALIGN_T 16
| #define HAVE_LONG_DOUBLE 1
| #define SIZEOF_LONG_DOUBLE 16
| #define SIZEOF__BOOL 1
| #define SIZEOF_OFF_T 8
| #define SIZEOF_TIME_T 8
| #define SIZEOF_PTHREAD_T 8
| #define SIZEOF_PTHREAD_KEY_T 4
| #define PTHREAD_KEY_T_IS_COMPATIBLE_WITH_INT 1
| #define PY_HAVE_PERF_TRAMPOLINE 1
| #define HAVE_LIBDL 1
| #define HAVE_EXECINFO_H 1
| #define HAVE_BACKTRACE 1
| #define HAVE_DLADDR1 1
| #define HAVE_LINK_H 1
| #define HAVE_BACKTRACE 1
| #define HAVE_DLADDR1 1
| #define HAVE_DLFCN_H 1
| #define HAVE_BACKTRACE 1
| #define HAVE_DLADDR1 1
| #define HAVE_UUID_H 1
| #define HAVE_UUID_GENERATE_TIME_SAFE 1
| #define HAVE_FFI_PREP_CIF_VAR 1
| #define HAVE_FFI_PREP_CLOSURE_LOC 1
| #define HAVE_FFI_CLOSURE_ALLOC 1
| #define WITH_DECIMAL_CONTEXTVAR 1
| #define HAVE_LIBSQLITE3 1
| #define HAVE_LIBSQLITE3 1
| #define HAVE_LIBSQLITE3 1
| #define HAVE_LIBSQLITE3 1
| #define HAVE_LIBSQLITE3 1
| #define HAVE_LIBSQLITE3 1
| #define HAVE_LIBSQLITE3 1
| #define HAVE_LIBSQLITE3 1
| #define HAVE_LIBSQLITE3 1
| #define PY_SQLITE_HAVE_SERIALIZE 1
| #define PTHREAD_SYSTEM_SCHED_SUPPORTED 1
| #define HAVE_PTHREAD_SIGMASK 1
| #define HAVE_PTHREAD_GETCPUCLOCKID 1
| #define ENABLE_IPV6 1
| #define HAVE_LINUX_CAN_RAW_FD_FRAMES 1
| #define HAVE_LINUX_CAN_RAW_JOIN_FILTERS 1
| #define WITH_DOC_STRINGS 1
| #define HAVE_STD_ATOMIC 1
| #define HAVE_BUILTIN_ATOMIC 1
| #define WITH_MIMALLOC 1
| #define WITH_PYMALLOC 1
| #define PY_COERCE_C_LOCALE 1
| #define HAVE_DLOPEN 1
| #define HAVE_DYNAMIC_LOADING 1
| #define HAVE_ACCEPT4 1
| #define HAVE_ALARM 1
| #define HAVE_BIND_TEXTDOMAIN_CODESET 1
| #define HAVE_CHMOD 1
| #define HAVE_CHOWN 1
| #define HAVE_CLOCK 1
| /* end confdefs.h.  */
| /* Define closefrom to an innocuous variant, in case <limits.h> declares closefrom.
|    For example, HP-UX 11i <limits.h> declares gettimeofday.  */
| #define closefrom innocuous_closefrom
| 
| /* System header to define __stub macros and hopefully few prototypes,
|    which can conflict with char closefrom (void); below.  */
| 
| #include <limits.h>
| #undef closefrom
| 
| /* Override any GCC internal prototype to avoid an error.
|    Use char because int might match the return type of a GCC
|    builtin and then its argument prototype would still apply.  */
| #ifdef __cplusplus
| extern "C"
| #endif
| char closefrom (void);
| /* The GNU C library defines this for functions which it implements
|     to always fail with ENOSYS.  Some functions are actually named
|     something starting with __ and the normal name is an alias.  */
| #if defined __stub_closefrom || defined __stub___closefrom
| choke me
| #endif
| 
| int
| main (void)
| {
| return closefrom ();
|   ;
|   return 0;
| }
configure:19212: result: no
configure:19218: checking for close_range
configure:19218: gcc -pthread -o conftest    conftest.c -lpthread -ldl  >&5
/usr/bin/ld: /tmp/ccdZ1TSn.o: in function `main':
conftest.c:(.text+0x9): undefined reference to `close_range'
collect2: error: ld returned 1 exit status
configure:19218: $? = 1
configure: failed program was:
| /* confdefs.h */
| #define _NETBSD_SOURCE 1
| #define __BSD_VISIBLE 1
| #define _DARWIN_C_SOURCE 1
| #define _PYTHONFRAMEWORK ""
| #define _XOPEN_SOURCE 700
| #define _XOPEN_SOURCE_EXTENDED 1
| #define _POSIX_C_SOURCE 200809L
| #define HAVE_STDIO_H 1
| #define HAVE_STDLIB_H 1
| #define HAVE_STRING_H 1
| #define HAVE_INTTYPES_H 1
| #define HAVE_STDINT_H 1
| #define HAVE_STRINGS_H 1
| #define HAVE_SYS_STAT_H 1
| #define HAVE_SYS_TYPES_H 1
| #define HAVE_UNISTD_H 1
| #define HAVE_WCHAR_H 1
| #define STDC_HEADERS 1
| #define _ALL_SOURCE 1
| #define _DARWIN_C_SOURCE 1
| #define _GNU_SOURCE 1
| #define _HPUX_ALT_XOPEN_SOCKET_API 1
| #define _NETBSD_SOURCE 1
| #define _OPENBSD_SOURCE 1
| #define _POSIX_PTHREAD_SEMANTICS 1
| #define __STDC_WANT_IEC_60559_ATTRIBS_EXT__ 1
| #define __STDC_WANT_IEC_60559_BFP_EXT__ 1
| #define __STDC_WANT_IEC_60559_DFP_EXT__ 1
| #define __STDC_WANT_IEC_60559_EXT__ 1
| #define __STDC_WANT_IEC_60559_FUNCS_EXT__ 1
| #define __STDC_WANT_IEC_60559_TYPES_EXT__ 1
| #define __STDC_WANT_LIB_EXT2__ 1
| #define __STDC_WANT_MATH_SPEC_FUNCS__ 1
| #define _TANDEM_SOURCE 1
| #define __EXTENSIONS__ 1
| #define _Py_STACK_GROWS_DOWN 1
| #define PY_SUPPORT_TIER 1
| #define STDC_HEADERS 1
| #define HAVE_ALLOCA_H 1
| #define HAVE_ASM_TYPES_H 1
| #define HAVE_DLFCN_H 1
| #define HAVE_ENDIAN_H 1
| #define HAVE_ERRNO_H 1
| #define HAVE_FCNTL_H 1
| #define HAVE_GRP_H 1
| #define HAVE_LANGINFO_H 1
| #define HAVE_LIBINTL_H 1
| #define HAVE_LINUX_AUXVEC_H 1
| #define HAVE_SYS_AUXV_H 1
| #define HAVE_LINUX_FS_H 1
| #define HAVE_LINUX_LIMITS_H 1
| #define HAVE_LINUX_MEMFD_H 1
| #define HAVE_LINUX_NETFILTER_IPV4_H 1
| #define HAVE_LINUX_RANDOM_H 1
| #define HAVE_LINUX_SOUNDCARD_H 1
| #define HAVE_LINUX_SCHED_H 1
| #define HAVE_LINUX_TIPC_H 1
| #define HAVE_LINUX_WAIT_H 1
| #define HAVE_NETDB_H 1
| #define HAVE_NET_ETHERNET_H 1
| #define HAVE_NETINET_IN_H 1
| #define HAVE_NETPACKET_PACKET_H 1
| #define HAVE_POLL_H 1
| #define HAVE_PTHREAD_H 1
| #define HAVE_PTY_H 1
| #define HAVE_SCHED_H 1
| #define HAVE_SETJMP_H 1
| #define HAVE_SHADOW_H 1
| #define HAVE_SIGNAL_H 1
| #define HAVE_SPAWN_H 1
| #define HAVE_SYS_EPOLL_H 1
| #define HAVE_SYS_EVENTFD_H 1
| #define HAVE_SYS_FILE_H 1
| #define HAVE_SYS_IOCTL_H 1
| #define HAVE_SYS_MMAN_H 1
| #define HAVE_SYS_PARAM_H 1
| #define HAVE_SYS_POLL_H 1
| #define HAVE_SYS_RANDOM_H 1
| #define HAVE_SYS_RESOURCE_H 1
| #define HAVE_SYS_SELECT_H 1
| #define HAVE_SYS_SENDFILE_H 1
| #define HAVE_SYS_SOCKET_H 1
| #define HAVE_SYS_SOUNDCARD_H 1
| #define HAVE_SYS_STAT_H 1
| #define HAVE_SYS_STATVFS_H 1
| #define HAVE_SYS_SYSCALL_H 1
| #define HAVE_SYS_SYSMACROS_H 1
| #define HAVE_SYS_TIME_H 1
| #define HAVE_SYS_TIMES_H 1
| #define HAVE_SYS_TIMERFD_H 1
| #define HAVE_SYS_TYPES_H 1
| #define HAVE_SYS_UIO_H 1
| #define HAVE_SYS_UN_H 1
| #define HAVE_SYS_UTSNAME_H 1
| #define HAVE_SYS_WAIT_H 1
| #define HAVE_SYS_XATTR_H 1
| #define HAVE_SYSEXITS_H 1
| #define HAVE_SYSLOG_H 1
| #define HAVE_TERMIOS_H 1
| #define HAVE_UTIME_H 1
| #define HAVE_UTMP_H 1
| #define HAVE_DIRENT_H 1
| #define MAJOR_IN_SYSMACROS 1
| #define HAVE_NET_IF_H 1
| #define HAVE_LINUX_NETLINK_H 1
| #define HAVE_LINUX_QRTR_H 1
| #define HAVE_LINUX_VM_SOCKETS_H 1
| #define HAVE_LINUX_CAN_H 1
| #define HAVE_LINUX_CAN_BCM_H 1
| #define HAVE_LINUX_CAN_J1939_H 1
| #define HAVE_LINUX_CAN_RAW_H 1
| #define HAVE_CLOCK_T 1
| #define HAVE_MAKEDEV 1
| #define HAVE_HTOLE64 1
| #define _LARGEFILE_SOURCE 1
| #define _FILE_OFFSET_BITS 64
| #if defined(SCO_DS)
| #undef _OFF_T
| #endif
| #define RETSIGTYPE void
| #define HAVE_SSIZE_T 1
| #define HAVE___UINT128_T 1
| #define HAVE_GCC_UINT128_T 1
| #define SIZEOF_INT 4
| #define SIZEOF_LONG 8
| #define ALIGNOF_LONG 8
| #define SIZEOF_LONG_LONG 8
| #define SIZEOF_VOID_P 8
| #define SIZEOF_SHORT 2
| #define SIZEOF_FLOAT 4
| #define SIZEOF_DOUBLE 8
| #define SIZEOF_FPOS_T 16
| #define SIZEOF_SIZE_T 8
| #define ALIGNOF_SIZE_T 8
| #define SIZEOF_PID_T 4
| #define SIZEOF_UINTPTR_T 8
| #define ALIGNOF_MAX_ALIGN_T 16
| #define HAVE_LONG_DOUBLE 1
| #define SIZEOF_LONG_DOUBLE 16
| #define SIZEOF__BOOL 1
| #define SIZEOF_OFF_T 8
| #define SIZEOF_TIME_T 8
| #define SIZEOF_PTHREAD_T 8
| #define SIZEOF_PTHREAD_KEY_T 4
| #define PTHREAD_KEY_T_IS_COMPATIBLE_WITH_INT 1
| #define PY_HAVE_PERF_TRAMPOLINE 1
| #define HAVE_LIBDL 1
| #define HAVE_EXECINFO_H 1
| #define HAVE_BACKTRACE 1
| #define HAVE_DLADDR1 1
| #define HAVE_LINK_H 1
| #define HAVE_BACKTRACE 1
| #define HAVE_DLADDR1 1
| #define HAVE_DLFCN_H 1
| #define HAVE_BACKTRACE 1
| #define HAVE_DLADDR1 1
| #define HAVE_UUID_H 1
| #define HAVE_UUID_GENERATE_TIME_SAFE 1
| #define HAVE_FFI_PREP_CIF_VAR 1
| #define HAVE_FFI_PREP_CLOSURE_LOC 1
| #define HAVE_FFI_CLOSURE_ALLOC 1
| #define WITH_DECIMAL_CONTEXTVAR 1
| #define HAVE_LIBSQLITE3 1
| #define HAVE_LIBSQLITE3 1
| #define HAVE_LIBSQLITE3 1
| #define HAVE_LIBSQLITE3 1
| #define HAVE_LIBSQLITE3 1
| #define HAVE_LIBSQLITE3 1
| #define HAVE_LIBSQLITE3 1
| #define HAVE_LIBSQLITE3 1
| #define HAVE_LIBSQLITE3 1
| #define PY_SQLITE_HAVE_SERIALIZE 1
| #define PTHREAD_SYSTEM_SCHED_SUPPORTED 1
| #define HAVE_PTHREAD_SIGMASK 1
| #define HAVE_PTHREAD_GETCPUCLOCKID 1
| #define ENABLE_IPV6 1
| #define HAVE_LINUX_CAN_RAW_FD_FRAMES 1
| #define HAVE_LINUX_CAN_RAW_JOIN_FILTERS 1
| #define WITH_DOC_STRINGS 1
| #define HAVE_STD_ATOMIC 1
| #define HAVE_BUILTIN_ATOMIC 1
| #define WITH_MIMALLOC 1
| #define WITH_PYMALLOC 1
| #define PY_COERCE_C_LOCALE 1
| #define HAVE_DLOPEN 1
| #define HAVE_DYNAMIC_LOADING 1
| #define HAVE_ACCEPT4 1
| #define HAVE_ALARM 1
| #define HAVE_BIND_TEXTDOMAIN_CODESET 1
| #define HAVE_CHMOD 1
| #define HAVE_CHOWN 1
| #define HAVE_CLOCK 1
| /* end confdefs.h.  */
| /* Define close_range to an innocuous variant, in case <limits.h> declares close_range.
|    For example, HP-UX 11i <limits.h> declares gettimeofday.  */
| #define close_range innocuous_close_range
| 
| /* System header to define __stub macros and hopefully few prototypes,
|    which can conflict with char close_range (void); below.  */
| 
| #include <limits.h>
| #undef close_range
| 
| /* Override any GCC internal prototype to avoid an error.
|    Use char because int might match the return type of a GCC
|    builtin and then its argument prototype would still apply.  */
| #ifdef __cplusplus
| extern "C"
| #endif
| char close_range (void);
| /* The GNU C library defines this for functions which it implements
|     to always fail with ENOSYS.  Some functions are actually named
|     something starting with __ and the normal name is an alias.  */
| #if defined __stub_close_range || defined __stub___close_range
| choke me
| #endif
| 
| int
| main (void)
| {
| return close_range ();
|   ;
|   return 0;
| }
configure:19218: result: no
configure:19224: checking for confstr
configure:19224: gcc -pthread -o conftest    conftest.c -lpthread -ldl  >&5
configure:19224: $? = 0
configure:19224: result: yes
configure:19230: checking for copy_file_range
configure:19230: gcc -pthread -o conftest    conftest.c -lpthread -ldl  >&5
configure:19230: $? = 0
configure:19230: result: yes
configure:19236: checking for ctermid
configure:19236: gcc -pthread -o conftest    conftest.c -lpthread -ldl  >&5
configure:19236: $? = 0
configure:19236: result: yes
configure:19242: checking for dladdr
configure:19242: gcc -pthread -o conftest    conftest.c -lpthread -ldl  >&5
configure:19242: $? = 0
configure:19242: result: yes
configure:19248: checking for dup
configure:19248: gcc -pthread -o conftest    conftest.c -lpthread -ldl  >&5
configure:19248: $? = 0
configure:19248: result: yes
configure:19254: checking for dup3
configure:19254: gcc -pthread -o conftest    conftest.c -lpthread -ldl  >&5
configure:19254: $? = 0
configure:19254: result: yes
configure:19260: checking for execv
configure:19260: gcc -pthread -o conftest    conftest.c -lpthread -ldl  >&5
conftest.c:217:6: warning: conflicting types for built-in function 'execv'; expected 'int(const char *, char * const*)' [-Wbuiltin-declaration-mismatch]
  217 | char execv (void);
      |      ^~~~~
configure:19260: $? = 0
configure:19260: result: yes
configure:19266: checking for explicit_bzero
configure:19266: gcc -pthread -o conftest    conftest.c -lpthread -ldl  >&5
configure:19266: $? = 0
configure:19266: result: yes
configure:19272: checking for explicit_memset
configure:19272: gcc -pthread -o conftest    conftest.c -lpthread -ldl  >&5
/usr/bin/ld: /tmp/ccIf4V2J.o: in function `main':
conftest.c:(.text+0x9): undefined reference to `explicit_memset'
collect2: error: ld returned 1 exit status
configure:19272: $? = 1
configure: failed program was:
| /* confdefs.h */
| #define _NETBSD_SOURCE 1
| #define __BSD_VISIBLE 1
| #define _DARWIN_C_SOURCE 1
| #define _PYTHONFRAMEWORK ""
| #define _XOPEN_SOURCE 700
| #define _XOPEN_SOURCE_EXTENDED 1
| #define _POSIX_C_SOURCE 200809L
| #define HAVE_STDIO_H 1
| #define HAVE_STDLIB_H 1
| #define HAVE_STRING_H 1
| #define HAVE_INTTYPES_H 1
| #define HAVE_STDINT_H 1
| #define HAVE_STRINGS_H 1
| #define HAVE_SYS_STAT_H 1
| #define HAVE_SYS_TYPES_H 1
| #define HAVE_UNISTD_H 1
| #define HAVE_WCHAR_H 1
| #define STDC_HEADERS 1
| #define _ALL_SOURCE 1
| #define _DARWIN_C_SOURCE 1
| #define _GNU_SOURCE 1
| #define _HPUX_ALT_XOPEN_SOCKET_API 1
| #define _NETBSD_SOURCE 1
| #define _OPENBSD_SOURCE 1
| #define _POSIX_PTHREAD_SEMANTICS 1
| #define __STDC_WANT_IEC_60559_ATTRIBS_EXT__ 1
| #define __STDC_WANT_IEC_60559_BFP_EXT__ 1
| #define __STDC_WANT_IEC_60559_DFP_EXT__ 1
| #define __STDC_WANT_IEC_60559_EXT__ 1
| #define __STDC_WANT_IEC_60559_FUNCS_EXT__ 1
| #define __STDC_WANT_IEC_60559_TYPES_EXT__ 1
| #define __STDC_WANT_LIB_EXT2__ 1
| #define __STDC_WANT_MATH_SPEC_FUNCS__ 1
| #define _TANDEM_SOURCE 1
| #define __EXTENSIONS__ 1
| #define _Py_STACK_GROWS_DOWN 1
| #define PY_SUPPORT_TIER 1
| #define STDC_HEADERS 1
| #define HAVE_ALLOCA_H 1
| #define HAVE_ASM_TYPES_H 1
| #define HAVE_DLFCN_H 1
| #define HAVE_ENDIAN_H 1
| #define HAVE_ERRNO_H 1
| #define HAVE_FCNTL_H 1
| #define HAVE_GRP_H 1
| #define HAVE_LANGINFO_H 1
| #define HAVE_LIBINTL_H 1
| #define HAVE_LINUX_AUXVEC_H 1
| #define HAVE_SYS_AUXV_H 1
| #define HAVE_LINUX_FS_H 1
| #define HAVE_LINUX_LIMITS_H 1
| #define HAVE_LINUX_MEMFD_H 1
| #define HAVE_LINUX_NETFILTER_IPV4_H 1
| #define HAVE_LINUX_RANDOM_H 1
| #define HAVE_LINUX_SOUNDCARD_H 1
| #define HAVE_LINUX_SCHED_H 1
| #define HAVE_LINUX_TIPC_H 1
| #define HAVE_LINUX_WAIT_H 1
| #define HAVE_NETDB_H 1
| #define HAVE_NET_ETHERNET_H 1
| #define HAVE_NETINET_IN_H 1
| #define HAVE_NETPACKET_PACKET_H 1
| #define HAVE_POLL_H 1
| #define HAVE_PTHREAD_H 1
| #define HAVE_PTY_H 1
| #define HAVE_SCHED_H 1
| #define HAVE_SETJMP_H 1
| #define HAVE_SHADOW_H 1
| #define HAVE_SIGNAL_H 1
| #define HAVE_SPAWN_H 1
| #define HAVE_SYS_EPOLL_H 1
| #define HAVE_SYS_EVENTFD_H 1
| #define HAVE_SYS_FILE_H 1
| #define HAVE_SYS_IOCTL_H 1
| #define HAVE_SYS_MMAN_H 1
| #define HAVE_SYS_PARAM_H 1
| #define HAVE_SYS_POLL_H 1
| #define HAVE_SYS_RANDOM_H 1
| #define HAVE_SYS_RESOURCE_H 1
| #define HAVE_SYS_SELECT_H 1
| #define HAVE_SYS_SENDFILE_H 1
| #define HAVE_SYS_SOCKET_H 1
| #define HAVE_SYS_SOUNDCARD_H 1
| #define HAVE_SYS_STAT_H 1
| #define HAVE_SYS_STATVFS_H 1
| #define HAVE_SYS_SYSCALL_H 1
| #define HAVE_SYS_SYSMACROS_H 1
| #define HAVE_SYS_TIME_H 1
| #define HAVE_SYS_TIMES_H 1
| #define HAVE_SYS_TIMERFD_H 1
| #define HAVE_SYS_TYPES_H 1
| #define HAVE_SYS_UIO_H 1
| #define HAVE_SYS_UN_H 1
| #define HAVE_SYS_UTSNAME_H 1
| #define HAVE_SYS_WAIT_H 1
| #define HAVE_SYS_XATTR_H 1
| #define HAVE_SYSEXITS_H 1
| #define HAVE_SYSLOG_H 1
| #define HAVE_TERMIOS_H 1
| #define HAVE_UTIME_H 1
| #define HAVE_UTMP_H 1
| #define HAVE_DIRENT_H 1
| #define MAJOR_IN_SYSMACROS 1
| #define HAVE_NET_IF_H 1
| #define HAVE_LINUX_NETLINK_H 1
| #define HAVE_LINUX_QRTR_H 1
| #define HAVE_LINUX_VM_SOCKETS_H 1
| #define HAVE_LINUX_CAN_H 1
| #define HAVE_LINUX_CAN_BCM_H 1
| #define HAVE_LINUX_CAN_J1939_H 1
| #define HAVE_LINUX_CAN_RAW_H 1
| #define HAVE_CLOCK_T 1
| #define HAVE_MAKEDEV 1
| #define HAVE_HTOLE64 1
| #define _LARGEFILE_SOURCE 1
| #define _FILE_OFFSET_BITS 64
| #if defined(SCO_DS)
| #undef _OFF_T
| #endif
| #define RETSIGTYPE void
| #define HAVE_SSIZE_T 1
| #define HAVE___UINT128_T 1
| #define HAVE_GCC_UINT128_T 1
| #define SIZEOF_INT 4
| #define SIZEOF_LONG 8
| #define ALIGNOF_LONG 8
| #define SIZEOF_LONG_LONG 8
| #define SIZEOF_VOID_P 8
| #define SIZEOF_SHORT 2
| #define SIZEOF_FLOAT 4
| #define SIZEOF_DOUBLE 8
| #define SIZEOF_FPOS_T 16
| #define SIZEOF_SIZE_T 8
| #define ALIGNOF_SIZE_T 8
| #define SIZEOF_PID_T 4
| #define SIZEOF_UINTPTR_T 8
| #define ALIGNOF_MAX_ALIGN_T 16
| #define HAVE_LONG_DOUBLE 1
| #define SIZEOF_LONG_DOUBLE 16
| #define SIZEOF__BOOL 1
| #define SIZEOF_OFF_T 8
| #define SIZEOF_TIME_T 8
| #define SIZEOF_PTHREAD_T 8
| #define SIZEOF_PTHREAD_KEY_T 4
| #define PTHREAD_KEY_T_IS_COMPATIBLE_WITH_INT 1
| #define PY_HAVE_PERF_TRAMPOLINE 1
| #define HAVE_LIBDL 1
| #define HAVE_EXECINFO_H 1
| #define HAVE_BACKTRACE 1
| #define HAVE_DLADDR1 1
| #define HAVE_LINK_H 1
| #define HAVE_BACKTRACE 1
| #define HAVE_DLADDR1 1
| #define HAVE_DLFCN_H 1
| #define HAVE_BACKTRACE 1
| #define HAVE_DLADDR1 1
| #define HAVE_UUID_H 1
| #define HAVE_UUID_GENERATE_TIME_SAFE 1
| #define HAVE_FFI_PREP_CIF_VAR 1
| #define HAVE_FFI_PREP_CLOSURE_LOC 1
| #define HAVE_FFI_CLOSURE_ALLOC 1
| #define WITH_DECIMAL_CONTEXTVAR 1
| #define HAVE_LIBSQLITE3 1
| #define HAVE_LIBSQLITE3 1
| #define HAVE_LIBSQLITE3 1
| #define HAVE_LIBSQLITE3 1
| #define HAVE_LIBSQLITE3 1
| #define HAVE_LIBSQLITE3 1
| #define HAVE_LIBSQLITE3 1
| #define HAVE_LIBSQLITE3 1
| #define HAVE_LIBSQLITE3 1
| #define PY_SQLITE_HAVE_SERIALIZE 1
| #define PTHREAD_SYSTEM_SCHED_SUPPORTED 1
| #define HAVE_PTHREAD_SIGMASK 1
| #define HAVE_PTHREAD_GETCPUCLOCKID 1
| #define ENABLE_IPV6 1
| #define HAVE_LINUX_CAN_RAW_FD_FRAMES 1
| #define HAVE_LINUX_CAN_RAW_JOIN_FILTERS 1
| #define WITH_DOC_STRINGS 1
| #define HAVE_STD_ATOMIC 1
| #define HAVE_BUILTIN_ATOMIC 1
| #define WITH_MIMALLOC 1
| #define WITH_PYMALLOC 1
| #define PY_COERCE_C_LOCALE 1
| #define HAVE_DLOPEN 1
| #define HAVE_DYNAMIC_LOADING 1
| #define HAVE_ACCEPT4 1
| #define HAVE_ALARM 1
| #define HAVE_BIND_TEXTDOMAIN_CODESET 1
| #define HAVE_CHMOD 1
| #define HAVE_CHOWN 1
| #define HAVE_CLOCK 1
| #define HAVE_CONFSTR 1
| #define HAVE_COPY_FILE_RANGE 1
| #define HAVE_CTERMID 1
| #define HAVE_DLADDR 1
| #define HAVE_DUP 1
| #define HAVE_DUP3 1
| #define HAVE_EXECV 1
| #define HAVE_EXPLICIT_BZERO 1
| /* end confdefs.h.  */
| /* Define explicit_memset to an innocuous variant, in case <limits.h> declares explicit_memset.
|    For example, HP-UX 11i <limits.h> declares gettimeofday.  */
| #define explicit_memset innocuous_explicit_memset
| 
| /* System header to define __stub macros and hopefully few prototypes,
|    which can conflict with char explicit_memset (void); below.  */
| 
| #include <limits.h>
| #undef explicit_memset
| 
| /* Override any GCC internal prototype to avoid an error.
|    Use char because int might match the return type of a GCC
|    builtin and then its argument prototype would still apply.  */
| #ifdef __cplusplus
| extern "C"
| #endif
| char explicit_memset (void);
| /* The GNU C library defines this for functions which it implements
|     to always fail with ENOSYS.  Some functions are actually named
|     something starting with __ and the normal name is an alias.  */
| #if defined __stub_explicit_memset || defined __stub___explicit_memset
| choke me
| #endif
| 
| int
| main (void)
| {
| return explicit_memset ();
|   ;
|   return 0;
| }
configure:19272: result: no
configure:19278: checking for faccessat
configure:19278: gcc -pthread -o conftest    conftest.c -lpthread -ldl  >&5
configure:19278: $? = 0
configure:19278: result: yes
configure:19284: checking for fchmod
configure:19284: gcc -pthread -o conftest    conftest.c -lpthread -ldl  >&5
configure:19284: $? = 0
configure:19284: result: yes
configure:19290: checking for fchmodat
configure:19290: gcc -pthread -o conftest    conftest.c -lpthread -ldl  >&5
configure:19290: $? = 0
configure:19290: result: yes
configure:19296: checking for fchown
configure:19296: gcc -pthread -o conftest    conftest.c -lpthread -ldl  >&5
configure:19296: $? = 0
configure:19296: result: yes
configure:19302: checking for fchownat
configure:19302: gcc -pthread -o conftest    conftest.c -lpthread -ldl  >&5
configure:19302: $? = 0
configure:19302: result: yes
configure:19308: checking for fdopendir
configure:19308: gcc -pthread -o conftest    conftest.c -lpthread -ldl  >&5
configure:19308: $? = 0
configure:19308: result: yes
configure:19314: checking for fdwalk
configure:19314: gcc -pthread -o conftest    conftest.c -lpthread -ldl  >&5
/usr/bin/ld: /tmp/cciNLI7i.o: in function `main':
conftest.c:(.text+0x9): undefined reference to `fdwalk'
collect2: error: ld returned 1 exit status
configure:19314: $? = 1
configure: failed program was:
| /* confdefs.h */
| #define _NETBSD_SOURCE 1
| #define __BSD_VISIBLE 1
| #define _DARWIN_C_SOURCE 1
| #define _PYTHONFRAMEWORK ""
| #define _XOPEN_SOURCE 700
| #define _XOPEN_SOURCE_EXTENDED 1
| #define _POSIX_C_SOURCE 200809L
| #define HAVE_STDIO_H 1
| #define HAVE_STDLIB_H 1
| #define HAVE_STRING_H 1
| #define HAVE_INTTYPES_H 1
| #define HAVE_STDINT_H 1
| #define HAVE_STRINGS_H 1
| #define HAVE_SYS_STAT_H 1
| #define HAVE_SYS_TYPES_H 1
| #define HAVE_UNISTD_H 1
| #define HAVE_WCHAR_H 1
| #define STDC_HEADERS 1
| #define _ALL_SOURCE 1
| #define _DARWIN_C_SOURCE 1
| #define _GNU_SOURCE 1
| #define _HPUX_ALT_XOPEN_SOCKET_API 1
| #define _NETBSD_SOURCE 1
| #define _OPENBSD_SOURCE 1
| #define _POSIX_PTHREAD_SEMANTICS 1
| #define __STDC_WANT_IEC_60559_ATTRIBS_EXT__ 1
| #define __STDC_WANT_IEC_60559_BFP_EXT__ 1
| #define __STDC_WANT_IEC_60559_DFP_EXT__ 1
| #define __STDC_WANT_IEC_60559_EXT__ 1
| #define __STDC_WANT_IEC_60559_FUNCS_EXT__ 1
| #define __STDC_WANT_IEC_60559_TYPES_EXT__ 1
| #define __STDC_WANT_LIB_EXT2__ 1
| #define __STDC_WANT_MATH_SPEC_FUNCS__ 1
| #define _TANDEM_SOURCE 1
| #define __EXTENSIONS__ 1
| #define _Py_STACK_GROWS_DOWN 1
| #define PY_SUPPORT_TIER 1
| #define STDC_HEADERS 1
| #define HAVE_ALLOCA_H 1
| #define HAVE_ASM_TYPES_H 1
| #define HAVE_DLFCN_H 1
| #define HAVE_ENDIAN_H 1
| #define HAVE_ERRNO_H 1
| #define HAVE_FCNTL_H 1
| #define HAVE_GRP_H 1
| #define HAVE_LANGINFO_H 1
| #define HAVE_LIBINTL_H 1
| #define HAVE_LINUX_AUXVEC_H 1
| #define HAVE_SYS_AUXV_H 1
| #define HAVE_LINUX_FS_H 1
| #define HAVE_LINUX_LIMITS_H 1
| #define HAVE_LINUX_MEMFD_H 1
| #define HAVE_LINUX_NETFILTER_IPV4_H 1
| #define HAVE_LINUX_RANDOM_H 1
| #define HAVE_LINUX_SOUNDCARD_H 1
| #define HAVE_LINUX_SCHED_H 1
| #define HAVE_LINUX_TIPC_H 1
| #define HAVE_LINUX_WAIT_H 1
| #define HAVE_NETDB_H 1
| #define HAVE_NET_ETHERNET_H 1
| #define HAVE_NETINET_IN_H 1
| #define HAVE_NETPACKET_PACKET_H 1
| #define HAVE_POLL_H 1
| #define HAVE_PTHREAD_H 1
| #define HAVE_PTY_H 1
| #define HAVE_SCHED_H 1
| #define HAVE_SETJMP_H 1
| #define HAVE_SHADOW_H 1
| #define HAVE_SIGNAL_H 1
| #define HAVE_SPAWN_H 1
| #define HAVE_SYS_EPOLL_H 1
| #define HAVE_SYS_EVENTFD_H 1
| #define HAVE_SYS_FILE_H 1
| #define HAVE_SYS_IOCTL_H 1
| #define HAVE_SYS_MMAN_H 1
| #define HAVE_SYS_PARAM_H 1
| #define HAVE_SYS_POLL_H 1
| #define HAVE_SYS_RANDOM_H 1
| #define HAVE_SYS_RESOURCE_H 1
| #define HAVE_SYS_SELECT_H 1
| #define HAVE_SYS_SENDFILE_H 1
| #define HAVE_SYS_SOCKET_H 1
| #define HAVE_SYS_SOUNDCARD_H 1
| #define HAVE_SYS_STAT_H 1
| #define HAVE_SYS_STATVFS_H 1
| #define HAVE_SYS_SYSCALL_H 1
| #define HAVE_SYS_SYSMACROS_H 1
| #define HAVE_SYS_TIME_H 1
| #define HAVE_SYS_TIMES_H 1
| #define HAVE_SYS_TIMERFD_H 1
| #define HAVE_SYS_TYPES_H 1
| #define HAVE_SYS_UIO_H 1
| #define HAVE_SYS_UN_H 1
| #define HAVE_SYS_UTSNAME_H 1
| #define HAVE_SYS_WAIT_H 1
| #define HAVE_SYS_XATTR_H 1
| #define HAVE_SYSEXITS_H 1
| #define HAVE_SYSLOG_H 1
| #define HAVE_TERMIOS_H 1
| #define HAVE_UTIME_H 1
| #define HAVE_UTMP_H 1
| #define HAVE_DIRENT_H 1
| #define MAJOR_IN_SYSMACROS 1
| #define HAVE_NET_IF_H 1
| #define HAVE_LINUX_NETLINK_H 1
| #define HAVE_LINUX_QRTR_H 1
| #define HAVE_LINUX_VM_SOCKETS_H 1
| #define HAVE_LINUX_CAN_H 1
| #define HAVE_LINUX_CAN_BCM_H 1
| #define HAVE_LINUX_CAN_J1939_H 1
| #define HAVE_LINUX_CAN_RAW_H 1
| #define HAVE_CLOCK_T 1
| #define HAVE_MAKEDEV 1
| #define HAVE_HTOLE64 1
| #define _LARGEFILE_SOURCE 1
| #define _FILE_OFFSET_BITS 64
| #if defined(SCO_DS)
| #undef _OFF_T
| #endif
| #define RETSIGTYPE void
| #define HAVE_SSIZE_T 1
| #define HAVE___UINT128_T 1
| #define HAVE_GCC_UINT128_T 1
| #define SIZEOF_INT 4
| #define SIZEOF_LONG 8
| #define ALIGNOF_LONG 8
| #define SIZEOF_LONG_LONG 8
| #define SIZEOF_VOID_P 8
| #define SIZEOF_SHORT 2
| #define SIZEOF_FLOAT 4
| #define SIZEOF_DOUBLE 8
| #define SIZEOF_FPOS_T 16
| #define SIZEOF_SIZE_T 8
| #define ALIGNOF_SIZE_T 8
| #define SIZEOF_PID_T 4
| #define SIZEOF_UINTPTR_T 8
| #define ALIGNOF_MAX_ALIGN_T 16
| #define HAVE_LONG_DOUBLE 1
| #define SIZEOF_LONG_DOUBLE 16
| #define SIZEOF__BOOL 1
| #define SIZEOF_OFF_T 8
| #define SIZEOF_TIME_T 8
| #define SIZEOF_PTHREAD_T 8
| #define SIZEOF_PTHREAD_KEY_T 4
| #define PTHREAD_KEY_T_IS_COMPATIBLE_WITH_INT 1
| #define PY_HAVE_PERF_TRAMPOLINE 1
| #define HAVE_LIBDL 1
| #define HAVE_EXECINFO_H 1
| #define HAVE_BACKTRACE 1
| #define HAVE_DLADDR1 1
| #define HAVE_LINK_H 1
| #define HAVE_BACKTRACE 1
| #define HAVE_DLADDR1 1
| #define HAVE_DLFCN_H 1
| #define HAVE_BACKTRACE 1
| #define HAVE_DLADDR1 1
| #define HAVE_UUID_H 1
| #define HAVE_UUID_GENERATE_TIME_SAFE 1
| #define HAVE_FFI_PREP_CIF_VAR 1
| #define HAVE_FFI_PREP_CLOSURE_LOC 1
| #define HAVE_FFI_CLOSURE_ALLOC 1
| #define WITH_DECIMAL_CONTEXTVAR 1
| #define HAVE_LIBSQLITE3 1
| #define HAVE_LIBSQLITE3 1
| #define HAVE_LIBSQLITE3 1
| #define HAVE_LIBSQLITE3 1
| #define HAVE_LIBSQLITE3 1
| #define HAVE_LIBSQLITE3 1
| #define HAVE_LIBSQLITE3 1
| #define HAVE_LIBSQLITE3 1
| #define HAVE_LIBSQLITE3 1
| #define PY_SQLITE_HAVE_SERIALIZE 1
| #define PTHREAD_SYSTEM_SCHED_SUPPORTED 1
| #define HAVE_PTHREAD_SIGMASK 1
| #define HAVE_PTHREAD_GETCPUCLOCKID 1
| #define ENABLE_IPV6 1
| #define HAVE_LINUX_CAN_RAW_FD_FRAMES 1
| #define HAVE_LINUX_CAN_RAW_JOIN_FILTERS 1
| #define WITH_DOC_STRINGS 1
| #define HAVE_STD_ATOMIC 1
| #define HAVE_BUILTIN_ATOMIC 1
| #define WITH_MIMALLOC 1
| #define WITH_PYMALLOC 1
| #define PY_COERCE_C_LOCALE 1
| #define HAVE_DLOPEN 1
| #define HAVE_DYNAMIC_LOADING 1
| #define HAVE_ACCEPT4 1
| #define HAVE_ALARM 1
| #define HAVE_BIND_TEXTDOMAIN_CODESET 1
| #define HAVE_CHMOD 1
| #define HAVE_CHOWN 1
| #define HAVE_CLOCK 1
| #define HAVE_CONFSTR 1
| #define HAVE_COPY_FILE_RANGE 1
| #define HAVE_CTERMID 1
| #define HAVE_DLADDR 1
| #define HAVE_DUP 1
| #define HAVE_DUP3 1
| #define HAVE_EXECV 1
| #define HAVE_EXPLICIT_BZERO 1
| #define HAVE_FACCESSAT 1
| #define HAVE_FCHMOD 1
| #define HAVE_FCHMODAT 1
| #define HAVE_FCHOWN 1
| #define HAVE_FCHOWNAT 1
| #define HAVE_FDOPENDIR 1
| /* end confdefs.h.  */
| /* Define fdwalk to an innocuous variant, in case <limits.h> declares fdwalk.
|    For example, HP-UX 11i <limits.h> declares gettimeofday.  */
| #define fdwalk innocuous_fdwalk
| 
| /* System header to define __stub macros and hopefully few prototypes,
|    which can conflict with char fdwalk (void); below.  */
| 
| #include <limits.h>
| #undef fdwalk
| 
| /* Override any GCC internal prototype to avoid an error.
|    Use char because int might match the return type of a GCC
|    builtin and then its argument prototype would still apply.  */
| #ifdef __cplusplus
| extern "C"
| #endif
| char fdwalk (void);
| /* The GNU C library defines this for functions which it implements
|     to always fail with ENOSYS.  Some functions are actually named
|     something starting with __ and the normal name is an alias.  */
| #if defined __stub_fdwalk || defined __stub___fdwalk
| choke me
| #endif
| 
| int
| main (void)
| {
| return fdwalk ();
|   ;
|   return 0;
| }
configure:19314: result: no
configure:19320: checking for fexecve
configure:19320: gcc -pthread -o conftest    conftest.c -lpthread -ldl  >&5
configure:19320: $? = 0
configure:19320: result: yes
configure:19326: checking for fork
configure:19326: gcc -pthread -o conftest    conftest.c -lpthread -ldl  >&5
conftest.c:226:6: warning: conflicting types for built-in function 'fork'; expected 'int(void)' [-Wbuiltin-declaration-mismatch]
  226 | char fork (void);
      |      ^~~~
configure:19326: $? = 0
configure:19326: result: yes
configure:19332: checking for fork1
configure:19332: gcc -pthread -o conftest    conftest.c -lpthread -ldl  >&5
/usr/bin/ld: /tmp/cckT6uYa.o: in function `main':
conftest.c:(.text+0x9): undefined reference to `fork1'
collect2: error: ld returned 1 exit status
configure:19332: $? = 1
configure: failed program was:
| /* confdefs.h */
| #define _NETBSD_SOURCE 1
| #define __BSD_VISIBLE 1
| #define _DARWIN_C_SOURCE 1
| #define _PYTHONFRAMEWORK ""
| #define _XOPEN_SOURCE 700
| #define _XOPEN_SOURCE_EXTENDED 1
| #define _POSIX_C_SOURCE 200809L
| #define HAVE_STDIO_H 1
| #define HAVE_STDLIB_H 1
| #define HAVE_STRING_H 1
| #define HAVE_INTTYPES_H 1
| #define HAVE_STDINT_H 1
| #define HAVE_STRINGS_H 1
| #define HAVE_SYS_STAT_H 1
| #define HAVE_SYS_TYPES_H 1
| #define HAVE_UNISTD_H 1
| #define HAVE_WCHAR_H 1
| #define STDC_HEADERS 1
| #define _ALL_SOURCE 1
| #define _DARWIN_C_SOURCE 1
| #define _GNU_SOURCE 1
| #define _HPUX_ALT_XOPEN_SOCKET_API 1
| #define _NETBSD_SOURCE 1
| #define _OPENBSD_SOURCE 1
| #define _POSIX_PTHREAD_SEMANTICS 1
| #define __STDC_WANT_IEC_60559_ATTRIBS_EXT__ 1
| #define __STDC_WANT_IEC_60559_BFP_EXT__ 1
| #define __STDC_WANT_IEC_60559_DFP_EXT__ 1
| #define __STDC_WANT_IEC_60559_EXT__ 1
| #define __STDC_WANT_IEC_60559_FUNCS_EXT__ 1
| #define __STDC_WANT_IEC_60559_TYPES_EXT__ 1
| #define __STDC_WANT_LIB_EXT2__ 1
| #define __STDC_WANT_MATH_SPEC_FUNCS__ 1
| #define _TANDEM_SOURCE 1
| #define __EXTENSIONS__ 1
| #define _Py_STACK_GROWS_DOWN 1
| #define PY_SUPPORT_TIER 1
| #define STDC_HEADERS 1
| #define HAVE_ALLOCA_H 1
| #define HAVE_ASM_TYPES_H 1
| #define HAVE_DLFCN_H 1
| #define HAVE_ENDIAN_H 1
| #define HAVE_ERRNO_H 1
| #define HAVE_FCNTL_H 1
| #define HAVE_GRP_H 1
| #define HAVE_LANGINFO_H 1
| #define HAVE_LIBINTL_H 1
| #define HAVE_LINUX_AUXVEC_H 1
| #define HAVE_SYS_AUXV_H 1
| #define HAVE_LINUX_FS_H 1
| #define HAVE_LINUX_LIMITS_H 1
| #define HAVE_LINUX_MEMFD_H 1
| #define HAVE_LINUX_NETFILTER_IPV4_H 1
| #define HAVE_LINUX_RANDOM_H 1
| #define HAVE_LINUX_SOUNDCARD_H 1
| #define HAVE_LINUX_SCHED_H 1
| #define HAVE_LINUX_TIPC_H 1
| #define HAVE_LINUX_WAIT_H 1
| #define HAVE_NETDB_H 1
| #define HAVE_NET_ETHERNET_H 1
| #define HAVE_NETINET_IN_H 1
| #define HAVE_NETPACKET_PACKET_H 1
| #define HAVE_POLL_H 1
| #define HAVE_PTHREAD_H 1
| #define HAVE_PTY_H 1
| #define HAVE_SCHED_H 1
| #define HAVE_SETJMP_H 1
| #define HAVE_SHADOW_H 1
| #define HAVE_SIGNAL_H 1
| #define HAVE_SPAWN_H 1
| #define HAVE_SYS_EPOLL_H 1
| #define HAVE_SYS_EVENTFD_H 1
| #define HAVE_SYS_FILE_H 1
| #define HAVE_SYS_IOCTL_H 1
| #define HAVE_SYS_MMAN_H 1
| #define HAVE_SYS_PARAM_H 1
| #define HAVE_SYS_POLL_H 1
| #define HAVE_SYS_RANDOM_H 1
| #define HAVE_SYS_RESOURCE_H 1
| #define HAVE_SYS_SELECT_H 1
| #define HAVE_SYS_SENDFILE_H 1
| #define HAVE_SYS_SOCKET_H 1
| #define HAVE_SYS_SOUNDCARD_H 1
| #define HAVE_SYS_STAT_H 1
| #define HAVE_SYS_STATVFS_H 1
| #define HAVE_SYS_SYSCALL_H 1
| #define HAVE_SYS_SYSMACROS_H 1
| #define HAVE_SYS_TIME_H 1
| #define HAVE_SYS_TIMES_H 1
| #define HAVE_SYS_TIMERFD_H 1
| #define HAVE_SYS_TYPES_H 1
| #define HAVE_SYS_UIO_H 1
| #define HAVE_SYS_UN_H 1
| #define HAVE_SYS_UTSNAME_H 1
| #define HAVE_SYS_WAIT_H 1
| #define HAVE_SYS_XATTR_H 1
| #define HAVE_SYSEXITS_H 1
| #define HAVE_SYSLOG_H 1
| #define HAVE_TERMIOS_H 1
| #define HAVE_UTIME_H 1
| #define HAVE_UTMP_H 1
| #define HAVE_DIRENT_H 1
| #define MAJOR_IN_SYSMACROS 1
| #define HAVE_NET_IF_H 1
| #define HAVE_LINUX_NETLINK_H 1
| #define HAVE_LINUX_QRTR_H 1
| #define HAVE_LINUX_VM_SOCKETS_H 1
| #define HAVE_LINUX_CAN_H 1
| #define HAVE_LINUX_CAN_BCM_H 1
| #define HAVE_LINUX_CAN_J1939_H 1
| #define HAVE_LINUX_CAN_RAW_H 1
| #define HAVE_CLOCK_T 1
| #define HAVE_MAKEDEV 1
| #define HAVE_HTOLE64 1
| #define _LARGEFILE_SOURCE 1
| #define _FILE_OFFSET_BITS 64
| #if defined(SCO_DS)
| #undef _OFF_T
| #endif
| #define RETSIGTYPE void
| #define HAVE_SSIZE_T 1
| #define HAVE___UINT128_T 1
| #define HAVE_GCC_UINT128_T 1
| #define SIZEOF_INT 4
| #define SIZEOF_LONG 8
| #define ALIGNOF_LONG 8
| #define SIZEOF_LONG_LONG 8
| #define SIZEOF_VOID_P 8
| #define SIZEOF_SHORT 2
| #define SIZEOF_FLOAT 4
| #define SIZEOF_DOUBLE 8
| #define SIZEOF_FPOS_T 16
| #define SIZEOF_SIZE_T 8
| #define ALIGNOF_SIZE_T 8
| #define SIZEOF_PID_T 4
| #define SIZEOF_UINTPTR_T 8
| #define ALIGNOF_MAX_ALIGN_T 16
| #define HAVE_LONG_DOUBLE 1
| #define SIZEOF_LONG_DOUBLE 16
| #define SIZEOF__BOOL 1
| #define SIZEOF_OFF_T 8
| #define SIZEOF_TIME_T 8
| #define SIZEOF_PTHREAD_T 8
| #define SIZEOF_PTHREAD_KEY_T 4
| #define PTHREAD_KEY_T_IS_COMPATIBLE_WITH_INT 1
| #define PY_HAVE_PERF_TRAMPOLINE 1
| #define HAVE_LIBDL 1
| #define HAVE_EXECINFO_H 1
| #define HAVE_BACKTRACE 1
| #define HAVE_DLADDR1 1
| #define HAVE_LINK_H 1
| #define HAVE_BACKTRACE 1
| #define HAVE_DLADDR1 1
| #define HAVE_DLFCN_H 1
| #define HAVE_BACKTRACE 1
| #define HAVE_DLADDR1 1
| #define HAVE_UUID_H 1
| #define HAVE_UUID_GENERATE_TIME_SAFE 1
| #define HAVE_FFI_PREP_CIF_VAR 1
| #define HAVE_FFI_PREP_CLOSURE_LOC 1
| #define HAVE_FFI_CLOSURE_ALLOC 1
| #define WITH_DECIMAL_CONTEXTVAR 1
| #define HAVE_LIBSQLITE3 1
| #define HAVE_LIBSQLITE3 1
| #define HAVE_LIBSQLITE3 1
| #define HAVE_LIBSQLITE3 1
| #define HAVE_LIBSQLITE3 1
| #define HAVE_LIBSQLITE3 1
| #define HAVE_LIBSQLITE3 1
| #define HAVE_LIBSQLITE3 1
| #define HAVE_LIBSQLITE3 1
| #define PY_SQLITE_HAVE_SERIALIZE 1
| #define PTHREAD_SYSTEM_SCHED_SUPPORTED 1
| #define HAVE_PTHREAD_SIGMASK 1
| #define HAVE_PTHREAD_GETCPUCLOCKID 1
| #define ENABLE_IPV6 1
| #define HAVE_LINUX_CAN_RAW_FD_FRAMES 1
| #define HAVE_LINUX_CAN_RAW_JOIN_FILTERS 1
| #define WITH_DOC_STRINGS 1
| #define HAVE_STD_ATOMIC 1
| #define HAVE_BUILTIN_ATOMIC 1
| #define WITH_MIMALLOC 1
| #define WITH_PYMALLOC 1
| #define PY_COERCE_C_LOCALE 1
| #define HAVE_DLOPEN 1
| #define HAVE_DYNAMIC_LOADING 1
| #define HAVE_ACCEPT4 1
| #define HAVE_ALARM 1
| #define HAVE_BIND_TEXTDOMAIN_CODESET 1
| #define HAVE_CHMOD 1
| #define HAVE_CHOWN 1
| #define HAVE_CLOCK 1
| #define HAVE_CONFSTR 1
| #define HAVE_COPY_FILE_RANGE 1
| #define HAVE_CTERMID 1
| #define HAVE_DLADDR 1
| #define HAVE_DUP 1
| #define HAVE_DUP3 1
| #define HAVE_EXECV 1
| #define HAVE_EXPLICIT_BZERO 1
| #define HAVE_FACCESSAT 1
| #define HAVE_FCHMOD 1
| #define HAVE_FCHMODAT 1
| #define HAVE_FCHOWN 1
| #define HAVE_FCHOWNAT 1
| #define HAVE_FDOPENDIR 1
| #define HAVE_FEXECVE 1
| #define HAVE_FORK 1
| /* end confdefs.h.  */
| /* Define fork1 to an innocuous variant, in case <limits.h> declares fork1.
|    For example, HP-UX 11i <limits.h> declares gettimeofday.  */
| #define fork1 innocuous_fork1
| 
| /* System header to define __stub macros and hopefully few prototypes,
|    which can conflict with char fork1 (void); below.  */
| 
| #include <limits.h>
| #undef fork1
| 
| /* Override any GCC internal prototype to avoid an error.
|    Use char because int might match the return type of a GCC
|    builtin and then its argument prototype would still apply.  */
| #ifdef __cplusplus
| extern "C"
| #endif
| char fork1 (void);
| /* The GNU C library defines this for functions which it implements
|     to always fail with ENOSYS.  Some functions are actually named
|     something starting with __ and the normal name is an alias.  */
| #if defined __stub_fork1 || defined __stub___fork1
| choke me
| #endif
| 
| int
| main (void)
| {
| return fork1 ();
|   ;
|   return 0;
| }
configure:19332: result: no
configure:19338: checking for fpathconf
configure:19338: gcc -pthread -o conftest    conftest.c -lpthread -ldl  >&5
configure:19338: $? = 0
configure:19338: result: yes
configure:19344: checking for fstatat
configure:19344: gcc -pthread -o conftest    conftest.c -lpthread -ldl  >&5
configure:19344: $? = 0
configure:19344: result: yes
configure:19350: checking for ftime
configure:19350: gcc -pthread -o conftest    conftest.c -lpthread -ldl  >&5
configure:19350: $? = 0
configure:19350: result: yes
configure:19356: checking for ftruncate
configure:19356: gcc -pthread -o conftest    conftest.c -lpthread -ldl  >&5
configure:19356: $? = 0
configure:19356: result: yes
configure:19362: checking for futimens
configure:19362: gcc -pthread -o conftest    conftest.c -lpthread -ldl  >&5
configure:19362: $? = 0
configure:19362: result: yes
configure:19368: checking for futimes
configure:19368: gcc -pthread -o conftest    conftest.c -lpthread -ldl  >&5
configure:19368: $? = 0
configure:19368: result: yes
configure:19374: checking for futimesat
configure:19374: gcc -pthread -o conftest    conftest.c -lpthread -ldl  >&5
configure:19374: $? = 0
configure:19374: result: yes
configure:19380: checking for gai_strerror
configure:19380: gcc -pthread -o conftest    conftest.c -lpthread -ldl  >&5
configure:19380: $? = 0
configure:19380: result: yes
configure:19386: checking for getegid
configure:19386: gcc -pthread -o conftest    conftest.c -lpthread -ldl  >&5
configure:19386: $? = 0
configure:19386: result: yes
configure:19392: checking for geteuid
configure:19392: gcc -pthread -o conftest    conftest.c -lpthread -ldl  >&5
configure:19392: $? = 0
configure:19392: result: yes
configure:19398: checking for getgid
configure:19398: gcc -pthread -o conftest    conftest.c -lpthread -ldl  >&5
configure:19398: $? = 0
configure:19398: result: yes
configure:19404: checking for getgrent
configure:19404: gcc -pthread -o conftest    conftest.c -lpthread -ldl  >&5
configure:19404: $? = 0
configure:19404: result: yes
configure:19410: checking for getgrgid
configure:19410: gcc -pthread -o conftest    conftest.c -lpthread -ldl  >&5
configure:19410: $? = 0
configure:19410: result: yes
configure:19416: checking for getgrgid_r
configure:19416: gcc -pthread -o conftest    conftest.c -lpthread -ldl  >&5
configure:19416: $? = 0
configure:19416: result: yes
configure:19422: checking for getgrnam_r
configure:19422: gcc -pthread -o conftest    conftest.c -lpthread -ldl  >&5
configure:19422: $? = 0
configure:19422: result: yes
configure:19428: checking for getgrouplist
configure:19428: gcc -pthread -o conftest    conftest.c -lpthread -ldl  >&5
configure:19428: $? = 0
configure:19428: result: yes
configure:19434: checking for gethostname
configure:19434: gcc -pthread -o conftest    conftest.c -lpthread -ldl  >&5
configure:19434: $? = 0
configure:19434: result: yes
configure:19440: checking for getitimer
configure:19440: gcc -pthread -o conftest    conftest.c -lpthread -ldl  >&5
configure:19440: $? = 0
configure:19440: result: yes
configure:19446: checking for getloadavg
configure:19446: gcc -pthread -o conftest    conftest.c -lpthread -ldl  >&5
configure:19446: $? = 0
configure:19446: result: yes
configure:19452: checking for getlogin
configure:19452: gcc -pthread -o conftest    conftest.c -lpthread -ldl  >&5
configure:19452: $? = 0
configure:19452: result: yes
configure:19458: checking for getlogin_r
configure:19458: gcc -pthread -o conftest    conftest.c -lpthread -ldl  >&5
configure:19458: $? = 0
configure:19458: result: yes
configure:19464: checking for getpeername
configure:19464: gcc -pthread -o conftest    conftest.c -lpthread -ldl  >&5
configure:19464: $? = 0
configure:19464: result: yes
configure:19470: checking for getpgid
configure:19470: gcc -pthread -o conftest    conftest.c -lpthread -ldl  >&5
configure:19470: $? = 0
configure:19470: result: yes
configure:19476: checking for getpid
configure:19476: gcc -pthread -o conftest    conftest.c -lpthread -ldl  >&5
configure:19476: $? = 0
configure:19476: result: yes
configure:19482: checking for getppid
configure:19482: gcc -pthread -o conftest    conftest.c -lpthread -ldl  >&5
configure:19482: $? = 0
configure:19482: result: yes
configure:19488: checking for getpriority
configure:19488: gcc -pthread -o conftest    conftest.c -lpthread -ldl  >&5
configure:19488: $? = 0
configure:19488: result: yes
configure:19494: checking for _getpty
configure:19494: gcc -pthread -o conftest    conftest.c -lpthread -ldl  >&5
/usr/bin/ld: /tmp/ccQrY5IS.o: in function `main':
conftest.c:(.text+0x9): undefined reference to `_getpty'
collect2: error: ld returned 1 exit status
configure:19494: $? = 1
configure: failed program was:
| /* confdefs.h */
| #define _NETBSD_SOURCE 1
| #define __BSD_VISIBLE 1
| #define _DARWIN_C_SOURCE 1
| #define _PYTHONFRAMEWORK ""
| #define _XOPEN_SOURCE 700
| #define _XOPEN_SOURCE_EXTENDED 1
| #define _POSIX_C_SOURCE 200809L
| #define HAVE_STDIO_H 1
| #define HAVE_STDLIB_H 1
| #define HAVE_STRING_H 1
| #define HAVE_INTTYPES_H 1
| #define HAVE_STDINT_H 1
| #define HAVE_STRINGS_H 1
| #define HAVE_SYS_STAT_H 1
| #define HAVE_SYS_TYPES_H 1
| #define HAVE_UNISTD_H 1
| #define HAVE_WCHAR_H 1
| #define STDC_HEADERS 1
| #define _ALL_SOURCE 1
| #define _DARWIN_C_SOURCE 1
| #define _GNU_SOURCE 1
| #define _HPUX_ALT_XOPEN_SOCKET_API 1
| #define _NETBSD_SOURCE 1
| #define _OPENBSD_SOURCE 1
| #define _POSIX_PTHREAD_SEMANTICS 1
| #define __STDC_WANT_IEC_60559_ATTRIBS_EXT__ 1
| #define __STDC_WANT_IEC_60559_BFP_EXT__ 1
| #define __STDC_WANT_IEC_60559_DFP_EXT__ 1
| #define __STDC_WANT_IEC_60559_EXT__ 1
| #define __STDC_WANT_IEC_60559_FUNCS_EXT__ 1
| #define __STDC_WANT_IEC_60559_TYPES_EXT__ 1
| #define __STDC_WANT_LIB_EXT2__ 1
| #define __STDC_WANT_MATH_SPEC_FUNCS__ 1
| #define _TANDEM_SOURCE 1
| #define __EXTENSIONS__ 1
| #define _Py_STACK_GROWS_DOWN 1
| #define PY_SUPPORT_TIER 1
| #define STDC_HEADERS 1
| #define HAVE_ALLOCA_H 1
| #define HAVE_ASM_TYPES_H 1
| #define HAVE_DLFCN_H 1
| #define HAVE_ENDIAN_H 1
| #define HAVE_ERRNO_H 1
| #define HAVE_FCNTL_H 1
| #define HAVE_GRP_H 1
| #define HAVE_LANGINFO_H 1
| #define HAVE_LIBINTL_H 1
| #define HAVE_LINUX_AUXVEC_H 1
| #define HAVE_SYS_AUXV_H 1
| #define HAVE_LINUX_FS_H 1
| #define HAVE_LINUX_LIMITS_H 1
| #define HAVE_LINUX_MEMFD_H 1
| #define HAVE_LINUX_NETFILTER_IPV4_H 1
| #define HAVE_LINUX_RANDOM_H 1
| #define HAVE_LINUX_SOUNDCARD_H 1
| #define HAVE_LINUX_SCHED_H 1
| #define HAVE_LINUX_TIPC_H 1
| #define HAVE_LINUX_WAIT_H 1
| #define HAVE_NETDB_H 1
| #define HAVE_NET_ETHERNET_H 1
| #define HAVE_NETINET_IN_H 1
| #define HAVE_NETPACKET_PACKET_H 1
| #define HAVE_POLL_H 1
| #define HAVE_PTHREAD_H 1
| #define HAVE_PTY_H 1
| #define HAVE_SCHED_H 1
| #define HAVE_SETJMP_H 1
| #define HAVE_SHADOW_H 1
| #define HAVE_SIGNAL_H 1
| #define HAVE_SPAWN_H 1
| #define HAVE_SYS_EPOLL_H 1
| #define HAVE_SYS_EVENTFD_H 1
| #define HAVE_SYS_FILE_H 1
| #define HAVE_SYS_IOCTL_H 1
| #define HAVE_SYS_MMAN_H 1
| #define HAVE_SYS_PARAM_H 1
| #define HAVE_SYS_POLL_H 1
| #define HAVE_SYS_RANDOM_H 1
| #define HAVE_SYS_RESOURCE_H 1
| #define HAVE_SYS_SELECT_H 1
| #define HAVE_SYS_SENDFILE_H 1
| #define HAVE_SYS_SOCKET_H 1
| #define HAVE_SYS_SOUNDCARD_H 1
| #define HAVE_SYS_STAT_H 1
| #define HAVE_SYS_STATVFS_H 1
| #define HAVE_SYS_SYSCALL_H 1
| #define HAVE_SYS_SYSMACROS_H 1
| #define HAVE_SYS_TIME_H 1
| #define HAVE_SYS_TIMES_H 1
| #define HAVE_SYS_TIMERFD_H 1
| #define HAVE_SYS_TYPES_H 1
| #define HAVE_SYS_UIO_H 1
| #define HAVE_SYS_UN_H 1
| #define HAVE_SYS_UTSNAME_H 1
| #define HAVE_SYS_WAIT_H 1
| #define HAVE_SYS_XATTR_H 1
| #define HAVE_SYSEXITS_H 1
| #define HAVE_SYSLOG_H 1
| #define HAVE_TERMIOS_H 1
| #define HAVE_UTIME_H 1
| #define HAVE_UTMP_H 1
| #define HAVE_DIRENT_H 1
| #define MAJOR_IN_SYSMACROS 1
| #define HAVE_NET_IF_H 1
| #define HAVE_LINUX_NETLINK_H 1
| #define HAVE_LINUX_QRTR_H 1
| #define HAVE_LINUX_VM_SOCKETS_H 1
| #define HAVE_LINUX_CAN_H 1
| #define HAVE_LINUX_CAN_BCM_H 1
| #define HAVE_LINUX_CAN_J1939_H 1
| #define HAVE_LINUX_CAN_RAW_H 1
| #define HAVE_CLOCK_T 1
| #define HAVE_MAKEDEV 1
| #define HAVE_HTOLE64 1
| #define _LARGEFILE_SOURCE 1
| #define _FILE_OFFSET_BITS 64
| #if defined(SCO_DS)
| #undef _OFF_T
| #endif
| #define RETSIGTYPE void
| #define HAVE_SSIZE_T 1
| #define HAVE___UINT128_T 1
| #define HAVE_GCC_UINT128_T 1
| #define SIZEOF_INT 4
| #define SIZEOF_LONG 8
| #define ALIGNOF_LONG 8
| #define SIZEOF_LONG_LONG 8
| #define SIZEOF_VOID_P 8
| #define SIZEOF_SHORT 2
| #define SIZEOF_FLOAT 4
| #define SIZEOF_DOUBLE 8
| #define SIZEOF_FPOS_T 16
| #define SIZEOF_SIZE_T 8
| #define ALIGNOF_SIZE_T 8
| #define SIZEOF_PID_T 4
| #define SIZEOF_UINTPTR_T 8
| #define ALIGNOF_MAX_ALIGN_T 16
| #define HAVE_LONG_DOUBLE 1
| #define SIZEOF_LONG_DOUBLE 16
| #define SIZEOF__BOOL 1
| #define SIZEOF_OFF_T 8
| #define SIZEOF_TIME_T 8
| #define SIZEOF_PTHREAD_T 8
| #define SIZEOF_PTHREAD_KEY_T 4
| #define PTHREAD_KEY_T_IS_COMPATIBLE_WITH_INT 1
| #define PY_HAVE_PERF_TRAMPOLINE 1
| #define HAVE_LIBDL 1
| #define HAVE_EXECINFO_H 1
| #define HAVE_BACKTRACE 1
| #define HAVE_DLADDR1 1
| #define HAVE_LINK_H 1
| #define HAVE_BACKTRACE 1
| #define HAVE_DLADDR1 1
| #define HAVE_DLFCN_H 1
| #define HAVE_BACKTRACE 1
| #define HAVE_DLADDR1 1
| #define HAVE_UUID_H 1
| #define HAVE_UUID_GENERATE_TIME_SAFE 1
| #define HAVE_FFI_PREP_CIF_VAR 1
| #define HAVE_FFI_PREP_CLOSURE_LOC 1
| #define HAVE_FFI_CLOSURE_ALLOC 1
| #define WITH_DECIMAL_CONTEXTVAR 1
| #define HAVE_LIBSQLITE3 1
| #define HAVE_LIBSQLITE3 1
| #define HAVE_LIBSQLITE3 1
| #define HAVE_LIBSQLITE3 1
| #define HAVE_LIBSQLITE3 1
| #define HAVE_LIBSQLITE3 1
| #define HAVE_LIBSQLITE3 1
| #define HAVE_LIBSQLITE3 1
| #define HAVE_LIBSQLITE3 1
| #define PY_SQLITE_HAVE_SERIALIZE 1
| #define PTHREAD_SYSTEM_SCHED_SUPPORTED 1
| #define HAVE_PTHREAD_SIGMASK 1
| #define HAVE_PTHREAD_GETCPUCLOCKID 1
| #define ENABLE_IPV6 1
| #define HAVE_LINUX_CAN_RAW_FD_FRAMES 1
| #define HAVE_LINUX_CAN_RAW_JOIN_FILTERS 1
| #define WITH_DOC_STRINGS 1
| #define HAVE_STD_ATOMIC 1
| #define HAVE_BUILTIN_ATOMIC 1
| #define WITH_MIMALLOC 1
| #define WITH_PYMALLOC 1
| #define PY_COERCE_C_LOCALE 1
| #define HAVE_DLOPEN 1
| #define HAVE_DYNAMIC_LOADING 1
| #define HAVE_ACCEPT4 1
| #define HAVE_ALARM 1
| #define HAVE_BIND_TEXTDOMAIN_CODESET 1
| #define HAVE_CHMOD 1
| #define HAVE_CHOWN 1
| #define HAVE_CLOCK 1
| #define HAVE_CONFSTR 1
| #define HAVE_COPY_FILE_RANGE 1
| #define HAVE_CTERMID 1
| #define HAVE_DLADDR 1
| #define HAVE_DUP 1
| #define HAVE_DUP3 1
| #define HAVE_EXECV 1
| #define HAVE_EXPLICIT_BZERO 1
| #define HAVE_FACCESSAT 1
| #define HAVE_FCHMOD 1
| #define HAVE_FCHMODAT 1
| #define HAVE_FCHOWN 1
| #define HAVE_FCHOWNAT 1
| #define HAVE_FDOPENDIR 1
| #define HAVE_FEXECVE 1
| #define HAVE_FORK 1
| #define HAVE_FPATHCONF 1
| #define HAVE_FSTATAT 1
| #define HAVE_FTIME 1
| #define HAVE_FTRUNCATE 1
| #define HAVE_FUTIMENS 1
| #define HAVE_FUTIMES 1
| #define HAVE_FUTIMESAT 1
| #define HAVE_GAI_STRERROR 1
| #define HAVE_GETEGID 1
| #define HAVE_GETEUID 1
| #define HAVE_GETGID 1
| #define HAVE_GETGRENT 1
| #define HAVE_GETGRGID 1
| #define HAVE_GETGRGID_R 1
| #define HAVE_GETGRNAM_R 1
| #define HAVE_GETGROUPLIST 1
| #define HAVE_GETHOSTNAME 1
| #define HAVE_GETITIMER 1
| #define HAVE_GETLOADAVG 1
| #define HAVE_GETLOGIN 1
| #define HAVE_GETLOGIN_R 1
| #define HAVE_GETPEERNAME 1
| #define HAVE_GETPGID 1
| #define HAVE_GETPID 1
| #define HAVE_GETPPID 1
| #define HAVE_GETPRIORITY 1
| /* end confdefs.h.  */
| /* Define _getpty to an innocuous variant, in case <limits.h> declares _getpty.
|    For example, HP-UX 11i <limits.h> declares gettimeofday.  */
| #define _getpty innocuous__getpty
| 
| /* System header to define __stub macros and hopefully few prototypes,
|    which can conflict with char _getpty (void); below.  */
| 
| #include <limits.h>
| #undef _getpty
| 
| /* Override any GCC internal prototype to avoid an error.
|    Use char because int might match the return type of a GCC
|    builtin and then its argument prototype would still apply.  */
| #ifdef __cplusplus
| extern "C"
| #endif
| char _getpty (void);
| /* The GNU C library defines this for functions which it implements
|     to always fail with ENOSYS.  Some functions are actually named
|     something starting with __ and the normal name is an alias.  */
| #if defined __stub__getpty || defined __stub____getpty
| choke me
| #endif
| 
| int
| main (void)
| {
| return _getpty ();
|   ;
|   return 0;
| }
configure:19494: result: no
configure:19500: checking for getpwent
configure:19500: gcc -pthread -o conftest    conftest.c -lpthread -ldl  >&5
configure:19500: $? = 0
configure:19500: result: yes
configure:19506: checking for getpwnam_r
configure:19506: gcc -pthread -o conftest    conftest.c -lpthread -ldl  >&5
configure:19506: $? = 0
configure:19506: result: yes
configure:19512: checking for getpwuid
configure:19512: gcc -pthread -o conftest    conftest.c -lpthread -ldl  >&5
configure:19512: $? = 0
configure:19512: result: yes
configure:19518: checking for getpwuid_r
configure:19518: gcc -pthread -o conftest    conftest.c -lpthread -ldl  >&5
configure:19518: $? = 0
configure:19518: result: yes
configure:19524: checking for getresgid
configure:19524: gcc -pthread -o conftest    conftest.c -lpthread -ldl  >&5
configure:19524: $? = 0
configure:19524: result: yes
configure:19530: checking for getresuid
configure:19530: gcc -pthread -o conftest    conftest.c -lpthread -ldl  >&5
configure:19530: $? = 0
configure:19530: result: yes
configure:19536: checking for getrusage
configure:19536: gcc -pthread -o conftest    conftest.c -lpthread -ldl  >&5
configure:19536: $? = 0
configure:19536: result: yes
configure:19542: checking for getsid
configure:19542: gcc -pthread -o conftest    conftest.c -lpthread -ldl  >&5
configure:19542: $? = 0
configure:19542: result: yes
configure:19548: checking for getspent
configure:19548: gcc -pthread -o conftest    conftest.c -lpthread -ldl  >&5
configure:19548: $? = 0
configure:19548: result: yes
configure:19554: checking for getspnam
configure:19554: gcc -pthread -o conftest    conftest.c -lpthread -ldl  >&5
configure:19554: $? = 0
configure:19554: result: yes
configure:19560: checking for getuid
configure:19560: gcc -pthread -o conftest    conftest.c -lpthread -ldl  >&5
configure:19560: $? = 0
configure:19560: result: yes
configure:19566: checking for getwd
configure:19566: gcc -pthread -o conftest    conftest.c -lpthread -ldl  >&5
/usr/bin/ld: /tmp/cckEH3ne.o: in function `main':
conftest.c:(.text+0x9): warning: the `getwd' function is dangerous and should not be used.
configure:19566: $? = 0
configure:19566: result: yes
configure:19572: checking for grantpt
configure:19572: gcc -pthread -o conftest    conftest.c -lpthread -ldl  >&5
configure:19572: $? = 0
configure:19572: result: yes
configure:19578: checking for if_nameindex
configure:19578: gcc -pthread -o conftest    conftest.c -lpthread -ldl  >&5
configure:19578: $? = 0
configure:19578: result: yes
configure:19584: checking for initgroups
configure:19584: gcc -pthread -o conftest    conftest.c -lpthread -ldl  >&5
configure:19584: $? = 0
configure:19584: result: yes
configure:19590: checking for kill
configure:19590: gcc -pthread -o conftest    conftest.c -lpthread -ldl  >&5
configure:19590: $? = 0
configure:19590: result: yes
configure:19596: checking for killpg
configure:19596: gcc -pthread -o conftest    conftest.c -lpthread -ldl  >&5
configure:19596: $? = 0
configure:19596: result: yes
configure:19602: checking for lchown
configure:19602: gcc -pthread -o conftest    conftest.c -lpthread -ldl  >&5
configure:19602: $? = 0
configure:19602: result: yes
configure:19608: checking for linkat
configure:19608: gcc -pthread -o conftest    conftest.c -lpthread -ldl  >&5
configure:19608: $? = 0
configure:19608: result: yes
configure:19614: checking for lockf
configure:19614: gcc -pthread -o conftest    conftest.c -lpthread -ldl  >&5
configure:19614: $? = 0
configure:19614: result: yes
configure:19620: checking for lstat
configure:19620: gcc -pthread -o conftest    conftest.c -lpthread -ldl  >&5
configure:19620: $? = 0
configure:19620: result: yes
configure:19626: checking for lutimes
configure:19626: gcc -pthread -o conftest    conftest.c -lpthread -ldl  >&5
configure:19626: $? = 0
configure:19626: result: yes
configure:19632: checking for madvise
configure:19632: gcc -pthread -o conftest    conftest.c -lpthread -ldl  >&5
configure:19632: $? = 0
configure:19632: result: yes
configure:19638: checking for mbrtowc
configure:19638: gcc -pthread -o conftest    conftest.c -lpthread -ldl  >&5
configure:19638: $? = 0
configure:19638: result: yes
configure:19644: checking for memrchr
configure:19644: gcc -pthread -o conftest    conftest.c -lpthread -ldl  >&5
configure:19644: $? = 0
configure:19644: result: yes
configure:19650: checking for mkdirat
configure:19650: gcc -pthread -o conftest    conftest.c -lpthread -ldl  >&5
configure:19650: $? = 0
configure:19650: result: yes
configure:19656: checking for mkfifo
configure:19656: gcc -pthread -o conftest    conftest.c -lpthread -ldl  >&5
configure:19656: $? = 0
configure:19656: result: yes
configure:19662: checking for mkfifoat
configure:19662: gcc -pthread -o conftest    conftest.c -lpthread -ldl  >&5
configure:19662: $? = 0
configure:19662: result: yes
configure:19668: checking for mknod
configure:19668: gcc -pthread -o conftest    conftest.c -lpthread -ldl  >&5
configure:19668: $? = 0
configure:19668: result: yes
configure:19674: checking for mknodat
configure:19674: gcc -pthread -o conftest    conftest.c -lpthread -ldl  >&5
configure:19674: $? = 0
configure:19674: result: yes
configure:19680: checking for mktime
configure:19680: gcc -pthread -o conftest    conftest.c -lpthread -ldl  >&5
configure:19680: $? = 0
configure:19680: result: yes
configure:19686: checking for mmap
configure:19686: gcc -pthread -o conftest    conftest.c -lpthread -ldl  >&5
configure:19686: $? = 0
configure:19686: result: yes
configure:19692: checking for mremap
configure:19692: gcc -pthread -o conftest    conftest.c -lpthread -ldl  >&5
configure:19692: $? = 0
configure:19692: result: yes
configure:19698: checking for nice
configure:19698: gcc -pthread -o conftest    conftest.c -lpthread -ldl  >&5
configure:19698: $? = 0
configure:19698: result: yes
configure:19704: checking for openat
configure:19704: gcc -pthread -o conftest    conftest.c -lpthread -ldl  >&5
configure:19704: $? = 0
configure:19704: result: yes
configure:19710: checking for opendir
configure:19710: gcc -pthread -o conftest    conftest.c -lpthread -ldl  >&5
configure:19710: $? = 0
configure:19710: result: yes
configure:19716: checking for pathconf
configure:19716: gcc -pthread -o conftest    conftest.c -lpthread -ldl  >&5
configure:19716: $? = 0
configure:19716: result: yes
configure:19722: checking for pause
configure:19722: gcc -pthread -o conftest    conftest.c -lpthread -ldl  >&5
configure:19722: $? = 0
configure:19722: result: yes
configure:19728: checking for pipe
configure:19728: gcc -pthread -o conftest    conftest.c -lpthread -ldl  >&5
configure:19728: $? = 0
configure:19728: result: yes
configure:19734: checking for pipe2
configure:19734: gcc -pthread -o conftest    conftest.c -lpthread -ldl  >&5
configure:19734: $? = 0
configure:19734: result: yes
configure:19740: checking for plock
configure:19740: gcc -pthread -o conftest    conftest.c -lpthread -ldl  >&5
/usr/bin/ld: /tmp/ccOd5MHq.o: in function `main':
conftest.c:(.text+0x9): undefined reference to `plock'
collect2: error: ld returned 1 exit status
configure:19740: $? = 1
configure: failed program was:
| /* confdefs.h */
| #define _NETBSD_SOURCE 1
| #define __BSD_VISIBLE 1
| #define _DARWIN_C_SOURCE 1
| #define _PYTHONFRAMEWORK ""
| #define _XOPEN_SOURCE 700
| #define _XOPEN_SOURCE_EXTENDED 1
| #define _POSIX_C_SOURCE 200809L
| #define HAVE_STDIO_H 1
| #define HAVE_STDLIB_H 1
| #define HAVE_STRING_H 1
| #define HAVE_INTTYPES_H 1
| #define HAVE_STDINT_H 1
| #define HAVE_STRINGS_H 1
| #define HAVE_SYS_STAT_H 1
| #define HAVE_SYS_TYPES_H 1
| #define HAVE_UNISTD_H 1
| #define HAVE_WCHAR_H 1
| #define STDC_HEADERS 1
| #define _ALL_SOURCE 1
| #define _DARWIN_C_SOURCE 1
| #define _GNU_SOURCE 1
| #define _HPUX_ALT_XOPEN_SOCKET_API 1
| #define _NETBSD_SOURCE 1
| #define _OPENBSD_SOURCE 1
| #define _POSIX_PTHREAD_SEMANTICS 1
| #define __STDC_WANT_IEC_60559_ATTRIBS_EXT__ 1
| #define __STDC_WANT_IEC_60559_BFP_EXT__ 1
| #define __STDC_WANT_IEC_60559_DFP_EXT__ 1
| #define __STDC_WANT_IEC_60559_EXT__ 1
| #define __STDC_WANT_IEC_60559_FUNCS_EXT__ 1
| #define __STDC_WANT_IEC_60559_TYPES_EXT__ 1
| #define __STDC_WANT_LIB_EXT2__ 1
| #define __STDC_WANT_MATH_SPEC_FUNCS__ 1
| #define _TANDEM_SOURCE 1
| #define __EXTENSIONS__ 1
| #define _Py_STACK_GROWS_DOWN 1
| #define PY_SUPPORT_TIER 1
| #define STDC_HEADERS 1
| #define HAVE_ALLOCA_H 1
| #define HAVE_ASM_TYPES_H 1
| #define HAVE_DLFCN_H 1
| #define HAVE_ENDIAN_H 1
| #define HAVE_ERRNO_H 1
| #define HAVE_FCNTL_H 1
| #define HAVE_GRP_H 1
| #define HAVE_LANGINFO_H 1
| #define HAVE_LIBINTL_H 1
| #define HAVE_LINUX_AUXVEC_H 1
| #define HAVE_SYS_AUXV_H 1
| #define HAVE_LINUX_FS_H 1
| #define HAVE_LINUX_LIMITS_H 1
| #define HAVE_LINUX_MEMFD_H 1
| #define HAVE_LINUX_NETFILTER_IPV4_H 1
| #define HAVE_LINUX_RANDOM_H 1
| #define HAVE_LINUX_SOUNDCARD_H 1
| #define HAVE_LINUX_SCHED_H 1
| #define HAVE_LINUX_TIPC_H 1
| #define HAVE_LINUX_WAIT_H 1
| #define HAVE_NETDB_H 1
| #define HAVE_NET_ETHERNET_H 1
| #define HAVE_NETINET_IN_H 1
| #define HAVE_NETPACKET_PACKET_H 1
| #define HAVE_POLL_H 1
| #define HAVE_PTHREAD_H 1
| #define HAVE_PTY_H 1
| #define HAVE_SCHED_H 1
| #define HAVE_SETJMP_H 1
| #define HAVE_SHADOW_H 1
| #define HAVE_SIGNAL_H 1
| #define HAVE_SPAWN_H 1
| #define HAVE_SYS_EPOLL_H 1
| #define HAVE_SYS_EVENTFD_H 1
| #define HAVE_SYS_FILE_H 1
| #define HAVE_SYS_IOCTL_H 1
| #define HAVE_SYS_MMAN_H 1
| #define HAVE_SYS_PARAM_H 1
| #define HAVE_SYS_POLL_H 1
| #define HAVE_SYS_RANDOM_H 1
| #define HAVE_SYS_RESOURCE_H 1
| #define HAVE_SYS_SELECT_H 1
| #define HAVE_SYS_SENDFILE_H 1
| #define HAVE_SYS_SOCKET_H 1
| #define HAVE_SYS_SOUNDCARD_H 1
| #define HAVE_SYS_STAT_H 1
| #define HAVE_SYS_STATVFS_H 1
| #define HAVE_SYS_SYSCALL_H 1
| #define HAVE_SYS_SYSMACROS_H 1
| #define HAVE_SYS_TIME_H 1
| #define HAVE_SYS_TIMES_H 1
| #define HAVE_SYS_TIMERFD_H 1
| #define HAVE_SYS_TYPES_H 1
| #define HAVE_SYS_UIO_H 1
| #define HAVE_SYS_UN_H 1
| #define HAVE_SYS_UTSNAME_H 1
| #define HAVE_SYS_WAIT_H 1
| #define HAVE_SYS_XATTR_H 1
| #define HAVE_SYSEXITS_H 1
| #define HAVE_SYSLOG_H 1
| #define HAVE_TERMIOS_H 1
| #define HAVE_UTIME_H 1
| #define HAVE_UTMP_H 1
| #define HAVE_DIRENT_H 1
| #define MAJOR_IN_SYSMACROS 1
| #define HAVE_NET_IF_H 1
| #define HAVE_LINUX_NETLINK_H 1
| #define HAVE_LINUX_QRTR_H 1
| #define HAVE_LINUX_VM_SOCKETS_H 1
| #define HAVE_LINUX_CAN_H 1
| #define HAVE_LINUX_CAN_BCM_H 1
| #define HAVE_LINUX_CAN_J1939_H 1
| #define HAVE_LINUX_CAN_RAW_H 1
| #define HAVE_CLOCK_T 1
| #define HAVE_MAKEDEV 1
| #define HAVE_HTOLE64 1
| #define _LARGEFILE_SOURCE 1
| #define _FILE_OFFSET_BITS 64
| #if defined(SCO_DS)
| #undef _OFF_T
| #endif
| #define RETSIGTYPE void
| #define HAVE_SSIZE_T 1
| #define HAVE___UINT128_T 1
| #define HAVE_GCC_UINT128_T 1
| #define SIZEOF_INT 4
| #define SIZEOF_LONG 8
| #define ALIGNOF_LONG 8
| #define SIZEOF_LONG_LONG 8
| #define SIZEOF_VOID_P 8
| #define SIZEOF_SHORT 2
| #define SIZEOF_FLOAT 4
| #define SIZEOF_DOUBLE 8
| #define SIZEOF_FPOS_T 16
| #define SIZEOF_SIZE_T 8
| #define ALIGNOF_SIZE_T 8
| #define SIZEOF_PID_T 4
| #define SIZEOF_UINTPTR_T 8
| #define ALIGNOF_MAX_ALIGN_T 16
| #define HAVE_LONG_DOUBLE 1
| #define SIZEOF_LONG_DOUBLE 16
| #define SIZEOF__BOOL 1
| #define SIZEOF_OFF_T 8
| #define SIZEOF_TIME_T 8
| #define SIZEOF_PTHREAD_T 8
| #define SIZEOF_PTHREAD_KEY_T 4
| #define PTHREAD_KEY_T_IS_COMPATIBLE_WITH_INT 1
| #define PY_HAVE_PERF_TRAMPOLINE 1
| #define HAVE_LIBDL 1
| #define HAVE_EXECINFO_H 1
| #define HAVE_BACKTRACE 1
| #define HAVE_DLADDR1 1
| #define HAVE_LINK_H 1
| #define HAVE_BACKTRACE 1
| #define HAVE_DLADDR1 1
| #define HAVE_DLFCN_H 1
| #define HAVE_BACKTRACE 1
| #define HAVE_DLADDR1 1
| #define HAVE_UUID_H 1
| #define HAVE_UUID_GENERATE_TIME_SAFE 1
| #define HAVE_FFI_PREP_CIF_VAR 1
| #define HAVE_FFI_PREP_CLOSURE_LOC 1
| #define HAVE_FFI_CLOSURE_ALLOC 1
| #define WITH_DECIMAL_CONTEXTVAR 1
| #define HAVE_LIBSQLITE3 1
| #define HAVE_LIBSQLITE3 1
| #define HAVE_LIBSQLITE3 1
| #define HAVE_LIBSQLITE3 1
| #define HAVE_LIBSQLITE3 1
| #define HAVE_LIBSQLITE3 1
| #define HAVE_LIBSQLITE3 1
| #define HAVE_LIBSQLITE3 1
| #define HAVE_LIBSQLITE3 1
| #define PY_SQLITE_HAVE_SERIALIZE 1
| #define PTHREAD_SYSTEM_SCHED_SUPPORTED 1
| #define HAVE_PTHREAD_SIGMASK 1
| #define HAVE_PTHREAD_GETCPUCLOCKID 1
| #define ENABLE_IPV6 1
| #define HAVE_LINUX_CAN_RAW_FD_FRAMES 1
| #define HAVE_LINUX_CAN_RAW_JOIN_FILTERS 1
| #define WITH_DOC_STRINGS 1
| #define HAVE_STD_ATOMIC 1
| #define HAVE_BUILTIN_ATOMIC 1
| #define WITH_MIMALLOC 1
| #define WITH_PYMALLOC 1
| #define PY_COERCE_C_LOCALE 1
| #define HAVE_DLOPEN 1
| #define HAVE_DYNAMIC_LOADING 1
| #define HAVE_ACCEPT4 1
| #define HAVE_ALARM 1
| #define HAVE_BIND_TEXTDOMAIN_CODESET 1
| #define HAVE_CHMOD 1
| #define HAVE_CHOWN 1
| #define HAVE_CLOCK 1
| #define HAVE_CONFSTR 1
| #define HAVE_COPY_FILE_RANGE 1
| #define HAVE_CTERMID 1
| #define HAVE_DLADDR 1
| #define HAVE_DUP 1
| #define HAVE_DUP3 1
| #define HAVE_EXECV 1
| #define HAVE_EXPLICIT_BZERO 1
| #define HAVE_FACCESSAT 1
| #define HAVE_FCHMOD 1
| #define HAVE_FCHMODAT 1
| #define HAVE_FCHOWN 1
| #define HAVE_FCHOWNAT 1
| #define HAVE_FDOPENDIR 1
| #define HAVE_FEXECVE 1
| #define HAVE_FORK 1
| #define HAVE_FPATHCONF 1
| #define HAVE_FSTATAT 1
| #define HAVE_FTIME 1
| #define HAVE_FTRUNCATE 1
| #define HAVE_FUTIMENS 1
| #define HAVE_FUTIMES 1
| #define HAVE_FUTIMESAT 1
| #define HAVE_GAI_STRERROR 1
| #define HAVE_GETEGID 1
| #define HAVE_GETEUID 1
| #define HAVE_GETGID 1
| #define HAVE_GETGRENT 1
| #define HAVE_GETGRGID 1
| #define HAVE_GETGRGID_R 1
| #define HAVE_GETGRNAM_R 1
| #define HAVE_GETGROUPLIST 1
| #define HAVE_GETHOSTNAME 1
| #define HAVE_GETITIMER 1
| #define HAVE_GETLOADAVG 1
| #define HAVE_GETLOGIN 1
| #define HAVE_GETLOGIN_R 1
| #define HAVE_GETPEERNAME 1
| #define HAVE_GETPGID 1
| #define HAVE_GETPID 1
| #define HAVE_GETPPID 1
| #define HAVE_GETPRIORITY 1
| #define HAVE_GETPWENT 1
| #define HAVE_GETPWNAM_R 1
| #define HAVE_GETPWUID 1
| #define HAVE_GETPWUID_R 1
| #define HAVE_GETRESGID 1
| #define HAVE_GETRESUID 1
| #define HAVE_GETRUSAGE 1
| #define HAVE_GETSID 1
| #define HAVE_GETSPENT 1
| #define HAVE_GETSPNAM 1
| #define HAVE_GETUID 1
| #define HAVE_GETWD 1
| #define HAVE_GRANTPT 1
| #define HAVE_IF_NAMEINDEX 1
| #define HAVE_INITGROUPS 1
| #define HAVE_KILL 1
| #define HAVE_KILLPG 1
| #define HAVE_LCHOWN 1
| #define HAVE_LINKAT 1
| #define HAVE_LOCKF 1
| #define HAVE_LSTAT 1
| #define HAVE_LUTIMES 1
| #define HAVE_MADVISE 1
| #define HAVE_MBRTOWC 1
| #define HAVE_MEMRCHR 1
| #define HAVE_MKDIRAT 1
| #define HAVE_MKFIFO 1
| #define HAVE_MKFIFOAT 1
| #define HAVE_MKNOD 1
| #define HAVE_MKNODAT 1
| #define HAVE_MKTIME 1
| #define HAVE_MMAP 1
| #define HAVE_MREMAP 1
| #define HAVE_NICE 1
| #define HAVE_OPENAT 1
| #define HAVE_OPENDIR 1
| #define HAVE_PATHCONF 1
| #define HAVE_PAUSE 1
| #define HAVE_PIPE 1
| #define HAVE_PIPE2 1
| /* end confdefs.h.  */
| /* Define plock to an innocuous variant, in case <limits.h> declares plock.
|    For example, HP-UX 11i <limits.h> declares gettimeofday.  */
| #define plock innocuous_plock
| 
| /* System header to define __stub macros and hopefully few prototypes,
|    which can conflict with char plock (void); below.  */
| 
| #include <limits.h>
| #undef plock
| 
| /* Override any GCC internal prototype to avoid an error.
|    Use char because int might match the return type of a GCC
|    builtin and then its argument prototype would still apply.  */
| #ifdef __cplusplus
| extern "C"
| #endif
| char plock (void);
| /* The GNU C library defines this for functions which it implements
|     to always fail with ENOSYS.  Some functions are actually named
|     something starting with __ and the normal name is an alias.  */
| #if defined __stub_plock || defined __stub___plock
| choke me
| #endif
| 
| int
| main (void)
| {
| return plock ();
|   ;
|   return 0;
| }
configure:19740: result: no
configure:19746: checking for poll
configure:19746: gcc -pthread -o conftest    conftest.c -lpthread -ldl  >&5
configure:19746: $? = 0
configure:19746: result: yes
configure:19752: checking for posix_fadvise
configure:19752: gcc -pthread -o conftest    conftest.c -lpthread -ldl  >&5
configure:19752: $? = 0
configure:19752: result: yes
configure:19758: checking for posix_fallocate
configure:19758: gcc -pthread -o conftest    conftest.c -lpthread -ldl  >&5
configure:19758: $? = 0
configure:19758: result: yes
configure:19764: checking for posix_openpt
configure:19764: gcc -pthread -o conftest    conftest.c -lpthread -ldl  >&5
configure:19764: $? = 0
configure:19764: result: yes
configure:19770: checking for posix_spawn
configure:19770: gcc -pthread -o conftest    conftest.c -lpthread -ldl  >&5
configure:19770: $? = 0
configure:19770: result: yes
configure:19776: checking for posix_spawnp
configure:19776: gcc -pthread -o conftest    conftest.c -lpthread -ldl  >&5
configure:19776: $? = 0
configure:19776: result: yes
configure:19782: checking for posix_spawn_file_actions_addclosefrom_np
configure:19782: gcc -pthread -o conftest    conftest.c -lpthread -ldl  >&5
/usr/bin/ld: /tmp/cc2PaVOX.o: in function `main':
conftest.c:(.text+0x9): undefined reference to `posix_spawn_file_actions_addclosefrom_np'
collect2: error: ld returned 1 exit status
configure:19782: $? = 1
configure: failed program was:
| /* confdefs.h */
| #define _NETBSD_SOURCE 1
| #define __BSD_VISIBLE 1
| #define _DARWIN_C_SOURCE 1
| #define _PYTHONFRAMEWORK ""
| #define _XOPEN_SOURCE 700
| #define _XOPEN_SOURCE_EXTENDED 1
| #define _POSIX_C_SOURCE 200809L
| #define HAVE_STDIO_H 1
| #define HAVE_STDLIB_H 1
| #define HAVE_STRING_H 1
| #define HAVE_INTTYPES_H 1
| #define HAVE_STDINT_H 1
| #define HAVE_STRINGS_H 1
| #define HAVE_SYS_STAT_H 1
| #define HAVE_SYS_TYPES_H 1
| #define HAVE_UNISTD_H 1
| #define HAVE_WCHAR_H 1
| #define STDC_HEADERS 1
| #define _ALL_SOURCE 1
| #define _DARWIN_C_SOURCE 1
| #define _GNU_SOURCE 1
| #define _HPUX_ALT_XOPEN_SOCKET_API 1
| #define _NETBSD_SOURCE 1
| #define _OPENBSD_SOURCE 1
| #define _POSIX_PTHREAD_SEMANTICS 1
| #define __STDC_WANT_IEC_60559_ATTRIBS_EXT__ 1
| #define __STDC_WANT_IEC_60559_BFP_EXT__ 1
| #define __STDC_WANT_IEC_60559_DFP_EXT__ 1
| #define __STDC_WANT_IEC_60559_EXT__ 1
| #define __STDC_WANT_IEC_60559_FUNCS_EXT__ 1
| #define __STDC_WANT_IEC_60559_TYPES_EXT__ 1
| #define __STDC_WANT_LIB_EXT2__ 1
| #define __STDC_WANT_MATH_SPEC_FUNCS__ 1
| #define _TANDEM_SOURCE 1
| #define __EXTENSIONS__ 1
| #define _Py_STACK_GROWS_DOWN 1
| #define PY_SUPPORT_TIER 1
| #define STDC_HEADERS 1
| #define HAVE_ALLOCA_H 1
| #define HAVE_ASM_TYPES_H 1
| #define HAVE_DLFCN_H 1
| #define HAVE_ENDIAN_H 1
| #define HAVE_ERRNO_H 1
| #define HAVE_FCNTL_H 1
| #define HAVE_GRP_H 1
| #define HAVE_LANGINFO_H 1
| #define HAVE_LIBINTL_H 1
| #define HAVE_LINUX_AUXVEC_H 1
| #define HAVE_SYS_AUXV_H 1
| #define HAVE_LINUX_FS_H 1
| #define HAVE_LINUX_LIMITS_H 1
| #define HAVE_LINUX_MEMFD_H 1
| #define HAVE_LINUX_NETFILTER_IPV4_H 1
| #define HAVE_LINUX_RANDOM_H 1
| #define HAVE_LINUX_SOUNDCARD_H 1
| #define HAVE_LINUX_SCHED_H 1
| #define HAVE_LINUX_TIPC_H 1
| #define HAVE_LINUX_WAIT_H 1
| #define HAVE_NETDB_H 1
| #define HAVE_NET_ETHERNET_H 1
| #define HAVE_NETINET_IN_H 1
| #define HAVE_NETPACKET_PACKET_H 1
| #define HAVE_POLL_H 1
| #define HAVE_PTHREAD_H 1
| #define HAVE_PTY_H 1
| #define HAVE_SCHED_H 1
| #define HAVE_SETJMP_H 1
| #define HAVE_SHADOW_H 1
| #define HAVE_SIGNAL_H 1
| #define HAVE_SPAWN_H 1
| #define HAVE_SYS_EPOLL_H 1
| #define HAVE_SYS_EVENTFD_H 1
| #define HAVE_SYS_FILE_H 1
| #define HAVE_SYS_IOCTL_H 1
| #define HAVE_SYS_MMAN_H 1
| #define HAVE_SYS_PARAM_H 1
| #define HAVE_SYS_POLL_H 1
| #define HAVE_SYS_RANDOM_H 1
| #define HAVE_SYS_RESOURCE_H 1
| #define HAVE_SYS_SELECT_H 1
| #define HAVE_SYS_SENDFILE_H 1
| #define HAVE_SYS_SOCKET_H 1
| #define HAVE_SYS_SOUNDCARD_H 1
| #define HAVE_SYS_STAT_H 1
| #define HAVE_SYS_STATVFS_H 1
| #define HAVE_SYS_SYSCALL_H 1
| #define HAVE_SYS_SYSMACROS_H 1
| #define HAVE_SYS_TIME_H 1
| #define HAVE_SYS_TIMES_H 1
| #define HAVE_SYS_TIMERFD_H 1
| #define HAVE_SYS_TYPES_H 1
| #define HAVE_SYS_UIO_H 1
| #define HAVE_SYS_UN_H 1
| #define HAVE_SYS_UTSNAME_H 1
| #define HAVE_SYS_WAIT_H 1
| #define HAVE_SYS_XATTR_H 1
| #define HAVE_SYSEXITS_H 1
| #define HAVE_SYSLOG_H 1
| #define HAVE_TERMIOS_H 1
| #define HAVE_UTIME_H 1
| #define HAVE_UTMP_H 1
| #define HAVE_DIRENT_H 1
| #define MAJOR_IN_SYSMACROS 1
| #define HAVE_NET_IF_H 1
| #define HAVE_LINUX_NETLINK_H 1
| #define HAVE_LINUX_QRTR_H 1
| #define HAVE_LINUX_VM_SOCKETS_H 1
| #define HAVE_LINUX_CAN_H 1
| #define HAVE_LINUX_CAN_BCM_H 1
| #define HAVE_LINUX_CAN_J1939_H 1
| #define HAVE_LINUX_CAN_RAW_H 1
| #define HAVE_CLOCK_T 1
| #define HAVE_MAKEDEV 1
| #define HAVE_HTOLE64 1
| #define _LARGEFILE_SOURCE 1
| #define _FILE_OFFSET_BITS 64
| #if defined(SCO_DS)
| #undef _OFF_T
| #endif
| #define RETSIGTYPE void
| #define HAVE_SSIZE_T 1
| #define HAVE___UINT128_T 1
| #define HAVE_GCC_UINT128_T 1
| #define SIZEOF_INT 4
| #define SIZEOF_LONG 8
| #define ALIGNOF_LONG 8
| #define SIZEOF_LONG_LONG 8
| #define SIZEOF_VOID_P 8
| #define SIZEOF_SHORT 2
| #define SIZEOF_FLOAT 4
| #define SIZEOF_DOUBLE 8
| #define SIZEOF_FPOS_T 16
| #define SIZEOF_SIZE_T 8
| #define ALIGNOF_SIZE_T 8
| #define SIZEOF_PID_T 4
| #define SIZEOF_UINTPTR_T 8
| #define ALIGNOF_MAX_ALIGN_T 16
| #define HAVE_LONG_DOUBLE 1
| #define SIZEOF_LONG_DOUBLE 16
| #define SIZEOF__BOOL 1
| #define SIZEOF_OFF_T 8
| #define SIZEOF_TIME_T 8
| #define SIZEOF_PTHREAD_T 8
| #define SIZEOF_PTHREAD_KEY_T 4
| #define PTHREAD_KEY_T_IS_COMPATIBLE_WITH_INT 1
| #define PY_HAVE_PERF_TRAMPOLINE 1
| #define HAVE_LIBDL 1
| #define HAVE_EXECINFO_H 1
| #define HAVE_BACKTRACE 1
| #define HAVE_DLADDR1 1
| #define HAVE_LINK_H 1
| #define HAVE_BACKTRACE 1
| #define HAVE_DLADDR1 1
| #define HAVE_DLFCN_H 1
| #define HAVE_BACKTRACE 1
| #define HAVE_DLADDR1 1
| #define HAVE_UUID_H 1
| #define HAVE_UUID_GENERATE_TIME_SAFE 1
| #define HAVE_FFI_PREP_CIF_VAR 1
| #define HAVE_FFI_PREP_CLOSURE_LOC 1
| #define HAVE_FFI_CLOSURE_ALLOC 1
| #define WITH_DECIMAL_CONTEXTVAR 1
| #define HAVE_LIBSQLITE3 1
| #define HAVE_LIBSQLITE3 1
| #define HAVE_LIBSQLITE3 1
| #define HAVE_LIBSQLITE3 1
| #define HAVE_LIBSQLITE3 1
| #define HAVE_LIBSQLITE3 1
| #define HAVE_LIBSQLITE3 1
| #define HAVE_LIBSQLITE3 1
| #define HAVE_LIBSQLITE3 1
| #define PY_SQLITE_HAVE_SERIALIZE 1
| #define PTHREAD_SYSTEM_SCHED_SUPPORTED 1
| #define HAVE_PTHREAD_SIGMASK 1
| #define HAVE_PTHREAD_GETCPUCLOCKID 1
| #define ENABLE_IPV6 1
| #define HAVE_LINUX_CAN_RAW_FD_FRAMES 1
| #define HAVE_LINUX_CAN_RAW_JOIN_FILTERS 1
| #define WITH_DOC_STRINGS 1
| #define HAVE_STD_ATOMIC 1
| #define HAVE_BUILTIN_ATOMIC 1
| #define WITH_MIMALLOC 1
| #define WITH_PYMALLOC 1
| #define PY_COERCE_C_LOCALE 1
| #define HAVE_DLOPEN 1
| #define HAVE_DYNAMIC_LOADING 1
| #define HAVE_ACCEPT4 1
| #define HAVE_ALARM 1
| #define HAVE_BIND_TEXTDOMAIN_CODESET 1
| #define HAVE_CHMOD 1
| #define HAVE_CHOWN 1
| #define HAVE_CLOCK 1
| #define HAVE_CONFSTR 1
| #define HAVE_COPY_FILE_RANGE 1
| #define HAVE_CTERMID 1
| #define HAVE_DLADDR 1
| #define HAVE_DUP 1
| #define HAVE_DUP3 1
| #define HAVE_EXECV 1
| #define HAVE_EXPLICIT_BZERO 1
| #define HAVE_FACCESSAT 1
| #define HAVE_FCHMOD 1
| #define HAVE_FCHMODAT 1
| #define HAVE_FCHOWN 1
| #define HAVE_FCHOWNAT 1
| #define HAVE_FDOPENDIR 1
| #define HAVE_FEXECVE 1
| #define HAVE_FORK 1
| #define HAVE_FPATHCONF 1
| #define HAVE_FSTATAT 1
| #define HAVE_FTIME 1
| #define HAVE_FTRUNCATE 1
| #define HAVE_FUTIMENS 1
| #define HAVE_FUTIMES 1
| #define HAVE_FUTIMESAT 1
| #define HAVE_GAI_STRERROR 1
| #define HAVE_GETEGID 1
| #define HAVE_GETEUID 1
| #define HAVE_GETGID 1
| #define HAVE_GETGRENT 1
| #define HAVE_GETGRGID 1
| #define HAVE_GETGRGID_R 1
| #define HAVE_GETGRNAM_R 1
| #define HAVE_GETGROUPLIST 1
| #define HAVE_GETHOSTNAME 1
| #define HAVE_GETITIMER 1
| #define HAVE_GETLOADAVG 1
| #define HAVE_GETLOGIN 1
| #define HAVE_GETLOGIN_R 1
| #define HAVE_GETPEERNAME 1
| #define HAVE_GETPGID 1
| #define HAVE_GETPID 1
| #define HAVE_GETPPID 1
| #define HAVE_GETPRIORITY 1
| #define HAVE_GETPWENT 1
| #define HAVE_GETPWNAM_R 1
| #define HAVE_GETPWUID 1
| #define HAVE_GETPWUID_R 1
| #define HAVE_GETRESGID 1
| #define HAVE_GETRESUID 1
| #define HAVE_GETRUSAGE 1
| #define HAVE_GETSID 1
| #define HAVE_GETSPENT 1
| #define HAVE_GETSPNAM 1
| #define HAVE_GETUID 1
| #define HAVE_GETWD 1
| #define HAVE_GRANTPT 1
| #define HAVE_IF_NAMEINDEX 1
| #define HAVE_INITGROUPS 1
| #define HAVE_KILL 1
| #define HAVE_KILLPG 1
| #define HAVE_LCHOWN 1
| #define HAVE_LINKAT 1
| #define HAVE_LOCKF 1
| #define HAVE_LSTAT 1
| #define HAVE_LUTIMES 1
| #define HAVE_MADVISE 1
| #define HAVE_MBRTOWC 1
| #define HAVE_MEMRCHR 1
| #define HAVE_MKDIRAT 1
| #define HAVE_MKFIFO 1
| #define HAVE_MKFIFOAT 1
| #define HAVE_MKNOD 1
| #define HAVE_MKNODAT 1
| #define HAVE_MKTIME 1
| #define HAVE_MMAP 1
| #define HAVE_MREMAP 1
| #define HAVE_NICE 1
| #define HAVE_OPENAT 1
| #define HAVE_OPENDIR 1
| #define HAVE_PATHCONF 1
| #define HAVE_PAUSE 1
| #define HAVE_PIPE 1
| #define HAVE_PIPE2 1
| #define HAVE_POLL 1
| #define HAVE_POSIX_FADVISE 1
| #define HAVE_POSIX_FALLOCATE 1
| #define HAVE_POSIX_OPENPT 1
| #define HAVE_POSIX_SPAWN 1
| #define HAVE_POSIX_SPAWNP 1
| /* end confdefs.h.  */
| /* Define posix_spawn_file_actions_addclosefrom_np to an innocuous variant, in case <limits.h> declares posix_spawn_file_actions_addclosefrom_np.
|    For example, HP-UX 11i <limits.h> declares gettimeofday.  */
| #define posix_spawn_file_actions_addclosefrom_np innocuous_posix_spawn_file_actions_addclosefrom_np
| 
| /* System header to define __stub macros and hopefully few prototypes,
|    which can conflict with char posix_spawn_file_actions_addclosefrom_np (void); below.  */
| 
| #include <limits.h>
| #undef posix_spawn_file_actions_addclosefrom_np
| 
| /* Override any GCC internal prototype to avoid an error.
|    Use char because int might match the return type of a GCC
|    builtin and then its argument prototype would still apply.  */
| #ifdef __cplusplus
| extern "C"
| #endif
| char posix_spawn_file_actions_addclosefrom_np (void);
| /* The GNU C library defines this for functions which it implements
|     to always fail with ENOSYS.  Some functions are actually named
|     something starting with __ and the normal name is an alias.  */
| #if defined __stub_posix_spawn_file_actions_addclosefrom_np || defined __stub___posix_spawn_file_actions_addclosefrom_np
| choke me
| #endif
| 
| int
| main (void)
| {
| return posix_spawn_file_actions_addclosefrom_np ();
|   ;
|   return 0;
| }
configure:19782: result: no
configure:19788: checking for pread
configure:19788: gcc -pthread -o conftest    conftest.c -lpthread -ldl  >&5
configure:19788: $? = 0
configure:19788: result: yes
configure:19794: checking for preadv
configure:19794: gcc -pthread -o conftest    conftest.c -lpthread -ldl  >&5
configure:19794: $? = 0
configure:19794: result: yes
configure:19800: checking for preadv2
configure:19800: gcc -pthread -o conftest    conftest.c -lpthread -ldl  >&5
configure:19800: $? = 0
configure:19800: result: yes
configure:19806: checking for process_vm_readv
configure:19806: gcc -pthread -o conftest    conftest.c -lpthread -ldl  >&5
configure:19806: $? = 0
configure:19806: result: yes
configure:19812: checking for pthread_cond_timedwait_relative_np
configure:19812: gcc -pthread -o conftest    conftest.c -lpthread -ldl  >&5
/usr/bin/ld: /tmp/ccfyUf25.o: in function `main':
conftest.c:(.text+0x9): undefined reference to `pthread_cond_timedwait_relative_np'
collect2: error: ld returned 1 exit status
configure:19812: $? = 1
configure: failed program was:
| /* confdefs.h */
| #define _NETBSD_SOURCE 1
| #define __BSD_VISIBLE 1
| #define _DARWIN_C_SOURCE 1
| #define _PYTHONFRAMEWORK ""
| #define _XOPEN_SOURCE 700
| #define _XOPEN_SOURCE_EXTENDED 1
| #define _POSIX_C_SOURCE 200809L
| #define HAVE_STDIO_H 1
| #define HAVE_STDLIB_H 1
| #define HAVE_STRING_H 1
| #define HAVE_INTTYPES_H 1
| #define HAVE_STDINT_H 1
| #define HAVE_STRINGS_H 1
| #define HAVE_SYS_STAT_H 1
| #define HAVE_SYS_TYPES_H 1
| #define HAVE_UNISTD_H 1
| #define HAVE_WCHAR_H 1
| #define STDC_HEADERS 1
| #define _ALL_SOURCE 1
| #define _DARWIN_C_SOURCE 1
| #define _GNU_SOURCE 1
| #define _HPUX_ALT_XOPEN_SOCKET_API 1
| #define _NETBSD_SOURCE 1
| #define _OPENBSD_SOURCE 1
| #define _POSIX_PTHREAD_SEMANTICS 1
| #define __STDC_WANT_IEC_60559_ATTRIBS_EXT__ 1
| #define __STDC_WANT_IEC_60559_BFP_EXT__ 1
| #define __STDC_WANT_IEC_60559_DFP_EXT__ 1
| #define __STDC_WANT_IEC_60559_EXT__ 1
| #define __STDC_WANT_IEC_60559_FUNCS_EXT__ 1
| #define __STDC_WANT_IEC_60559_TYPES_EXT__ 1
| #define __STDC_WANT_LIB_EXT2__ 1
| #define __STDC_WANT_MATH_SPEC_FUNCS__ 1
| #define _TANDEM_SOURCE 1
| #define __EXTENSIONS__ 1
| #define _Py_STACK_GROWS_DOWN 1
| #define PY_SUPPORT_TIER 1
| #define STDC_HEADERS 1
| #define HAVE_ALLOCA_H 1
| #define HAVE_ASM_TYPES_H 1
| #define HAVE_DLFCN_H 1
| #define HAVE_ENDIAN_H 1
| #define HAVE_ERRNO_H 1
| #define HAVE_FCNTL_H 1
| #define HAVE_GRP_H 1
| #define HAVE_LANGINFO_H 1
| #define HAVE_LIBINTL_H 1
| #define HAVE_LINUX_AUXVEC_H 1
| #define HAVE_SYS_AUXV_H 1
| #define HAVE_LINUX_FS_H 1
| #define HAVE_LINUX_LIMITS_H 1
| #define HAVE_LINUX_MEMFD_H 1
| #define HAVE_LINUX_NETFILTER_IPV4_H 1
| #define HAVE_LINUX_RANDOM_H 1
| #define HAVE_LINUX_SOUNDCARD_H 1
| #define HAVE_LINUX_SCHED_H 1
| #define HAVE_LINUX_TIPC_H 1
| #define HAVE_LINUX_WAIT_H 1
| #define HAVE_NETDB_H 1
| #define HAVE_NET_ETHERNET_H 1
| #define HAVE_NETINET_IN_H 1
| #define HAVE_NETPACKET_PACKET_H 1
| #define HAVE_POLL_H 1
| #define HAVE_PTHREAD_H 1
| #define HAVE_PTY_H 1
| #define HAVE_SCHED_H 1
| #define HAVE_SETJMP_H 1
| #define HAVE_SHADOW_H 1
| #define HAVE_SIGNAL_H 1
| #define HAVE_SPAWN_H 1
| #define HAVE_SYS_EPOLL_H 1
| #define HAVE_SYS_EVENTFD_H 1
| #define HAVE_SYS_FILE_H 1
| #define HAVE_SYS_IOCTL_H 1
| #define HAVE_SYS_MMAN_H 1
| #define HAVE_SYS_PARAM_H 1
| #define HAVE_SYS_POLL_H 1
| #define HAVE_SYS_RANDOM_H 1
| #define HAVE_SYS_RESOURCE_H 1
| #define HAVE_SYS_SELECT_H 1
| #define HAVE_SYS_SENDFILE_H 1
| #define HAVE_SYS_SOCKET_H 1
| #define HAVE_SYS_SOUNDCARD_H 1
| #define HAVE_SYS_STAT_H 1
| #define HAVE_SYS_STATVFS_H 1
| #define HAVE_SYS_SYSCALL_H 1
| #define HAVE_SYS_SYSMACROS_H 1
| #define HAVE_SYS_TIME_H 1
| #define HAVE_SYS_TIMES_H 1
| #define HAVE_SYS_TIMERFD_H 1
| #define HAVE_SYS_TYPES_H 1
| #define HAVE_SYS_UIO_H 1
| #define HAVE_SYS_UN_H 1
| #define HAVE_SYS_UTSNAME_H 1
| #define HAVE_SYS_WAIT_H 1
| #define HAVE_SYS_XATTR_H 1
| #define HAVE_SYSEXITS_H 1
| #define HAVE_SYSLOG_H 1
| #define HAVE_TERMIOS_H 1
| #define HAVE_UTIME_H 1
| #define HAVE_UTMP_H 1
| #define HAVE_DIRENT_H 1
| #define MAJOR_IN_SYSMACROS 1
| #define HAVE_NET_IF_H 1
| #define HAVE_LINUX_NETLINK_H 1
| #define HAVE_LINUX_QRTR_H 1
| #define HAVE_LINUX_VM_SOCKETS_H 1
| #define HAVE_LINUX_CAN_H 1
| #define HAVE_LINUX_CAN_BCM_H 1
| #define HAVE_LINUX_CAN_J1939_H 1
| #define HAVE_LINUX_CAN_RAW_H 1
| #define HAVE_CLOCK_T 1
| #define HAVE_MAKEDEV 1
| #define HAVE_HTOLE64 1
| #define _LARGEFILE_SOURCE 1
| #define _FILE_OFFSET_BITS 64
| #if defined(SCO_DS)
| #undef _OFF_T
| #endif
| #define RETSIGTYPE void
| #define HAVE_SSIZE_T 1
| #define HAVE___UINT128_T 1
| #define HAVE_GCC_UINT128_T 1
| #define SIZEOF_INT 4
| #define SIZEOF_LONG 8
| #define ALIGNOF_LONG 8
| #define SIZEOF_LONG_LONG 8
| #define SIZEOF_VOID_P 8
| #define SIZEOF_SHORT 2
| #define SIZEOF_FLOAT 4
| #define SIZEOF_DOUBLE 8
| #define SIZEOF_FPOS_T 16
| #define SIZEOF_SIZE_T 8
| #define ALIGNOF_SIZE_T 8
| #define SIZEOF_PID_T 4
| #define SIZEOF_UINTPTR_T 8
| #define ALIGNOF_MAX_ALIGN_T 16
| #define HAVE_LONG_DOUBLE 1
| #define SIZEOF_LONG_DOUBLE 16
| #define SIZEOF__BOOL 1
| #define SIZEOF_OFF_T 8
| #define SIZEOF_TIME_T 8
| #define SIZEOF_PTHREAD_T 8
| #define SIZEOF_PTHREAD_KEY_T 4
| #define PTHREAD_KEY_T_IS_COMPATIBLE_WITH_INT 1
| #define PY_HAVE_PERF_TRAMPOLINE 1
| #define HAVE_LIBDL 1
| #define HAVE_EXECINFO_H 1
| #define HAVE_BACKTRACE 1
| #define HAVE_DLADDR1 1
| #define HAVE_LINK_H 1
| #define HAVE_BACKTRACE 1
| #define HAVE_DLADDR1 1
| #define HAVE_DLFCN_H 1
| #define HAVE_BACKTRACE 1
| #define HAVE_DLADDR1 1
| #define HAVE_UUID_H 1
| #define HAVE_UUID_GENERATE_TIME_SAFE 1
| #define HAVE_FFI_PREP_CIF_VAR 1
| #define HAVE_FFI_PREP_CLOSURE_LOC 1
| #define HAVE_FFI_CLOSURE_ALLOC 1
| #define WITH_DECIMAL_CONTEXTVAR 1
| #define HAVE_LIBSQLITE3 1
| #define HAVE_LIBSQLITE3 1
| #define HAVE_LIBSQLITE3 1
| #define HAVE_LIBSQLITE3 1
| #define HAVE_LIBSQLITE3 1
| #define HAVE_LIBSQLITE3 1
| #define HAVE_LIBSQLITE3 1
| #define HAVE_LIBSQLITE3 1
| #define HAVE_LIBSQLITE3 1
| #define PY_SQLITE_HAVE_SERIALIZE 1
| #define PTHREAD_SYSTEM_SCHED_SUPPORTED 1
| #define HAVE_PTHREAD_SIGMASK 1
| #define HAVE_PTHREAD_GETCPUCLOCKID 1
| #define ENABLE_IPV6 1
| #define HAVE_LINUX_CAN_RAW_FD_FRAMES 1
| #define HAVE_LINUX_CAN_RAW_JOIN_FILTERS 1
| #define WITH_DOC_STRINGS 1
| #define HAVE_STD_ATOMIC 1
| #define HAVE_BUILTIN_ATOMIC 1
| #define WITH_MIMALLOC 1
| #define WITH_PYMALLOC 1
| #define PY_COERCE_C_LOCALE 1
| #define HAVE_DLOPEN 1
| #define HAVE_DYNAMIC_LOADING 1
| #define HAVE_ACCEPT4 1
| #define HAVE_ALARM 1
| #define HAVE_BIND_TEXTDOMAIN_CODESET 1
| #define HAVE_CHMOD 1
| #define HAVE_CHOWN 1
| #define HAVE_CLOCK 1
| #define HAVE_CONFSTR 1
| #define HAVE_COPY_FILE_RANGE 1
| #define HAVE_CTERMID 1
| #define HAVE_DLADDR 1
| #define HAVE_DUP 1
| #define HAVE_DUP3 1
| #define HAVE_EXECV 1
| #define HAVE_EXPLICIT_BZERO 1
| #define HAVE_FACCESSAT 1
| #define HAVE_FCHMOD 1
| #define HAVE_FCHMODAT 1
| #define HAVE_FCHOWN 1
| #define HAVE_FCHOWNAT 1
| #define HAVE_FDOPENDIR 1
| #define HAVE_FEXECVE 1
| #define HAVE_FORK 1
| #define HAVE_FPATHCONF 1
| #define HAVE_FSTATAT 1
| #define HAVE_FTIME 1
| #define HAVE_FTRUNCATE 1
| #define HAVE_FUTIMENS 1
| #define HAVE_FUTIMES 1
| #define HAVE_FUTIMESAT 1
| #define HAVE_GAI_STRERROR 1
| #define HAVE_GETEGID 1
| #define HAVE_GETEUID 1
| #define HAVE_GETGID 1
| #define HAVE_GETGRENT 1
| #define HAVE_GETGRGID 1
| #define HAVE_GETGRGID_R 1
| #define HAVE_GETGRNAM_R 1
| #define HAVE_GETGROUPLIST 1
| #define HAVE_GETHOSTNAME 1
| #define HAVE_GETITIMER 1
| #define HAVE_GETLOADAVG 1
| #define HAVE_GETLOGIN 1
| #define HAVE_GETLOGIN_R 1
| #define HAVE_GETPEERNAME 1
| #define HAVE_GETPGID 1
| #define HAVE_GETPID 1
| #define HAVE_GETPPID 1
| #define HAVE_GETPRIORITY 1
| #define HAVE_GETPWENT 1
| #define HAVE_GETPWNAM_R 1
| #define HAVE_GETPWUID 1
| #define HAVE_GETPWUID_R 1
| #define HAVE_GETRESGID 1
| #define HAVE_GETRESUID 1
| #define HAVE_GETRUSAGE 1
| #define HAVE_GETSID 1
| #define HAVE_GETSPENT 1
| #define HAVE_GETSPNAM 1
| #define HAVE_GETUID 1
| #define HAVE_GETWD 1
| #define HAVE_GRANTPT 1
| #define HAVE_IF_NAMEINDEX 1
| #define HAVE_INITGROUPS 1
| #define HAVE_KILL 1
| #define HAVE_KILLPG 1
| #define HAVE_LCHOWN 1
| #define HAVE_LINKAT 1
| #define HAVE_LOCKF 1
| #define HAVE_LSTAT 1
| #define HAVE_LUTIMES 1
| #define HAVE_MADVISE 1
| #define HAVE_MBRTOWC 1
| #define HAVE_MEMRCHR 1
| #define HAVE_MKDIRAT 1
| #define HAVE_MKFIFO 1
| #define HAVE_MKFIFOAT 1
| #define HAVE_MKNOD 1
| #define HAVE_MKNODAT 1
| #define HAVE_MKTIME 1
| #define HAVE_MMAP 1
| #define HAVE_MREMAP 1
| #define HAVE_NICE 1
| #define HAVE_OPENAT 1
| #define HAVE_OPENDIR 1
| #define HAVE_PATHCONF 1
| #define HAVE_PAUSE 1
| #define HAVE_PIPE 1
| #define HAVE_PIPE2 1
| #define HAVE_POLL 1
| #define HAVE_POSIX_FADVISE 1
| #define HAVE_POSIX_FALLOCATE 1
| #define HAVE_POSIX_OPENPT 1
| #define HAVE_POSIX_SPAWN 1
| #define HAVE_POSIX_SPAWNP 1
| #define HAVE_PREAD 1
| #define HAVE_PREADV 1
| #define HAVE_PREADV2 1
| #define HAVE_PROCESS_VM_READV 1
| /* end confdefs.h.  */
| /* Define pthread_cond_timedwait_relative_np to an innocuous variant, in case <limits.h> declares pthread_cond_timedwait_relative_np.
|    For example, HP-UX 11i <limits.h> declares gettimeofday.  */
| #define pthread_cond_timedwait_relative_np innocuous_pthread_cond_timedwait_relative_np
| 
| /* System header to define __stub macros and hopefully few prototypes,
|    which can conflict with char pthread_cond_timedwait_relative_np (void); below.  */
| 
| #include <limits.h>
| #undef pthread_cond_timedwait_relative_np
| 
| /* Override any GCC internal prototype to avoid an error.
|    Use char because int might match the return type of a GCC
|    builtin and then its argument prototype would still apply.  */
| #ifdef __cplusplus
| extern "C"
| #endif
| char pthread_cond_timedwait_relative_np (void);
| /* The GNU C library defines this for functions which it implements
|     to always fail with ENOSYS.  Some functions are actually named
|     something starting with __ and the normal name is an alias.  */
| #if defined __stub_pthread_cond_timedwait_relative_np || defined __stub___pthread_cond_timedwait_relative_np
| choke me
| #endif
| 
| int
| main (void)
| {
| return pthread_cond_timedwait_relative_np ();
|   ;
|   return 0;
| }
configure:19812: result: no
configure:19818: checking for pthread_condattr_setclock
configure:19818: gcc -pthread -o conftest    conftest.c -lpthread -ldl  >&5
configure:19818: $? = 0
configure:19818: result: yes
configure:19824: checking for pthread_init
configure:19824: gcc -pthread -o conftest    conftest.c -lpthread -ldl  >&5
/usr/bin/ld: /tmp/ccXXjiBR.o: in function `main':
conftest.c:(.text+0x9): undefined reference to `pthread_init'
collect2: error: ld returned 1 exit status
configure:19824: $? = 1
configure: failed program was:
| /* confdefs.h */
| #define _NETBSD_SOURCE 1
| #define __BSD_VISIBLE 1
| #define _DARWIN_C_SOURCE 1
| #define _PYTHONFRAMEWORK ""
| #define _XOPEN_SOURCE 700
| #define _XOPEN_SOURCE_EXTENDED 1
| #define _POSIX_C_SOURCE 200809L
| #define HAVE_STDIO_H 1
| #define HAVE_STDLIB_H 1
| #define HAVE_STRING_H 1
| #define HAVE_INTTYPES_H 1
| #define HAVE_STDINT_H 1
| #define HAVE_STRINGS_H 1
| #define HAVE_SYS_STAT_H 1
| #define HAVE_SYS_TYPES_H 1
| #define HAVE_UNISTD_H 1
| #define HAVE_WCHAR_H 1
| #define STDC_HEADERS 1
| #define _ALL_SOURCE 1
| #define _DARWIN_C_SOURCE 1
| #define _GNU_SOURCE 1
| #define _HPUX_ALT_XOPEN_SOCKET_API 1
| #define _NETBSD_SOURCE 1
| #define _OPENBSD_SOURCE 1
| #define _POSIX_PTHREAD_SEMANTICS 1
| #define __STDC_WANT_IEC_60559_ATTRIBS_EXT__ 1
| #define __STDC_WANT_IEC_60559_BFP_EXT__ 1
| #define __STDC_WANT_IEC_60559_DFP_EXT__ 1
| #define __STDC_WANT_IEC_60559_EXT__ 1
| #define __STDC_WANT_IEC_60559_FUNCS_EXT__ 1
| #define __STDC_WANT_IEC_60559_TYPES_EXT__ 1
| #define __STDC_WANT_LIB_EXT2__ 1
| #define __STDC_WANT_MATH_SPEC_FUNCS__ 1
| #define _TANDEM_SOURCE 1
| #define __EXTENSIONS__ 1
| #define _Py_STACK_GROWS_DOWN 1
| #define PY_SUPPORT_TIER 1
| #define STDC_HEADERS 1
| #define HAVE_ALLOCA_H 1
| #define HAVE_ASM_TYPES_H 1
| #define HAVE_DLFCN_H 1
| #define HAVE_ENDIAN_H 1
| #define HAVE_ERRNO_H 1
| #define HAVE_FCNTL_H 1
| #define HAVE_GRP_H 1
| #define HAVE_LANGINFO_H 1
| #define HAVE_LIBINTL_H 1
| #define HAVE_LINUX_AUXVEC_H 1
| #define HAVE_SYS_AUXV_H 1
| #define HAVE_LINUX_FS_H 1
| #define HAVE_LINUX_LIMITS_H 1
| #define HAVE_LINUX_MEMFD_H 1
| #define HAVE_LINUX_NETFILTER_IPV4_H 1
| #define HAVE_LINUX_RANDOM_H 1
| #define HAVE_LINUX_SOUNDCARD_H 1
| #define HAVE_LINUX_SCHED_H 1
| #define HAVE_LINUX_TIPC_H 1
| #define HAVE_LINUX_WAIT_H 1
| #define HAVE_NETDB_H 1
| #define HAVE_NET_ETHERNET_H 1
| #define HAVE_NETINET_IN_H 1
| #define HAVE_NETPACKET_PACKET_H 1
| #define HAVE_POLL_H 1
| #define HAVE_PTHREAD_H 1
| #define HAVE_PTY_H 1
| #define HAVE_SCHED_H 1
| #define HAVE_SETJMP_H 1
| #define HAVE_SHADOW_H 1
| #define HAVE_SIGNAL_H 1
| #define HAVE_SPAWN_H 1
| #define HAVE_SYS_EPOLL_H 1
| #define HAVE_SYS_EVENTFD_H 1
| #define HAVE_SYS_FILE_H 1
| #define HAVE_SYS_IOCTL_H 1
| #define HAVE_SYS_MMAN_H 1
| #define HAVE_SYS_PARAM_H 1
| #define HAVE_SYS_POLL_H 1
| #define HAVE_SYS_RANDOM_H 1
| #define HAVE_SYS_RESOURCE_H 1
| #define HAVE_SYS_SELECT_H 1
| #define HAVE_SYS_SENDFILE_H 1
| #define HAVE_SYS_SOCKET_H 1
| #define HAVE_SYS_SOUNDCARD_H 1
| #define HAVE_SYS_STAT_H 1
| #define HAVE_SYS_STATVFS_H 1
| #define HAVE_SYS_SYSCALL_H 1
| #define HAVE_SYS_SYSMACROS_H 1
| #define HAVE_SYS_TIME_H 1
| #define HAVE_SYS_TIMES_H 1
| #define HAVE_SYS_TIMERFD_H 1
| #define HAVE_SYS_TYPES_H 1
| #define HAVE_SYS_UIO_H 1
| #define HAVE_SYS_UN_H 1
| #define HAVE_SYS_UTSNAME_H 1
| #define HAVE_SYS_WAIT_H 1
| #define HAVE_SYS_XATTR_H 1
| #define HAVE_SYSEXITS_H 1
| #define HAVE_SYSLOG_H 1
| #define HAVE_TERMIOS_H 1
| #define HAVE_UTIME_H 1
| #define HAVE_UTMP_H 1
| #define HAVE_DIRENT_H 1
| #define MAJOR_IN_SYSMACROS 1
| #define HAVE_NET_IF_H 1
| #define HAVE_LINUX_NETLINK_H 1
| #define HAVE_LINUX_QRTR_H 1
| #define HAVE_LINUX_VM_SOCKETS_H 1
| #define HAVE_LINUX_CAN_H 1
| #define HAVE_LINUX_CAN_BCM_H 1
| #define HAVE_LINUX_CAN_J1939_H 1
| #define HAVE_LINUX_CAN_RAW_H 1
| #define HAVE_CLOCK_T 1
| #define HAVE_MAKEDEV 1
| #define HAVE_HTOLE64 1
| #define _LARGEFILE_SOURCE 1
| #define _FILE_OFFSET_BITS 64
| #if defined(SCO_DS)
| #undef _OFF_T
| #endif
| #define RETSIGTYPE void
| #define HAVE_SSIZE_T 1
| #define HAVE___UINT128_T 1
| #define HAVE_GCC_UINT128_T 1
| #define SIZEOF_INT 4
| #define SIZEOF_LONG 8
| #define ALIGNOF_LONG 8
| #define SIZEOF_LONG_LONG 8
| #define SIZEOF_VOID_P 8
| #define SIZEOF_SHORT 2
| #define SIZEOF_FLOAT 4
| #define SIZEOF_DOUBLE 8
| #define SIZEOF_FPOS_T 16
| #define SIZEOF_SIZE_T 8
| #define ALIGNOF_SIZE_T 8
| #define SIZEOF_PID_T 4
| #define SIZEOF_UINTPTR_T 8
| #define ALIGNOF_MAX_ALIGN_T 16
| #define HAVE_LONG_DOUBLE 1
| #define SIZEOF_LONG_DOUBLE 16
| #define SIZEOF__BOOL 1
| #define SIZEOF_OFF_T 8
| #define SIZEOF_TIME_T 8
| #define SIZEOF_PTHREAD_T 8
| #define SIZEOF_PTHREAD_KEY_T 4
| #define PTHREAD_KEY_T_IS_COMPATIBLE_WITH_INT 1
| #define PY_HAVE_PERF_TRAMPOLINE 1
| #define HAVE_LIBDL 1
| #define HAVE_EXECINFO_H 1
| #define HAVE_BACKTRACE 1
| #define HAVE_DLADDR1 1
| #define HAVE_LINK_H 1
| #define HAVE_BACKTRACE 1
| #define HAVE_DLADDR1 1
| #define HAVE_DLFCN_H 1
| #define HAVE_BACKTRACE 1
| #define HAVE_DLADDR1 1
| #define HAVE_UUID_H 1
| #define HAVE_UUID_GENERATE_TIME_SAFE 1
| #define HAVE_FFI_PREP_CIF_VAR 1
| #define HAVE_FFI_PREP_CLOSURE_LOC 1
| #define HAVE_FFI_CLOSURE_ALLOC 1
| #define WITH_DECIMAL_CONTEXTVAR 1
| #define HAVE_LIBSQLITE3 1
| #define HAVE_LIBSQLITE3 1
| #define HAVE_LIBSQLITE3 1
| #define HAVE_LIBSQLITE3 1
| #define HAVE_LIBSQLITE3 1
| #define HAVE_LIBSQLITE3 1
| #define HAVE_LIBSQLITE3 1
| #define HAVE_LIBSQLITE3 1
| #define HAVE_LIBSQLITE3 1
| #define PY_SQLITE_HAVE_SERIALIZE 1
| #define PTHREAD_SYSTEM_SCHED_SUPPORTED 1
| #define HAVE_PTHREAD_SIGMASK 1
| #define HAVE_PTHREAD_GETCPUCLOCKID 1
| #define ENABLE_IPV6 1
| #define HAVE_LINUX_CAN_RAW_FD_FRAMES 1
| #define HAVE_LINUX_CAN_RAW_JOIN_FILTERS 1
| #define WITH_DOC_STRINGS 1
| #define HAVE_STD_ATOMIC 1
| #define HAVE_BUILTIN_ATOMIC 1
| #define WITH_MIMALLOC 1
| #define WITH_PYMALLOC 1
| #define PY_COERCE_C_LOCALE 1
| #define HAVE_DLOPEN 1
| #define HAVE_DYNAMIC_LOADING 1
| #define HAVE_ACCEPT4 1
| #define HAVE_ALARM 1
| #define HAVE_BIND_TEXTDOMAIN_CODESET 1
| #define HAVE_CHMOD 1
| #define HAVE_CHOWN 1
| #define HAVE_CLOCK 1
| #define HAVE_CONFSTR 1
| #define HAVE_COPY_FILE_RANGE 1
| #define HAVE_CTERMID 1
| #define HAVE_DLADDR 1
| #define HAVE_DUP 1
| #define HAVE_DUP3 1
| #define HAVE_EXECV 1
| #define HAVE_EXPLICIT_BZERO 1
| #define HAVE_FACCESSAT 1
| #define HAVE_FCHMOD 1
| #define HAVE_FCHMODAT 1
| #define HAVE_FCHOWN 1
| #define HAVE_FCHOWNAT 1
| #define HAVE_FDOPENDIR 1
| #define HAVE_FEXECVE 1
| #define HAVE_FORK 1
| #define HAVE_FPATHCONF 1
| #define HAVE_FSTATAT 1
| #define HAVE_FTIME 1
| #define HAVE_FTRUNCATE 1
| #define HAVE_FUTIMENS 1
| #define HAVE_FUTIMES 1
| #define HAVE_FUTIMESAT 1
| #define HAVE_GAI_STRERROR 1
| #define HAVE_GETEGID 1
| #define HAVE_GETEUID 1
| #define HAVE_GETGID 1
| #define HAVE_GETGRENT 1
| #define HAVE_GETGRGID 1
| #define HAVE_GETGRGID_R 1
| #define HAVE_GETGRNAM_R 1
| #define HAVE_GETGROUPLIST 1
| #define HAVE_GETHOSTNAME 1
| #define HAVE_GETITIMER 1
| #define HAVE_GETLOADAVG 1
| #define HAVE_GETLOGIN 1
| #define HAVE_GETLOGIN_R 1
| #define HAVE_GETPEERNAME 1
| #define HAVE_GETPGID 1
| #define HAVE_GETPID 1
| #define HAVE_GETPPID 1
| #define HAVE_GETPRIORITY 1
| #define HAVE_GETPWENT 1
| #define HAVE_GETPWNAM_R 1
| #define HAVE_GETPWUID 1
| #define HAVE_GETPWUID_R 1
| #define HAVE_GETRESGID 1
| #define HAVE_GETRESUID 1
| #define HAVE_GETRUSAGE 1
| #define HAVE_GETSID 1
| #define HAVE_GETSPENT 1
| #define HAVE_GETSPNAM 1
| #define HAVE_GETUID 1
| #define HAVE_GETWD 1
| #define HAVE_GRANTPT 1
| #define HAVE_IF_NAMEINDEX 1
| #define HAVE_INITGROUPS 1
| #define HAVE_KILL 1
| #define HAVE_KILLPG 1
| #define HAVE_LCHOWN 1
| #define HAVE_LINKAT 1
| #define HAVE_LOCKF 1
| #define HAVE_LSTAT 1
| #define HAVE_LUTIMES 1
| #define HAVE_MADVISE 1
| #define HAVE_MBRTOWC 1
| #define HAVE_MEMRCHR 1
| #define HAVE_MKDIRAT 1
| #define HAVE_MKFIFO 1
| #define HAVE_MKFIFOAT 1
| #define HAVE_MKNOD 1
| #define HAVE_MKNODAT 1
| #define HAVE_MKTIME 1
| #define HAVE_MMAP 1
| #define HAVE_MREMAP 1
| #define HAVE_NICE 1
| #define HAVE_OPENAT 1
| #define HAVE_OPENDIR 1
| #define HAVE_PATHCONF 1
| #define HAVE_PAUSE 1
| #define HAVE_PIPE 1
| #define HAVE_PIPE2 1
| #define HAVE_POLL 1
| #define HAVE_POSIX_FADVISE 1
| #define HAVE_POSIX_FALLOCATE 1
| #define HAVE_POSIX_OPENPT 1
| #define HAVE_POSIX_SPAWN 1
| #define HAVE_POSIX_SPAWNP 1
| #define HAVE_PREAD 1
| #define HAVE_PREADV 1
| #define HAVE_PREADV2 1
| #define HAVE_PROCESS_VM_READV 1
| #define HAVE_PTHREAD_CONDATTR_SETCLOCK 1
| /* end confdefs.h.  */
| /* Define pthread_init to an innocuous variant, in case <limits.h> declares pthread_init.
|    For example, HP-UX 11i <limits.h> declares gettimeofday.  */
| #define pthread_init innocuous_pthread_init
| 
| /* System header to define __stub macros and hopefully few prototypes,
|    which can conflict with char pthread_init (void); below.  */
| 
| #include <limits.h>
| #undef pthread_init
| 
| /* Override any GCC internal prototype to avoid an error.
|    Use char because int might match the return type of a GCC
|    builtin and then its argument prototype would still apply.  */
| #ifdef __cplusplus
| extern "C"
| #endif
| char pthread_init (void);
| /* The GNU C library defines this for functions which it implements
|     to always fail with ENOSYS.  Some functions are actually named
|     something starting with __ and the normal name is an alias.  */
| #if defined __stub_pthread_init || defined __stub___pthread_init
| choke me
| #endif
| 
| int
| main (void)
| {
| return pthread_init ();
|   ;
|   return 0;
| }
configure:19824: result: no
configure:19830: checking for pthread_kill
configure:19830: gcc -pthread -o conftest    conftest.c -lpthread -ldl  >&5
configure:19830: $? = 0
configure:19830: result: yes
configure:19836: checking for pthread_get_name_np
configure:19836: gcc -pthread -o conftest    conftest.c -lpthread -ldl  >&5
/usr/bin/ld: /tmp/ccn6KRYI.o: in function `main':
conftest.c:(.text+0x9): undefined reference to `pthread_get_name_np'
collect2: error: ld returned 1 exit status
configure:19836: $? = 1
configure: failed program was:
| /* confdefs.h */
| #define _NETBSD_SOURCE 1
| #define __BSD_VISIBLE 1
| #define _DARWIN_C_SOURCE 1
| #define _PYTHONFRAMEWORK ""
| #define _XOPEN_SOURCE 700
| #define _XOPEN_SOURCE_EXTENDED 1
| #define _POSIX_C_SOURCE 200809L
| #define HAVE_STDIO_H 1
| #define HAVE_STDLIB_H 1
| #define HAVE_STRING_H 1
| #define HAVE_INTTYPES_H 1
| #define HAVE_STDINT_H 1
| #define HAVE_STRINGS_H 1
| #define HAVE_SYS_STAT_H 1
| #define HAVE_SYS_TYPES_H 1
| #define HAVE_UNISTD_H 1
| #define HAVE_WCHAR_H 1
| #define STDC_HEADERS 1
| #define _ALL_SOURCE 1
| #define _DARWIN_C_SOURCE 1
| #define _GNU_SOURCE 1
| #define _HPUX_ALT_XOPEN_SOCKET_API 1
| #define _NETBSD_SOURCE 1
| #define _OPENBSD_SOURCE 1
| #define _POSIX_PTHREAD_SEMANTICS 1
| #define __STDC_WANT_IEC_60559_ATTRIBS_EXT__ 1
| #define __STDC_WANT_IEC_60559_BFP_EXT__ 1
| #define __STDC_WANT_IEC_60559_DFP_EXT__ 1
| #define __STDC_WANT_IEC_60559_EXT__ 1
| #define __STDC_WANT_IEC_60559_FUNCS_EXT__ 1
| #define __STDC_WANT_IEC_60559_TYPES_EXT__ 1
| #define __STDC_WANT_LIB_EXT2__ 1
| #define __STDC_WANT_MATH_SPEC_FUNCS__ 1
| #define _TANDEM_SOURCE 1
| #define __EXTENSIONS__ 1
| #define _Py_STACK_GROWS_DOWN 1
| #define PY_SUPPORT_TIER 1
| #define STDC_HEADERS 1
| #define HAVE_ALLOCA_H 1
| #define HAVE_ASM_TYPES_H 1
| #define HAVE_DLFCN_H 1
| #define HAVE_ENDIAN_H 1
| #define HAVE_ERRNO_H 1
| #define HAVE_FCNTL_H 1
| #define HAVE_GRP_H 1
| #define HAVE_LANGINFO_H 1
| #define HAVE_LIBINTL_H 1
| #define HAVE_LINUX_AUXVEC_H 1
| #define HAVE_SYS_AUXV_H 1
| #define HAVE_LINUX_FS_H 1
| #define HAVE_LINUX_LIMITS_H 1
| #define HAVE_LINUX_MEMFD_H 1
| #define HAVE_LINUX_NETFILTER_IPV4_H 1
| #define HAVE_LINUX_RANDOM_H 1
| #define HAVE_LINUX_SOUNDCARD_H 1
| #define HAVE_LINUX_SCHED_H 1
| #define HAVE_LINUX_TIPC_H 1
| #define HAVE_LINUX_WAIT_H 1
| #define HAVE_NETDB_H 1
| #define HAVE_NET_ETHERNET_H 1
| #define HAVE_NETINET_IN_H 1
| #define HAVE_NETPACKET_PACKET_H 1
| #define HAVE_POLL_H 1
| #define HAVE_PTHREAD_H 1
| #define HAVE_PTY_H 1
| #define HAVE_SCHED_H 1
| #define HAVE_SETJMP_H 1
| #define HAVE_SHADOW_H 1
| #define HAVE_SIGNAL_H 1
| #define HAVE_SPAWN_H 1
| #define HAVE_SYS_EPOLL_H 1
| #define HAVE_SYS_EVENTFD_H 1
| #define HAVE_SYS_FILE_H 1
| #define HAVE_SYS_IOCTL_H 1
| #define HAVE_SYS_MMAN_H 1
| #define HAVE_SYS_PARAM_H 1
| #define HAVE_SYS_POLL_H 1
| #define HAVE_SYS_RANDOM_H 1
| #define HAVE_SYS_RESOURCE_H 1
| #define HAVE_SYS_SELECT_H 1
| #define HAVE_SYS_SENDFILE_H 1
| #define HAVE_SYS_SOCKET_H 1
| #define HAVE_SYS_SOUNDCARD_H 1
| #define HAVE_SYS_STAT_H 1
| #define HAVE_SYS_STATVFS_H 1
| #define HAVE_SYS_SYSCALL_H 1
| #define HAVE_SYS_SYSMACROS_H 1
| #define HAVE_SYS_TIME_H 1
| #define HAVE_SYS_TIMES_H 1
| #define HAVE_SYS_TIMERFD_H 1
| #define HAVE_SYS_TYPES_H 1
| #define HAVE_SYS_UIO_H 1
| #define HAVE_SYS_UN_H 1
| #define HAVE_SYS_UTSNAME_H 1
| #define HAVE_SYS_WAIT_H 1
| #define HAVE_SYS_XATTR_H 1
| #define HAVE_SYSEXITS_H 1
| #define HAVE_SYSLOG_H 1
| #define HAVE_TERMIOS_H 1
| #define HAVE_UTIME_H 1
| #define HAVE_UTMP_H 1
| #define HAVE_DIRENT_H 1
| #define MAJOR_IN_SYSMACROS 1
| #define HAVE_NET_IF_H 1
| #define HAVE_LINUX_NETLINK_H 1
| #define HAVE_LINUX_QRTR_H 1
| #define HAVE_LINUX_VM_SOCKETS_H 1
| #define HAVE_LINUX_CAN_H 1
| #define HAVE_LINUX_CAN_BCM_H 1
| #define HAVE_LINUX_CAN_J1939_H 1
| #define HAVE_LINUX_CAN_RAW_H 1
| #define HAVE_CLOCK_T 1
| #define HAVE_MAKEDEV 1
| #define HAVE_HTOLE64 1
| #define _LARGEFILE_SOURCE 1
| #define _FILE_OFFSET_BITS 64
| #if defined(SCO_DS)
| #undef _OFF_T
| #endif
| #define RETSIGTYPE void
| #define HAVE_SSIZE_T 1
| #define HAVE___UINT128_T 1
| #define HAVE_GCC_UINT128_T 1
| #define SIZEOF_INT 4
| #define SIZEOF_LONG 8
| #define ALIGNOF_LONG 8
| #define SIZEOF_LONG_LONG 8
| #define SIZEOF_VOID_P 8
| #define SIZEOF_SHORT 2
| #define SIZEOF_FLOAT 4
| #define SIZEOF_DOUBLE 8
| #define SIZEOF_FPOS_T 16
| #define SIZEOF_SIZE_T 8
| #define ALIGNOF_SIZE_T 8
| #define SIZEOF_PID_T 4
| #define SIZEOF_UINTPTR_T 8
| #define ALIGNOF_MAX_ALIGN_T 16
| #define HAVE_LONG_DOUBLE 1
| #define SIZEOF_LONG_DOUBLE 16
| #define SIZEOF__BOOL 1
| #define SIZEOF_OFF_T 8
| #define SIZEOF_TIME_T 8
| #define SIZEOF_PTHREAD_T 8
| #define SIZEOF_PTHREAD_KEY_T 4
| #define PTHREAD_KEY_T_IS_COMPATIBLE_WITH_INT 1
| #define PY_HAVE_PERF_TRAMPOLINE 1
| #define HAVE_LIBDL 1
| #define HAVE_EXECINFO_H 1
| #define HAVE_BACKTRACE 1
| #define HAVE_DLADDR1 1
| #define HAVE_LINK_H 1
| #define HAVE_BACKTRACE 1
| #define HAVE_DLADDR1 1
| #define HAVE_DLFCN_H 1
| #define HAVE_BACKTRACE 1
| #define HAVE_DLADDR1 1
| #define HAVE_UUID_H 1
| #define HAVE_UUID_GENERATE_TIME_SAFE 1
| #define HAVE_FFI_PREP_CIF_VAR 1
| #define HAVE_FFI_PREP_CLOSURE_LOC 1
| #define HAVE_FFI_CLOSURE_ALLOC 1
| #define WITH_DECIMAL_CONTEXTVAR 1
| #define HAVE_LIBSQLITE3 1
| #define HAVE_LIBSQLITE3 1
| #define HAVE_LIBSQLITE3 1
| #define HAVE_LIBSQLITE3 1
| #define HAVE_LIBSQLITE3 1
| #define HAVE_LIBSQLITE3 1
| #define HAVE_LIBSQLITE3 1
| #define HAVE_LIBSQLITE3 1
| #define HAVE_LIBSQLITE3 1
| #define PY_SQLITE_HAVE_SERIALIZE 1
| #define PTHREAD_SYSTEM_SCHED_SUPPORTED 1
| #define HAVE_PTHREAD_SIGMASK 1
| #define HAVE_PTHREAD_GETCPUCLOCKID 1
| #define ENABLE_IPV6 1
| #define HAVE_LINUX_CAN_RAW_FD_FRAMES 1
| #define HAVE_LINUX_CAN_RAW_JOIN_FILTERS 1
| #define WITH_DOC_STRINGS 1
| #define HAVE_STD_ATOMIC 1
| #define HAVE_BUILTIN_ATOMIC 1
| #define WITH_MIMALLOC 1
| #define WITH_PYMALLOC 1
| #define PY_COERCE_C_LOCALE 1
| #define HAVE_DLOPEN 1
| #define HAVE_DYNAMIC_LOADING 1
| #define HAVE_ACCEPT4 1
| #define HAVE_ALARM 1
| #define HAVE_BIND_TEXTDOMAIN_CODESET 1
| #define HAVE_CHMOD 1
| #define HAVE_CHOWN 1
| #define HAVE_CLOCK 1
| #define HAVE_CONFSTR 1
| #define HAVE_COPY_FILE_RANGE 1
| #define HAVE_CTERMID 1
| #define HAVE_DLADDR 1
| #define HAVE_DUP 1
| #define HAVE_DUP3 1
| #define HAVE_EXECV 1
| #define HAVE_EXPLICIT_BZERO 1
| #define HAVE_FACCESSAT 1
| #define HAVE_FCHMOD 1
| #define HAVE_FCHMODAT 1
| #define HAVE_FCHOWN 1
| #define HAVE_FCHOWNAT 1
| #define HAVE_FDOPENDIR 1
| #define HAVE_FEXECVE 1
| #define HAVE_FORK 1
| #define HAVE_FPATHCONF 1
| #define HAVE_FSTATAT 1
| #define HAVE_FTIME 1
| #define HAVE_FTRUNCATE 1
| #define HAVE_FUTIMENS 1
| #define HAVE_FUTIMES 1
| #define HAVE_FUTIMESAT 1
| #define HAVE_GAI_STRERROR 1
| #define HAVE_GETEGID 1
| #define HAVE_GETEUID 1
| #define HAVE_GETGID 1
| #define HAVE_GETGRENT 1
| #define HAVE_GETGRGID 1
| #define HAVE_GETGRGID_R 1
| #define HAVE_GETGRNAM_R 1
| #define HAVE_GETGROUPLIST 1
| #define HAVE_GETHOSTNAME 1
| #define HAVE_GETITIMER 1
| #define HAVE_GETLOADAVG 1
| #define HAVE_GETLOGIN 1
| #define HAVE_GETLOGIN_R 1
| #define HAVE_GETPEERNAME 1
| #define HAVE_GETPGID 1
| #define HAVE_GETPID 1
| #define HAVE_GETPPID 1
| #define HAVE_GETPRIORITY 1
| #define HAVE_GETPWENT 1
| #define HAVE_GETPWNAM_R 1
| #define HAVE_GETPWUID 1
| #define HAVE_GETPWUID_R 1
| #define HAVE_GETRESGID 1
| #define HAVE_GETRESUID 1
| #define HAVE_GETRUSAGE 1
| #define HAVE_GETSID 1
| #define HAVE_GETSPENT 1
| #define HAVE_GETSPNAM 1
| #define HAVE_GETUID 1
| #define HAVE_GETWD 1
| #define HAVE_GRANTPT 1
| #define HAVE_IF_NAMEINDEX 1
| #define HAVE_INITGROUPS 1
| #define HAVE_KILL 1
| #define HAVE_KILLPG 1
| #define HAVE_LCHOWN 1
| #define HAVE_LINKAT 1
| #define HAVE_LOCKF 1
| #define HAVE_LSTAT 1
| #define HAVE_LUTIMES 1
| #define HAVE_MADVISE 1
| #define HAVE_MBRTOWC 1
| #define HAVE_MEMRCHR 1
| #define HAVE_MKDIRAT 1
| #define HAVE_MKFIFO 1
| #define HAVE_MKFIFOAT 1
| #define HAVE_MKNOD 1
| #define HAVE_MKNODAT 1
| #define HAVE_MKTIME 1
| #define HAVE_MMAP 1
| #define HAVE_MREMAP 1
| #define HAVE_NICE 1
| #define HAVE_OPENAT 1
| #define HAVE_OPENDIR 1
| #define HAVE_PATHCONF 1
| #define HAVE_PAUSE 1
| #define HAVE_PIPE 1
| #define HAVE_PIPE2 1
| #define HAVE_POLL 1
| #define HAVE_POSIX_FADVISE 1
| #define HAVE_POSIX_FALLOCATE 1
| #define HAVE_POSIX_OPENPT 1
| #define HAVE_POSIX_SPAWN 1
| #define HAVE_POSIX_SPAWNP 1
| #define HAVE_PREAD 1
| #define HAVE_PREADV 1
| #define HAVE_PREADV2 1
| #define HAVE_PROCESS_VM_READV 1
| #define HAVE_PTHREAD_CONDATTR_SETCLOCK 1
| #define HAVE_PTHREAD_KILL 1
| /* end confdefs.h.  */
| /* Define pthread_get_name_np to an innocuous variant, in case <limits.h> declares pthread_get_name_np.
|    For example, HP-UX 11i <limits.h> declares gettimeofday.  */
| #define pthread_get_name_np innocuous_pthread_get_name_np
| 
| /* System header to define __stub macros and hopefully few prototypes,
|    which can conflict with char pthread_get_name_np (void); below.  */
| 
| #include <limits.h>
| #undef pthread_get_name_np
| 
| /* Override any GCC internal prototype to avoid an error.
|    Use char because int might match the return type of a GCC
|    builtin and then its argument prototype would still apply.  */
| #ifdef __cplusplus
| extern "C"
| #endif
| char pthread_get_name_np (void);
| /* The GNU C library defines this for functions which it implements
|     to always fail with ENOSYS.  Some functions are actually named
|     something starting with __ and the normal name is an alias.  */
| #if defined __stub_pthread_get_name_np || defined __stub___pthread_get_name_np
| choke me
| #endif
| 
| int
| main (void)
| {
| return pthread_get_name_np ();
|   ;
|   return 0;
| }
configure:19836: result: no
configure:19842: checking for pthread_getname_np
configure:19842: gcc -pthread -o conftest    conftest.c -lpthread -ldl  >&5
configure:19842: $? = 0
configure:19842: result: yes
configure:19848: checking for pthread_set_name_np
configure:19848: gcc -pthread -o conftest    conftest.c -lpthread -ldl  >&5
/usr/bin/ld: /tmp/ccp4qFeB.o: in function `main':
conftest.c:(.text+0x9): undefined reference to `pthread_set_name_np'
collect2: error: ld returned 1 exit status
configure:19848: $? = 1
configure: failed program was:
| /* confdefs.h */
| #define _NETBSD_SOURCE 1
| #define __BSD_VISIBLE 1
| #define _DARWIN_C_SOURCE 1
| #define _PYTHONFRAMEWORK ""
| #define _XOPEN_SOURCE 700
| #define _XOPEN_SOURCE_EXTENDED 1
| #define _POSIX_C_SOURCE 200809L
| #define HAVE_STDIO_H 1
| #define HAVE_STDLIB_H 1
| #define HAVE_STRING_H 1
| #define HAVE_INTTYPES_H 1
| #define HAVE_STDINT_H 1
| #define HAVE_STRINGS_H 1
| #define HAVE_SYS_STAT_H 1
| #define HAVE_SYS_TYPES_H 1
| #define HAVE_UNISTD_H 1
| #define HAVE_WCHAR_H 1
| #define STDC_HEADERS 1
| #define _ALL_SOURCE 1
| #define _DARWIN_C_SOURCE 1
| #define _GNU_SOURCE 1
| #define _HPUX_ALT_XOPEN_SOCKET_API 1
| #define _NETBSD_SOURCE 1
| #define _OPENBSD_SOURCE 1
| #define _POSIX_PTHREAD_SEMANTICS 1
| #define __STDC_WANT_IEC_60559_ATTRIBS_EXT__ 1
| #define __STDC_WANT_IEC_60559_BFP_EXT__ 1
| #define __STDC_WANT_IEC_60559_DFP_EXT__ 1
| #define __STDC_WANT_IEC_60559_EXT__ 1
| #define __STDC_WANT_IEC_60559_FUNCS_EXT__ 1
| #define __STDC_WANT_IEC_60559_TYPES_EXT__ 1
| #define __STDC_WANT_LIB_EXT2__ 1
| #define __STDC_WANT_MATH_SPEC_FUNCS__ 1
| #define _TANDEM_SOURCE 1
| #define __EXTENSIONS__ 1
| #define _Py_STACK_GROWS_DOWN 1
| #define PY_SUPPORT_TIER 1
| #define STDC_HEADERS 1
| #define HAVE_ALLOCA_H 1
| #define HAVE_ASM_TYPES_H 1
| #define HAVE_DLFCN_H 1
| #define HAVE_ENDIAN_H 1
| #define HAVE_ERRNO_H 1
| #define HAVE_FCNTL_H 1
| #define HAVE_GRP_H 1
| #define HAVE_LANGINFO_H 1
| #define HAVE_LIBINTL_H 1
| #define HAVE_LINUX_AUXVEC_H 1
| #define HAVE_SYS_AUXV_H 1
| #define HAVE_LINUX_FS_H 1
| #define HAVE_LINUX_LIMITS_H 1
| #define HAVE_LINUX_MEMFD_H 1
| #define HAVE_LINUX_NETFILTER_IPV4_H 1
| #define HAVE_LINUX_RANDOM_H 1
| #define HAVE_LINUX_SOUNDCARD_H 1
| #define HAVE_LINUX_SCHED_H 1
| #define HAVE_LINUX_TIPC_H 1
| #define HAVE_LINUX_WAIT_H 1
| #define HAVE_NETDB_H 1
| #define HAVE_NET_ETHERNET_H 1
| #define HAVE_NETINET_IN_H 1
| #define HAVE_NETPACKET_PACKET_H 1
| #define HAVE_POLL_H 1
| #define HAVE_PTHREAD_H 1
| #define HAVE_PTY_H 1
| #define HAVE_SCHED_H 1
| #define HAVE_SETJMP_H 1
| #define HAVE_SHADOW_H 1
| #define HAVE_SIGNAL_H 1
| #define HAVE_SPAWN_H 1
| #define HAVE_SYS_EPOLL_H 1
| #define HAVE_SYS_EVENTFD_H 1
| #define HAVE_SYS_FILE_H 1
| #define HAVE_SYS_IOCTL_H 1
| #define HAVE_SYS_MMAN_H 1
| #define HAVE_SYS_PARAM_H 1
| #define HAVE_SYS_POLL_H 1
| #define HAVE_SYS_RANDOM_H 1
| #define HAVE_SYS_RESOURCE_H 1
| #define HAVE_SYS_SELECT_H 1
| #define HAVE_SYS_SENDFILE_H 1
| #define HAVE_SYS_SOCKET_H 1
| #define HAVE_SYS_SOUNDCARD_H 1
| #define HAVE_SYS_STAT_H 1
| #define HAVE_SYS_STATVFS_H 1
| #define HAVE_SYS_SYSCALL_H 1
| #define HAVE_SYS_SYSMACROS_H 1
| #define HAVE_SYS_TIME_H 1
| #define HAVE_SYS_TIMES_H 1
| #define HAVE_SYS_TIMERFD_H 1
| #define HAVE_SYS_TYPES_H 1
| #define HAVE_SYS_UIO_H 1
| #define HAVE_SYS_UN_H 1
| #define HAVE_SYS_UTSNAME_H 1
| #define HAVE_SYS_WAIT_H 1
| #define HAVE_SYS_XATTR_H 1
| #define HAVE_SYSEXITS_H 1
| #define HAVE_SYSLOG_H 1
| #define HAVE_TERMIOS_H 1
| #define HAVE_UTIME_H 1
| #define HAVE_UTMP_H 1
| #define HAVE_DIRENT_H 1
| #define MAJOR_IN_SYSMACROS 1
| #define HAVE_NET_IF_H 1
| #define HAVE_LINUX_NETLINK_H 1
| #define HAVE_LINUX_QRTR_H 1
| #define HAVE_LINUX_VM_SOCKETS_H 1
| #define HAVE_LINUX_CAN_H 1
| #define HAVE_LINUX_CAN_BCM_H 1
| #define HAVE_LINUX_CAN_J1939_H 1
| #define HAVE_LINUX_CAN_RAW_H 1
| #define HAVE_CLOCK_T 1
| #define HAVE_MAKEDEV 1
| #define HAVE_HTOLE64 1
| #define _LARGEFILE_SOURCE 1
| #define _FILE_OFFSET_BITS 64
| #if defined(SCO_DS)
| #undef _OFF_T
| #endif
| #define RETSIGTYPE void
| #define HAVE_SSIZE_T 1
| #define HAVE___UINT128_T 1
| #define HAVE_GCC_UINT128_T 1
| #define SIZEOF_INT 4
| #define SIZEOF_LONG 8
| #define ALIGNOF_LONG 8
| #define SIZEOF_LONG_LONG 8
| #define SIZEOF_VOID_P 8
| #define SIZEOF_SHORT 2
| #define SIZEOF_FLOAT 4
| #define SIZEOF_DOUBLE 8
| #define SIZEOF_FPOS_T 16
| #define SIZEOF_SIZE_T 8
| #define ALIGNOF_SIZE_T 8
| #define SIZEOF_PID_T 4
| #define SIZEOF_UINTPTR_T 8
| #define ALIGNOF_MAX_ALIGN_T 16
| #define HAVE_LONG_DOUBLE 1
| #define SIZEOF_LONG_DOUBLE 16
| #define SIZEOF__BOOL 1
| #define SIZEOF_OFF_T 8
| #define SIZEOF_TIME_T 8
| #define SIZEOF_PTHREAD_T 8
| #define SIZEOF_PTHREAD_KEY_T 4
| #define PTHREAD_KEY_T_IS_COMPATIBLE_WITH_INT 1
| #define PY_HAVE_PERF_TRAMPOLINE 1
| #define HAVE_LIBDL 1
| #define HAVE_EXECINFO_H 1
| #define HAVE_BACKTRACE 1
| #define HAVE_DLADDR1 1
| #define HAVE_LINK_H 1
| #define HAVE_BACKTRACE 1
| #define HAVE_DLADDR1 1
| #define HAVE_DLFCN_H 1
| #define HAVE_BACKTRACE 1
| #define HAVE_DLADDR1 1
| #define HAVE_UUID_H 1
| #define HAVE_UUID_GENERATE_TIME_SAFE 1
| #define HAVE_FFI_PREP_CIF_VAR 1
| #define HAVE_FFI_PREP_CLOSURE_LOC 1
| #define HAVE_FFI_CLOSURE_ALLOC 1
| #define WITH_DECIMAL_CONTEXTVAR 1
| #define HAVE_LIBSQLITE3 1
| #define HAVE_LIBSQLITE3 1
| #define HAVE_LIBSQLITE3 1
| #define HAVE_LIBSQLITE3 1
| #define HAVE_LIBSQLITE3 1
| #define HAVE_LIBSQLITE3 1
| #define HAVE_LIBSQLITE3 1
| #define HAVE_LIBSQLITE3 1
| #define HAVE_LIBSQLITE3 1
| #define PY_SQLITE_HAVE_SERIALIZE 1
| #define PTHREAD_SYSTEM_SCHED_SUPPORTED 1
| #define HAVE_PTHREAD_SIGMASK 1
| #define HAVE_PTHREAD_GETCPUCLOCKID 1
| #define ENABLE_IPV6 1
| #define HAVE_LINUX_CAN_RAW_FD_FRAMES 1
| #define HAVE_LINUX_CAN_RAW_JOIN_FILTERS 1
| #define WITH_DOC_STRINGS 1
| #define HAVE_STD_ATOMIC 1
| #define HAVE_BUILTIN_ATOMIC 1
| #define WITH_MIMALLOC 1
| #define WITH_PYMALLOC 1
| #define PY_COERCE_C_LOCALE 1
| #define HAVE_DLOPEN 1
| #define HAVE_DYNAMIC_LOADING 1
| #define HAVE_ACCEPT4 1
| #define HAVE_ALARM 1
| #define HAVE_BIND_TEXTDOMAIN_CODESET 1
| #define HAVE_CHMOD 1
| #define HAVE_CHOWN 1
| #define HAVE_CLOCK 1
| #define HAVE_CONFSTR 1
| #define HAVE_COPY_FILE_RANGE 1
| #define HAVE_CTERMID 1
| #define HAVE_DLADDR 1
| #define HAVE_DUP 1
| #define HAVE_DUP3 1
| #define HAVE_EXECV 1
| #define HAVE_EXPLICIT_BZERO 1
| #define HAVE_FACCESSAT 1
| #define HAVE_FCHMOD 1
| #define HAVE_FCHMODAT 1
| #define HAVE_FCHOWN 1
| #define HAVE_FCHOWNAT 1
| #define HAVE_FDOPENDIR 1
| #define HAVE_FEXECVE 1
| #define HAVE_FORK 1
| #define HAVE_FPATHCONF 1
| #define HAVE_FSTATAT 1
| #define HAVE_FTIME 1
| #define HAVE_FTRUNCATE 1
| #define HAVE_FUTIMENS 1
| #define HAVE_FUTIMES 1
| #define HAVE_FUTIMESAT 1
| #define HAVE_GAI_STRERROR 1
| #define HAVE_GETEGID 1
| #define HAVE_GETEUID 1
| #define HAVE_GETGID 1
| #define HAVE_GETGRENT 1
| #define HAVE_GETGRGID 1
| #define HAVE_GETGRGID_R 1
| #define HAVE_GETGRNAM_R 1
| #define HAVE_GETGROUPLIST 1
| #define HAVE_GETHOSTNAME 1
| #define HAVE_GETITIMER 1
| #define HAVE_GETLOADAVG 1
| #define HAVE_GETLOGIN 1
| #define HAVE_GETLOGIN_R 1
| #define HAVE_GETPEERNAME 1
| #define HAVE_GETPGID 1
| #define HAVE_GETPID 1
| #define HAVE_GETPPID 1
| #define HAVE_GETPRIORITY 1
| #define HAVE_GETPWENT 1
| #define HAVE_GETPWNAM_R 1
| #define HAVE_GETPWUID 1
| #define HAVE_GETPWUID_R 1
| #define HAVE_GETRESGID 1
| #define HAVE_GETRESUID 1
| #define HAVE_GETRUSAGE 1
| #define HAVE_GETSID 1
| #define HAVE_GETSPENT 1
| #define HAVE_GETSPNAM 1
| #define HAVE_GETUID 1
| #define HAVE_GETWD 1
| #define HAVE_GRANTPT 1
| #define HAVE_IF_NAMEINDEX 1
| #define HAVE_INITGROUPS 1
| #define HAVE_KILL 1
| #define HAVE_KILLPG 1
| #define HAVE_LCHOWN 1
| #define HAVE_LINKAT 1
| #define HAVE_LOCKF 1
| #define HAVE_LSTAT 1
| #define HAVE_LUTIMES 1
| #define HAVE_MADVISE 1
| #define HAVE_MBRTOWC 1
| #define HAVE_MEMRCHR 1
| #define HAVE_MKDIRAT 1
| #define HAVE_MKFIFO 1
| #define HAVE_MKFIFOAT 1
| #define HAVE_MKNOD 1
| #define HAVE_MKNODAT 1
| #define HAVE_MKTIME 1
| #define HAVE_MMAP 1
| #define HAVE_MREMAP 1
| #define HAVE_NICE 1
| #define HAVE_OPENAT 1
| #define HAVE_OPENDIR 1
| #define HAVE_PATHCONF 1
| #define HAVE_PAUSE 1
| #define HAVE_PIPE 1
| #define HAVE_PIPE2 1
| #define HAVE_POLL 1
| #define HAVE_POSIX_FADVISE 1
| #define HAVE_POSIX_FALLOCATE 1
| #define HAVE_POSIX_OPENPT 1
| #define HAVE_POSIX_SPAWN 1
| #define HAVE_POSIX_SPAWNP 1
| #define HAVE_PREAD 1
| #define HAVE_PREADV 1
| #define HAVE_PREADV2 1
| #define HAVE_PROCESS_VM_READV 1
| #define HAVE_PTHREAD_CONDATTR_SETCLOCK 1
| #define HAVE_PTHREAD_KILL 1
| #define HAVE_PTHREAD_GETNAME_NP 1
| /* end confdefs.h.  */
| /* Define pthread_set_name_np to an innocuous variant, in case <limits.h> declares pthread_set_name_np.
|    For example, HP-UX 11i <limits.h> declares gettimeofday.  */
| #define pthread_set_name_np innocuous_pthread_set_name_np
| 
| /* System header to define __stub macros and hopefully few prototypes,
|    which can conflict with char pthread_set_name_np (void); below.  */
| 
| #include <limits.h>
| #undef pthread_set_name_np
| 
| /* Override any GCC internal prototype to avoid an error.
|    Use char because int might match the return type of a GCC
|    builtin and then its argument prototype would still apply.  */
| #ifdef __cplusplus
| extern "C"
| #endif
| char pthread_set_name_np (void);
| /* The GNU C library defines this for functions which it implements
|     to always fail with ENOSYS.  Some functions are actually named
|     something starting with __ and the normal name is an alias.  */
| #if defined __stub_pthread_set_name_np || defined __stub___pthread_set_name_np
| choke me
| #endif
| 
| int
| main (void)
| {
| return pthread_set_name_np ();
|   ;
|   return 0;
| }
configure:19848: result: no
configure:19854: checking for pthread_setname_np
configure:19854: gcc -pthread -o conftest    conftest.c -lpthread -ldl  >&5
configure:19854: $? = 0
configure:19854: result: yes
configure:19860: checking for pthread_getattr_np
configure:19860: gcc -pthread -o conftest    conftest.c -lpthread -ldl  >&5
configure:19860: $? = 0
configure:19860: result: yes
configure:19866: checking for ptsname
configure:19866: gcc -pthread -o conftest    conftest.c -lpthread -ldl  >&5
configure:19866: $? = 0
configure:19866: result: yes
configure:19872: checking for ptsname_r
configure:19872: gcc -pthread -o conftest    conftest.c -lpthread -ldl  >&5
configure:19872: $? = 0
configure:19872: result: yes
configure:19878: checking for pwrite
configure:19878: gcc -pthread -o conftest    conftest.c -lpthread -ldl  >&5
configure:19878: $? = 0
configure:19878: result: yes
configure:19884: checking for pwritev
configure:19884: gcc -pthread -o conftest    conftest.c -lpthread -ldl  >&5
configure:19884: $? = 0
configure:19884: result: yes
configure:19890: checking for pwritev2
configure:19890: gcc -pthread -o conftest    conftest.c -lpthread -ldl  >&5
configure:19890: $? = 0
configure:19890: result: yes
configure:19896: checking for readlink
configure:19896: gcc -pthread -o conftest    conftest.c -lpthread -ldl  >&5
configure:19896: $? = 0
configure:19896: result: yes
configure:19902: checking for readlinkat
configure:19902: gcc -pthread -o conftest    conftest.c -lpthread -ldl  >&5
configure:19902: $? = 0
configure:19902: result: yes
configure:19908: checking for readv
configure:19908: gcc -pthread -o conftest    conftest.c -lpthread -ldl  >&5
configure:19908: $? = 0
configure:19908: result: yes
configure:19914: checking for realpath
configure:19914: gcc -pthread -o conftest    conftest.c -lpthread -ldl  >&5
configure:19914: $? = 0
configure:19914: result: yes
configure:19920: checking for renameat
configure:19920: gcc -pthread -o conftest    conftest.c -lpthread -ldl  >&5
configure:19920: $? = 0
configure:19920: result: yes
configure:19926: checking for rtpSpawn
configure:19926: gcc -pthread -o conftest    conftest.c -lpthread -ldl  >&5
/usr/bin/ld: /tmp/ccgifXaJ.o: in function `main':
conftest.c:(.text+0x9): undefined reference to `rtpSpawn'
collect2: error: ld returned 1 exit status
configure:19926: $? = 1
configure: failed program was:
| /* confdefs.h */
| #define _NETBSD_SOURCE 1
| #define __BSD_VISIBLE 1
| #define _DARWIN_C_SOURCE 1
| #define _PYTHONFRAMEWORK ""
| #define _XOPEN_SOURCE 700
| #define _XOPEN_SOURCE_EXTENDED 1
| #define _POSIX_C_SOURCE 200809L
| #define HAVE_STDIO_H 1
| #define HAVE_STDLIB_H 1
| #define HAVE_STRING_H 1
| #define HAVE_INTTYPES_H 1
| #define HAVE_STDINT_H 1
| #define HAVE_STRINGS_H 1
| #define HAVE_SYS_STAT_H 1
| #define HAVE_SYS_TYPES_H 1
| #define HAVE_UNISTD_H 1
| #define HAVE_WCHAR_H 1
| #define STDC_HEADERS 1
| #define _ALL_SOURCE 1
| #define _DARWIN_C_SOURCE 1
| #define _GNU_SOURCE 1
| #define _HPUX_ALT_XOPEN_SOCKET_API 1
| #define _NETBSD_SOURCE 1
| #define _OPENBSD_SOURCE 1
| #define _POSIX_PTHREAD_SEMANTICS 1
| #define __STDC_WANT_IEC_60559_ATTRIBS_EXT__ 1
| #define __STDC_WANT_IEC_60559_BFP_EXT__ 1
| #define __STDC_WANT_IEC_60559_DFP_EXT__ 1
| #define __STDC_WANT_IEC_60559_EXT__ 1
| #define __STDC_WANT_IEC_60559_FUNCS_EXT__ 1
| #define __STDC_WANT_IEC_60559_TYPES_EXT__ 1
| #define __STDC_WANT_LIB_EXT2__ 1
| #define __STDC_WANT_MATH_SPEC_FUNCS__ 1
| #define _TANDEM_SOURCE 1
| #define __EXTENSIONS__ 1
| #define _Py_STACK_GROWS_DOWN 1
| #define PY_SUPPORT_TIER 1
| #define STDC_HEADERS 1
| #define HAVE_ALLOCA_H 1
| #define HAVE_ASM_TYPES_H 1
| #define HAVE_DLFCN_H 1
| #define HAVE_ENDIAN_H 1
| #define HAVE_ERRNO_H 1
| #define HAVE_FCNTL_H 1
| #define HAVE_GRP_H 1
| #define HAVE_LANGINFO_H 1
| #define HAVE_LIBINTL_H 1
| #define HAVE_LINUX_AUXVEC_H 1
| #define HAVE_SYS_AUXV_H 1
| #define HAVE_LINUX_FS_H 1
| #define HAVE_LINUX_LIMITS_H 1
| #define HAVE_LINUX_MEMFD_H 1
| #define HAVE_LINUX_NETFILTER_IPV4_H 1
| #define HAVE_LINUX_RANDOM_H 1
| #define HAVE_LINUX_SOUNDCARD_H 1
| #define HAVE_LINUX_SCHED_H 1
| #define HAVE_LINUX_TIPC_H 1
| #define HAVE_LINUX_WAIT_H 1
| #define HAVE_NETDB_H 1
| #define HAVE_NET_ETHERNET_H 1
| #define HAVE_NETINET_IN_H 1
| #define HAVE_NETPACKET_PACKET_H 1
| #define HAVE_POLL_H 1
| #define HAVE_PTHREAD_H 1
| #define HAVE_PTY_H 1
| #define HAVE_SCHED_H 1
| #define HAVE_SETJMP_H 1
| #define HAVE_SHADOW_H 1
| #define HAVE_SIGNAL_H 1
| #define HAVE_SPAWN_H 1
| #define HAVE_SYS_EPOLL_H 1
| #define HAVE_SYS_EVENTFD_H 1
| #define HAVE_SYS_FILE_H 1
| #define HAVE_SYS_IOCTL_H 1
| #define HAVE_SYS_MMAN_H 1
| #define HAVE_SYS_PARAM_H 1
| #define HAVE_SYS_POLL_H 1
| #define HAVE_SYS_RANDOM_H 1
| #define HAVE_SYS_RESOURCE_H 1
| #define HAVE_SYS_SELECT_H 1
| #define HAVE_SYS_SENDFILE_H 1
| #define HAVE_SYS_SOCKET_H 1
| #define HAVE_SYS_SOUNDCARD_H 1
| #define HAVE_SYS_STAT_H 1
| #define HAVE_SYS_STATVFS_H 1
| #define HAVE_SYS_SYSCALL_H 1
| #define HAVE_SYS_SYSMACROS_H 1
| #define HAVE_SYS_TIME_H 1
| #define HAVE_SYS_TIMES_H 1
| #define HAVE_SYS_TIMERFD_H 1
| #define HAVE_SYS_TYPES_H 1
| #define HAVE_SYS_UIO_H 1
| #define HAVE_SYS_UN_H 1
| #define HAVE_SYS_UTSNAME_H 1
| #define HAVE_SYS_WAIT_H 1
| #define HAVE_SYS_XATTR_H 1
| #define HAVE_SYSEXITS_H 1
| #define HAVE_SYSLOG_H 1
| #define HAVE_TERMIOS_H 1
| #define HAVE_UTIME_H 1
| #define HAVE_UTMP_H 1
| #define HAVE_DIRENT_H 1
| #define MAJOR_IN_SYSMACROS 1
| #define HAVE_NET_IF_H 1
| #define HAVE_LINUX_NETLINK_H 1
| #define HAVE_LINUX_QRTR_H 1
| #define HAVE_LINUX_VM_SOCKETS_H 1
| #define HAVE_LINUX_CAN_H 1
| #define HAVE_LINUX_CAN_BCM_H 1
| #define HAVE_LINUX_CAN_J1939_H 1
| #define HAVE_LINUX_CAN_RAW_H 1
| #define HAVE_CLOCK_T 1
| #define HAVE_MAKEDEV 1
| #define HAVE_HTOLE64 1
| #define _LARGEFILE_SOURCE 1
| #define _FILE_OFFSET_BITS 64
| #if defined(SCO_DS)
| #undef _OFF_T
| #endif
| #define RETSIGTYPE void
| #define HAVE_SSIZE_T 1
| #define HAVE___UINT128_T 1
| #define HAVE_GCC_UINT128_T 1
| #define SIZEOF_INT 4
| #define SIZEOF_LONG 8
| #define ALIGNOF_LONG 8
| #define SIZEOF_LONG_LONG 8
| #define SIZEOF_VOID_P 8
| #define SIZEOF_SHORT 2
| #define SIZEOF_FLOAT 4
| #define SIZEOF_DOUBLE 8
| #define SIZEOF_FPOS_T 16
| #define SIZEOF_SIZE_T 8
| #define ALIGNOF_SIZE_T 8
| #define SIZEOF_PID_T 4
| #define SIZEOF_UINTPTR_T 8
| #define ALIGNOF_MAX_ALIGN_T 16
| #define HAVE_LONG_DOUBLE 1
| #define SIZEOF_LONG_DOUBLE 16
| #define SIZEOF__BOOL 1
| #define SIZEOF_OFF_T 8
| #define SIZEOF_TIME_T 8
| #define SIZEOF_PTHREAD_T 8
| #define SIZEOF_PTHREAD_KEY_T 4
| #define PTHREAD_KEY_T_IS_COMPATIBLE_WITH_INT 1
| #define PY_HAVE_PERF_TRAMPOLINE 1
| #define HAVE_LIBDL 1
| #define HAVE_EXECINFO_H 1
| #define HAVE_BACKTRACE 1
| #define HAVE_DLADDR1 1
| #define HAVE_LINK_H 1
| #define HAVE_BACKTRACE 1
| #define HAVE_DLADDR1 1
| #define HAVE_DLFCN_H 1
| #define HAVE_BACKTRACE 1
| #define HAVE_DLADDR1 1
| #define HAVE_UUID_H 1
| #define HAVE_UUID_GENERATE_TIME_SAFE 1
| #define HAVE_FFI_PREP_CIF_VAR 1
| #define HAVE_FFI_PREP_CLOSURE_LOC 1
| #define HAVE_FFI_CLOSURE_ALLOC 1
| #define WITH_DECIMAL_CONTEXTVAR 1
| #define HAVE_LIBSQLITE3 1
| #define HAVE_LIBSQLITE3 1
| #define HAVE_LIBSQLITE3 1
| #define HAVE_LIBSQLITE3 1
| #define HAVE_LIBSQLITE3 1
| #define HAVE_LIBSQLITE3 1
| #define HAVE_LIBSQLITE3 1
| #define HAVE_LIBSQLITE3 1
| #define HAVE_LIBSQLITE3 1
| #define PY_SQLITE_HAVE_SERIALIZE 1
| #define PTHREAD_SYSTEM_SCHED_SUPPORTED 1
| #define HAVE_PTHREAD_SIGMASK 1
| #define HAVE_PTHREAD_GETCPUCLOCKID 1
| #define ENABLE_IPV6 1
| #define HAVE_LINUX_CAN_RAW_FD_FRAMES 1
| #define HAVE_LINUX_CAN_RAW_JOIN_FILTERS 1
| #define WITH_DOC_STRINGS 1
| #define HAVE_STD_ATOMIC 1
| #define HAVE_BUILTIN_ATOMIC 1
| #define WITH_MIMALLOC 1
| #define WITH_PYMALLOC 1
| #define PY_COERCE_C_LOCALE 1
| #define HAVE_DLOPEN 1
| #define HAVE_DYNAMIC_LOADING 1
| #define HAVE_ACCEPT4 1
| #define HAVE_ALARM 1
| #define HAVE_BIND_TEXTDOMAIN_CODESET 1
| #define HAVE_CHMOD 1
| #define HAVE_CHOWN 1
| #define HAVE_CLOCK 1
| #define HAVE_CONFSTR 1
| #define HAVE_COPY_FILE_RANGE 1
| #define HAVE_CTERMID 1
| #define HAVE_DLADDR 1
| #define HAVE_DUP 1
| #define HAVE_DUP3 1
| #define HAVE_EXECV 1
| #define HAVE_EXPLICIT_BZERO 1
| #define HAVE_FACCESSAT 1
| #define HAVE_FCHMOD 1
| #define HAVE_FCHMODAT 1
| #define HAVE_FCHOWN 1
| #define HAVE_FCHOWNAT 1
| #define HAVE_FDOPENDIR 1
| #define HAVE_FEXECVE 1
| #define HAVE_FORK 1
| #define HAVE_FPATHCONF 1
| #define HAVE_FSTATAT 1
| #define HAVE_FTIME 1
| #define HAVE_FTRUNCATE 1
| #define HAVE_FUTIMENS 1
| #define HAVE_FUTIMES 1
| #define HAVE_FUTIMESAT 1
| #define HAVE_GAI_STRERROR 1
| #define HAVE_GETEGID 1
| #define HAVE_GETEUID 1
| #define HAVE_GETGID 1
| #define HAVE_GETGRENT 1
| #define HAVE_GETGRGID 1
| #define HAVE_GETGRGID_R 1
| #define HAVE_GETGRNAM_R 1
| #define HAVE_GETGROUPLIST 1
| #define HAVE_GETHOSTNAME 1
| #define HAVE_GETITIMER 1
| #define HAVE_GETLOADAVG 1
| #define HAVE_GETLOGIN 1
| #define HAVE_GETLOGIN_R 1
| #define HAVE_GETPEERNAME 1
| #define HAVE_GETPGID 1
| #define HAVE_GETPID 1
| #define HAVE_GETPPID 1
| #define HAVE_GETPRIORITY 1
| #define HAVE_GETPWENT 1
| #define HAVE_GETPWNAM_R 1
| #define HAVE_GETPWUID 1
| #define HAVE_GETPWUID_R 1
| #define HAVE_GETRESGID 1
| #define HAVE_GETRESUID 1
| #define HAVE_GETRUSAGE 1
| #define HAVE_GETSID 1
| #define HAVE_GETSPENT 1
| #define HAVE_GETSPNAM 1
| #define HAVE_GETUID 1
| #define HAVE_GETWD 1
| #define HAVE_GRANTPT 1
| #define HAVE_IF_NAMEINDEX 1
| #define HAVE_INITGROUPS 1
| #define HAVE_KILL 1
| #define HAVE_KILLPG 1
| #define HAVE_LCHOWN 1
| #define HAVE_LINKAT 1
| #define HAVE_LOCKF 1
| #define HAVE_LSTAT 1
| #define HAVE_LUTIMES 1
| #define HAVE_MADVISE 1
| #define HAVE_MBRTOWC 1
| #define HAVE_MEMRCHR 1
| #define HAVE_MKDIRAT 1
| #define HAVE_MKFIFO 1
| #define HAVE_MKFIFOAT 1
| #define HAVE_MKNOD 1
| #define HAVE_MKNODAT 1
| #define HAVE_MKTIME 1
| #define HAVE_MMAP 1
| #define HAVE_MREMAP 1
| #define HAVE_NICE 1
| #define HAVE_OPENAT 1
| #define HAVE_OPENDIR 1
| #define HAVE_PATHCONF 1
| #define HAVE_PAUSE 1
| #define HAVE_PIPE 1
| #define HAVE_PIPE2 1
| #define HAVE_POLL 1
| #define HAVE_POSIX_FADVISE 1
| #define HAVE_POSIX_FALLOCATE 1
| #define HAVE_POSIX_OPENPT 1
| #define HAVE_POSIX_SPAWN 1
| #define HAVE_POSIX_SPAWNP 1
| #define HAVE_PREAD 1
| #define HAVE_PREADV 1
| #define HAVE_PREADV2 1
| #define HAVE_PROCESS_VM_READV 1
| #define HAVE_PTHREAD_CONDATTR_SETCLOCK 1
| #define HAVE_PTHREAD_KILL 1
| #define HAVE_PTHREAD_GETNAME_NP 1
| #define HAVE_PTHREAD_SETNAME_NP 1
| #define HAVE_PTHREAD_GETATTR_NP 1
| #define HAVE_PTSNAME 1
| #define HAVE_PTSNAME_R 1
| #define HAVE_PWRITE 1
| #define HAVE_PWRITEV 1
| #define HAVE_PWRITEV2 1
| #define HAVE_READLINK 1
| #define HAVE_READLINKAT 1
| #define HAVE_READV 1
| #define HAVE_REALPATH 1
| #define HAVE_RENAMEAT 1
| /* end confdefs.h.  */
| /* Define rtpSpawn to an innocuous variant, in case <limits.h> declares rtpSpawn.
|    For example, HP-UX 11i <limits.h> declares gettimeofday.  */
| #define rtpSpawn innocuous_rtpSpawn
| 
| /* System header to define __stub macros and hopefully few prototypes,
|    which can conflict with char rtpSpawn (void); below.  */
| 
| #include <limits.h>
| #undef rtpSpawn
| 
| /* Override any GCC internal prototype to avoid an error.
|    Use char because int might match the return type of a GCC
|    builtin and then its argument prototype would still apply.  */
| #ifdef __cplusplus
| extern "C"
| #endif
| char rtpSpawn (void);
| /* The GNU C library defines this for functions which it implements
|     to always fail with ENOSYS.  Some functions are actually named
|     something starting with __ and the normal name is an alias.  */
| #if defined __stub_rtpSpawn || defined __stub___rtpSpawn
| choke me
| #endif
| 
| int
| main (void)
| {
| return rtpSpawn ();
|   ;
|   return 0;
| }
configure:19926: result: no
configure:19932: checking for sched_get_priority_max
configure:19932: gcc -pthread -o conftest    conftest.c -lpthread -ldl  >&5
configure:19932: $? = 0
configure:19932: result: yes
configure:19938: checking for sched_rr_get_interval
configure:19938: gcc -pthread -o conftest    conftest.c -lpthread -ldl  >&5
configure:19938: $? = 0
configure:19938: result: yes
configure:19944: checking for sched_setaffinity
configure:19944: gcc -pthread -o conftest    conftest.c -lpthread -ldl  >&5
configure:19944: $? = 0
configure:19944: result: yes
configure:19950: checking for sched_setparam
configure:19950: gcc -pthread -o conftest    conftest.c -lpthread -ldl  >&5
configure:19950: $? = 0
configure:19950: result: yes
configure:19956: checking for sched_setscheduler
configure:19956: gcc -pthread -o conftest    conftest.c -lpthread -ldl  >&5
configure:19956: $? = 0
configure:19956: result: yes
configure:19962: checking for sem_clockwait
configure:19962: gcc -pthread -o conftest    conftest.c -lpthread -ldl  >&5
configure:19962: $? = 0
configure:19962: result: yes
configure:19968: checking for sem_getvalue
configure:19968: gcc -pthread -o conftest    conftest.c -lpthread -ldl  >&5
configure:19968: $? = 0
configure:19968: result: yes
configure:19974: checking for sem_open
configure:19974: gcc -pthread -o conftest    conftest.c -lpthread -ldl  >&5
configure:19974: $? = 0
configure:19974: result: yes
configure:19980: checking for sem_timedwait
configure:19980: gcc -pthread -o conftest    conftest.c -lpthread -ldl  >&5
configure:19980: $? = 0
configure:19980: result: yes
configure:19986: checking for sem_unlink
configure:19986: gcc -pthread -o conftest    conftest.c -lpthread -ldl  >&5
configure:19986: $? = 0
configure:19986: result: yes
configure:19992: checking for sendfile
configure:19992: gcc -pthread -o conftest    conftest.c -lpthread -ldl  >&5
configure:19992: $? = 0
configure:19992: result: yes
configure:19998: checking for setegid
configure:19998: gcc -pthread -o conftest    conftest.c -lpthread -ldl  >&5
configure:19998: $? = 0
configure:19998: result: yes
configure:20004: checking for seteuid
configure:20004: gcc -pthread -o conftest    conftest.c -lpthread -ldl  >&5
configure:20004: $? = 0
configure:20004: result: yes
configure:20010: checking for setgid
configure:20010: gcc -pthread -o conftest    conftest.c -lpthread -ldl  >&5
configure:20010: $? = 0
configure:20010: result: yes
configure:20016: checking for sethostname
configure:20016: gcc -pthread -o conftest    conftest.c -lpthread -ldl  >&5
configure:20016: $? = 0
configure:20016: result: yes
configure:20022: checking for setitimer
configure:20022: gcc -pthread -o conftest    conftest.c -lpthread -ldl  >&5
configure:20022: $? = 0
configure:20022: result: yes
configure:20028: checking for setlocale
configure:20028: gcc -pthread -o conftest    conftest.c -lpthread -ldl  >&5
configure:20028: $? = 0
configure:20028: result: yes
configure:20034: checking for setpgid
configure:20034: gcc -pthread -o conftest    conftest.c -lpthread -ldl  >&5
configure:20034: $? = 0
configure:20034: result: yes
configure:20040: checking for setpgrp
configure:20040: gcc -pthread -o conftest    conftest.c -lpthread -ldl  >&5
configure:20040: $? = 0
configure:20040: result: yes
configure:20046: checking for setpriority
configure:20046: gcc -pthread -o conftest    conftest.c -lpthread -ldl  >&5
configure:20046: $? = 0
configure:20046: result: yes
configure:20052: checking for setregid
configure:20052: gcc -pthread -o conftest    conftest.c -lpthread -ldl  >&5
configure:20052: $? = 0
configure:20052: result: yes
configure:20058: checking for setresgid
configure:20058: gcc -pthread -o conftest    conftest.c -lpthread -ldl  >&5
configure:20058: $? = 0
configure:20058: result: yes
configure:20064: checking for setresuid
configure:20064: gcc -pthread -o conftest    conftest.c -lpthread -ldl  >&5
configure:20064: $? = 0
configure:20064: result: yes
configure:20070: checking for setreuid
configure:20070: gcc -pthread -o conftest    conftest.c -lpthread -ldl  >&5
configure:20070: $? = 0
configure:20070: result: yes
configure:20076: checking for setsid
configure:20076: gcc -pthread -o conftest    conftest.c -lpthread -ldl  >&5
configure:20076: $? = 0
configure:20076: result: yes
configure:20082: checking for setuid
configure:20082: gcc -pthread -o conftest    conftest.c -lpthread -ldl  >&5
configure:20082: $? = 0
configure:20082: result: yes
configure:20088: checking for setvbuf
configure:20088: gcc -pthread -o conftest    conftest.c -lpthread -ldl  >&5
configure:20088: $? = 0
configure:20088: result: yes
configure:20094: checking for shutdown
configure:20094: gcc -pthread -o conftest    conftest.c -lpthread -ldl  >&5
configure:20094: $? = 0
configure:20094: result: yes
configure:20100: checking for sigaction
configure:20100: gcc -pthread -o conftest    conftest.c -lpthread -ldl  >&5
configure:20100: $? = 0
configure:20100: result: yes
configure:20106: checking for sigaltstack
configure:20106: gcc -pthread -o conftest    conftest.c -lpthread -ldl  >&5
configure:20106: $? = 0
configure:20106: result: yes
configure:20112: checking for sigfillset
configure:20112: gcc -pthread -o conftest    conftest.c -lpthread -ldl  >&5
configure:20112: $? = 0
configure:20112: result: yes
configure:20118: checking for siginterrupt
configure:20118: gcc -pthread -o conftest    conftest.c -lpthread -ldl  >&5
configure:20118: $? = 0
configure:20118: result: yes
configure:20124: checking for sigpending
configure:20124: gcc -pthread -o conftest    conftest.c -lpthread -ldl  >&5
configure:20124: $? = 0
configure:20124: result: yes
configure:20130: checking for sigrelse
configure:20130: gcc -pthread -o conftest    conftest.c -lpthread -ldl  >&5
configure:20130: $? = 0
configure:20130: result: yes
configure:20136: checking for sigtimedwait
configure:20136: gcc -pthread -o conftest    conftest.c -lpthread -ldl  >&5
configure:20136: $? = 0
configure:20136: result: yes
configure:20142: checking for sigwait
configure:20142: gcc -pthread -o conftest    conftest.c -lpthread -ldl  >&5
configure:20142: $? = 0
configure:20142: result: yes
configure:20148: checking for sigwaitinfo
configure:20148: gcc -pthread -o conftest    conftest.c -lpthread -ldl  >&5
configure:20148: $? = 0
configure:20148: result: yes
configure:20154: checking for snprintf
configure:20154: gcc -pthread -o conftest    conftest.c -lpthread -ldl  >&5
conftest.c:355:6: warning: conflicting types for built-in function 'snprintf'; expected 'int(char *, long unsigned int,  const char *, ...)' [-Wbuiltin-declaration-mismatch]
  355 | char snprintf (void);
      |      ^~~~~~~~
conftest.c:347:1: note: 'snprintf' is declared in header '<stdio.h>'
  346 | #include <limits.h>
  347 | #undef snprintf
configure:20154: $? = 0
configure:20154: result: yes
configure:20160: checking for splice
configure:20160: gcc -pthread -o conftest    conftest.c -lpthread -ldl  >&5
configure:20160: $? = 0
configure:20160: result: yes
configure:20166: checking for strftime
configure:20166: gcc -pthread -o conftest    conftest.c -lpthread -ldl  >&5
conftest.c:357:6: warning: conflicting types for built-in function 'strftime'; expected 'long unsigned int(char *, long unsigned int,  const char *, const void *)' [-Wbuiltin-declaration-mismatch]
  357 | char strftime (void);
      |      ^~~~~~~~
conftest.c:349:1: note: 'strftime' is declared in header '<time.h>'
  348 | #include <limits.h>
  349 | #undef strftime
configure:20166: $? = 0
configure:20166: result: yes
configure:20172: checking for strlcpy
configure:20172: gcc -pthread -o conftest    conftest.c -lpthread -ldl  >&5
/usr/bin/ld: /tmp/ccgtSXUW.o: in function `main':
conftest.c:(.text+0x9): undefined reference to `strlcpy'
collect2: error: ld returned 1 exit status
configure:20172: $? = 1
configure: failed program was:
| /* confdefs.h */
| #define _NETBSD_SOURCE 1
| #define __BSD_VISIBLE 1
| #define _DARWIN_C_SOURCE 1
| #define _PYTHONFRAMEWORK ""
| #define _XOPEN_SOURCE 700
| #define _XOPEN_SOURCE_EXTENDED 1
| #define _POSIX_C_SOURCE 200809L
| #define HAVE_STDIO_H 1
| #define HAVE_STDLIB_H 1
| #define HAVE_STRING_H 1
| #define HAVE_INTTYPES_H 1
| #define HAVE_STDINT_H 1
| #define HAVE_STRINGS_H 1
| #define HAVE_SYS_STAT_H 1
| #define HAVE_SYS_TYPES_H 1
| #define HAVE_UNISTD_H 1
| #define HAVE_WCHAR_H 1
| #define STDC_HEADERS 1
| #define _ALL_SOURCE 1
| #define _DARWIN_C_SOURCE 1
| #define _GNU_SOURCE 1
| #define _HPUX_ALT_XOPEN_SOCKET_API 1
| #define _NETBSD_SOURCE 1
| #define _OPENBSD_SOURCE 1
| #define _POSIX_PTHREAD_SEMANTICS 1
| #define __STDC_WANT_IEC_60559_ATTRIBS_EXT__ 1
| #define __STDC_WANT_IEC_60559_BFP_EXT__ 1
| #define __STDC_WANT_IEC_60559_DFP_EXT__ 1
| #define __STDC_WANT_IEC_60559_EXT__ 1
| #define __STDC_WANT_IEC_60559_FUNCS_EXT__ 1
| #define __STDC_WANT_IEC_60559_TYPES_EXT__ 1
| #define __STDC_WANT_LIB_EXT2__ 1
| #define __STDC_WANT_MATH_SPEC_FUNCS__ 1
| #define _TANDEM_SOURCE 1
| #define __EXTENSIONS__ 1
| #define _Py_STACK_GROWS_DOWN 1
| #define PY_SUPPORT_TIER 1
| #define STDC_HEADERS 1
| #define HAVE_ALLOCA_H 1
| #define HAVE_ASM_TYPES_H 1
| #define HAVE_DLFCN_H 1
| #define HAVE_ENDIAN_H 1
| #define HAVE_ERRNO_H 1
| #define HAVE_FCNTL_H 1
| #define HAVE_GRP_H 1
| #define HAVE_LANGINFO_H 1
| #define HAVE_LIBINTL_H 1
| #define HAVE_LINUX_AUXVEC_H 1
| #define HAVE_SYS_AUXV_H 1
| #define HAVE_LINUX_FS_H 1
| #define HAVE_LINUX_LIMITS_H 1
| #define HAVE_LINUX_MEMFD_H 1
| #define HAVE_LINUX_NETFILTER_IPV4_H 1
| #define HAVE_LINUX_RANDOM_H 1
| #define HAVE_LINUX_SOUNDCARD_H 1
| #define HAVE_LINUX_SCHED_H 1
| #define HAVE_LINUX_TIPC_H 1
| #define HAVE_LINUX_WAIT_H 1
| #define HAVE_NETDB_H 1
| #define HAVE_NET_ETHERNET_H 1
| #define HAVE_NETINET_IN_H 1
| #define HAVE_NETPACKET_PACKET_H 1
| #define HAVE_POLL_H 1
| #define HAVE_PTHREAD_H 1
| #define HAVE_PTY_H 1
| #define HAVE_SCHED_H 1
| #define HAVE_SETJMP_H 1
| #define HAVE_SHADOW_H 1
| #define HAVE_SIGNAL_H 1
| #define HAVE_SPAWN_H 1
| #define HAVE_SYS_EPOLL_H 1
| #define HAVE_SYS_EVENTFD_H 1
| #define HAVE_SYS_FILE_H 1
| #define HAVE_SYS_IOCTL_H 1
| #define HAVE_SYS_MMAN_H 1
| #define HAVE_SYS_PARAM_H 1
| #define HAVE_SYS_POLL_H 1
| #define HAVE_SYS_RANDOM_H 1
| #define HAVE_SYS_RESOURCE_H 1
| #define HAVE_SYS_SELECT_H 1
| #define HAVE_SYS_SENDFILE_H 1
| #define HAVE_SYS_SOCKET_H 1
| #define HAVE_SYS_SOUNDCARD_H 1
| #define HAVE_SYS_STAT_H 1
| #define HAVE_SYS_STATVFS_H 1
| #define HAVE_SYS_SYSCALL_H 1
| #define HAVE_SYS_SYSMACROS_H 1
| #define HAVE_SYS_TIME_H 1
| #define HAVE_SYS_TIMES_H 1
| #define HAVE_SYS_TIMERFD_H 1
| #define HAVE_SYS_TYPES_H 1
| #define HAVE_SYS_UIO_H 1
| #define HAVE_SYS_UN_H 1
| #define HAVE_SYS_UTSNAME_H 1
| #define HAVE_SYS_WAIT_H 1
| #define HAVE_SYS_XATTR_H 1
| #define HAVE_SYSEXITS_H 1
| #define HAVE_SYSLOG_H 1
| #define HAVE_TERMIOS_H 1
| #define HAVE_UTIME_H 1
| #define HAVE_UTMP_H 1
| #define HAVE_DIRENT_H 1
| #define MAJOR_IN_SYSMACROS 1
| #define HAVE_NET_IF_H 1
| #define HAVE_LINUX_NETLINK_H 1
| #define HAVE_LINUX_QRTR_H 1
| #define HAVE_LINUX_VM_SOCKETS_H 1
| #define HAVE_LINUX_CAN_H 1
| #define HAVE_LINUX_CAN_BCM_H 1
| #define HAVE_LINUX_CAN_J1939_H 1
| #define HAVE_LINUX_CAN_RAW_H 1
| #define HAVE_CLOCK_T 1
| #define HAVE_MAKEDEV 1
| #define HAVE_HTOLE64 1
| #define _LARGEFILE_SOURCE 1
| #define _FILE_OFFSET_BITS 64
| #if defined(SCO_DS)
| #undef _OFF_T
| #endif
| #define RETSIGTYPE void
| #define HAVE_SSIZE_T 1
| #define HAVE___UINT128_T 1
| #define HAVE_GCC_UINT128_T 1
| #define SIZEOF_INT 4
| #define SIZEOF_LONG 8
| #define ALIGNOF_LONG 8
| #define SIZEOF_LONG_LONG 8
| #define SIZEOF_VOID_P 8
| #define SIZEOF_SHORT 2
| #define SIZEOF_FLOAT 4
| #define SIZEOF_DOUBLE 8
| #define SIZEOF_FPOS_T 16
| #define SIZEOF_SIZE_T 8
| #define ALIGNOF_SIZE_T 8
| #define SIZEOF_PID_T 4
| #define SIZEOF_UINTPTR_T 8
| #define ALIGNOF_MAX_ALIGN_T 16
| #define HAVE_LONG_DOUBLE 1
| #define SIZEOF_LONG_DOUBLE 16
| #define SIZEOF__BOOL 1
| #define SIZEOF_OFF_T 8
| #define SIZEOF_TIME_T 8
| #define SIZEOF_PTHREAD_T 8
| #define SIZEOF_PTHREAD_KEY_T 4
| #define PTHREAD_KEY_T_IS_COMPATIBLE_WITH_INT 1
| #define PY_HAVE_PERF_TRAMPOLINE 1
| #define HAVE_LIBDL 1
| #define HAVE_EXECINFO_H 1
| #define HAVE_BACKTRACE 1
| #define HAVE_DLADDR1 1
| #define HAVE_LINK_H 1
| #define HAVE_BACKTRACE 1
| #define HAVE_DLADDR1 1
| #define HAVE_DLFCN_H 1
| #define HAVE_BACKTRACE 1
| #define HAVE_DLADDR1 1
| #define HAVE_UUID_H 1
| #define HAVE_UUID_GENERATE_TIME_SAFE 1
| #define HAVE_FFI_PREP_CIF_VAR 1
| #define HAVE_FFI_PREP_CLOSURE_LOC 1
| #define HAVE_FFI_CLOSURE_ALLOC 1
| #define WITH_DECIMAL_CONTEXTVAR 1
| #define HAVE_LIBSQLITE3 1
| #define HAVE_LIBSQLITE3 1
| #define HAVE_LIBSQLITE3 1
| #define HAVE_LIBSQLITE3 1
| #define HAVE_LIBSQLITE3 1
| #define HAVE_LIBSQLITE3 1
| #define HAVE_LIBSQLITE3 1
| #define HAVE_LIBSQLITE3 1
| #define HAVE_LIBSQLITE3 1
| #define PY_SQLITE_HAVE_SERIALIZE 1
| #define PTHREAD_SYSTEM_SCHED_SUPPORTED 1
| #define HAVE_PTHREAD_SIGMASK 1
| #define HAVE_PTHREAD_GETCPUCLOCKID 1
| #define ENABLE_IPV6 1
| #define HAVE_LINUX_CAN_RAW_FD_FRAMES 1
| #define HAVE_LINUX_CAN_RAW_JOIN_FILTERS 1
| #define WITH_DOC_STRINGS 1
| #define HAVE_STD_ATOMIC 1
| #define HAVE_BUILTIN_ATOMIC 1
| #define WITH_MIMALLOC 1
| #define WITH_PYMALLOC 1
| #define PY_COERCE_C_LOCALE 1
| #define HAVE_DLOPEN 1
| #define HAVE_DYNAMIC_LOADING 1
| #define HAVE_ACCEPT4 1
| #define HAVE_ALARM 1
| #define HAVE_BIND_TEXTDOMAIN_CODESET 1
| #define HAVE_CHMOD 1
| #define HAVE_CHOWN 1
| #define HAVE_CLOCK 1
| #define HAVE_CONFSTR 1
| #define HAVE_COPY_FILE_RANGE 1
| #define HAVE_CTERMID 1
| #define HAVE_DLADDR 1
| #define HAVE_DUP 1
| #define HAVE_DUP3 1
| #define HAVE_EXECV 1
| #define HAVE_EXPLICIT_BZERO 1
| #define HAVE_FACCESSAT 1
| #define HAVE_FCHMOD 1
| #define HAVE_FCHMODAT 1
| #define HAVE_FCHOWN 1
| #define HAVE_FCHOWNAT 1
| #define HAVE_FDOPENDIR 1
| #define HAVE_FEXECVE 1
| #define HAVE_FORK 1
| #define HAVE_FPATHCONF 1
| #define HAVE_FSTATAT 1
| #define HAVE_FTIME 1
| #define HAVE_FTRUNCATE 1
| #define HAVE_FUTIMENS 1
| #define HAVE_FUTIMES 1
| #define HAVE_FUTIMESAT 1
| #define HAVE_GAI_STRERROR 1
| #define HAVE_GETEGID 1
| #define HAVE_GETEUID 1
| #define HAVE_GETGID 1
| #define HAVE_GETGRENT 1
| #define HAVE_GETGRGID 1
| #define HAVE_GETGRGID_R 1
| #define HAVE_GETGRNAM_R 1
| #define HAVE_GETGROUPLIST 1
| #define HAVE_GETHOSTNAME 1
| #define HAVE_GETITIMER 1
| #define HAVE_GETLOADAVG 1
| #define HAVE_GETLOGIN 1
| #define HAVE_GETLOGIN_R 1
| #define HAVE_GETPEERNAME 1
| #define HAVE_GETPGID 1
| #define HAVE_GETPID 1
| #define HAVE_GETPPID 1
| #define HAVE_GETPRIORITY 1
| #define HAVE_GETPWENT 1
| #define HAVE_GETPWNAM_R 1
| #define HAVE_GETPWUID 1
| #define HAVE_GETPWUID_R 1
| #define HAVE_GETRESGID 1
| #define HAVE_GETRESUID 1
| #define HAVE_GETRUSAGE 1
| #define HAVE_GETSID 1
| #define HAVE_GETSPENT 1
| #define HAVE_GETSPNAM 1
| #define HAVE_GETUID 1
| #define HAVE_GETWD 1
| #define HAVE_GRANTPT 1
| #define HAVE_IF_NAMEINDEX 1
| #define HAVE_INITGROUPS 1
| #define HAVE_KILL 1
| #define HAVE_KILLPG 1
| #define HAVE_LCHOWN 1
| #define HAVE_LINKAT 1
| #define HAVE_LOCKF 1
| #define HAVE_LSTAT 1
| #define HAVE_LUTIMES 1
| #define HAVE_MADVISE 1
| #define HAVE_MBRTOWC 1
| #define HAVE_MEMRCHR 1
| #define HAVE_MKDIRAT 1
| #define HAVE_MKFIFO 1
| #define HAVE_MKFIFOAT 1
| #define HAVE_MKNOD 1
| #define HAVE_MKNODAT 1
| #define HAVE_MKTIME 1
| #define HAVE_MMAP 1
| #define HAVE_MREMAP 1
| #define HAVE_NICE 1
| #define HAVE_OPENAT 1
| #define HAVE_OPENDIR 1
| #define HAVE_PATHCONF 1
| #define HAVE_PAUSE 1
| #define HAVE_PIPE 1
| #define HAVE_PIPE2 1
| #define HAVE_POLL 1
| #define HAVE_POSIX_FADVISE 1
| #define HAVE_POSIX_FALLOCATE 1
| #define HAVE_POSIX_OPENPT 1
| #define HAVE_POSIX_SPAWN 1
| #define HAVE_POSIX_SPAWNP 1
| #define HAVE_PREAD 1
| #define HAVE_PREADV 1
| #define HAVE_PREADV2 1
| #define HAVE_PROCESS_VM_READV 1
| #define HAVE_PTHREAD_CONDATTR_SETCLOCK 1
| #define HAVE_PTHREAD_KILL 1
| #define HAVE_PTHREAD_GETNAME_NP 1
| #define HAVE_PTHREAD_SETNAME_NP 1
| #define HAVE_PTHREAD_GETATTR_NP 1
| #define HAVE_PTSNAME 1
| #define HAVE_PTSNAME_R 1
| #define HAVE_PWRITE 1
| #define HAVE_PWRITEV 1
| #define HAVE_PWRITEV2 1
| #define HAVE_READLINK 1
| #define HAVE_READLINKAT 1
| #define HAVE_READV 1
| #define HAVE_REALPATH 1
| #define HAVE_RENAMEAT 1
| #define HAVE_SCHED_GET_PRIORITY_MAX 1
| #define HAVE_SCHED_RR_GET_INTERVAL 1
| #define HAVE_SCHED_SETAFFINITY 1
| #define HAVE_SCHED_SETPARAM 1
| #define HAVE_SCHED_SETSCHEDULER 1
| #define HAVE_SEM_CLOCKWAIT 1
| #define HAVE_SEM_GETVALUE 1
| #define HAVE_SEM_OPEN 1
| #define HAVE_SEM_TIMEDWAIT 1
| #define HAVE_SEM_UNLINK 1
| #define HAVE_SENDFILE 1
| #define HAVE_SETEGID 1
| #define HAVE_SETEUID 1
| #define HAVE_SETGID 1
| #define HAVE_SETHOSTNAME 1
| #define HAVE_SETITIMER 1
| #define HAVE_SETLOCALE 1
| #define HAVE_SETPGID 1
| #define HAVE_SETPGRP 1
| #define HAVE_SETPRIORITY 1
| #define HAVE_SETREGID 1
| #define HAVE_SETRESGID 1
| #define HAVE_SETRESUID 1
| #define HAVE_SETREUID 1
| #define HAVE_SETSID 1
| #define HAVE_SETUID 1
| #define HAVE_SETVBUF 1
| #define HAVE_SHUTDOWN 1
| #define HAVE_SIGACTION 1
| #define HAVE_SIGALTSTACK 1
| #define HAVE_SIGFILLSET 1
| #define HAVE_SIGINTERRUPT 1
| #define HAVE_SIGPENDING 1
| #define HAVE_SIGRELSE 1
| #define HAVE_SIGTIMEDWAIT 1
| #define HAVE_SIGWAIT 1
| #define HAVE_SIGWAITINFO 1
| #define HAVE_SNPRINTF 1
| #define HAVE_SPLICE 1
| #define HAVE_STRFTIME 1
| /* end confdefs.h.  */
| /* Define strlcpy to an innocuous variant, in case <limits.h> declares strlcpy.
|    For example, HP-UX 11i <limits.h> declares gettimeofday.  */
| #define strlcpy innocuous_strlcpy
| 
| /* System header to define __stub macros and hopefully few prototypes,
|    which can conflict with char strlcpy (void); below.  */
| 
| #include <limits.h>
| #undef strlcpy
| 
| /* Override any GCC internal prototype to avoid an error.
|    Use char because int might match the return type of a GCC
|    builtin and then its argument prototype would still apply.  */
| #ifdef __cplusplus
| extern "C"
| #endif
| char strlcpy (void);
| /* The GNU C library defines this for functions which it implements
|     to always fail with ENOSYS.  Some functions are actually named
|     something starting with __ and the normal name is an alias.  */
| #if defined __stub_strlcpy || defined __stub___strlcpy
| choke me
| #endif
| 
| int
| main (void)
| {
| return strlcpy ();
|   ;
|   return 0;
| }
configure:20172: result: no
configure:20178: checking for strsignal
configure:20178: gcc -pthread -o conftest    conftest.c -lpthread -ldl  >&5
configure:20178: $? = 0
configure:20178: result: yes
configure:20184: checking for symlinkat
configure:20184: gcc -pthread -o conftest    conftest.c -lpthread -ldl  >&5
configure:20184: $? = 0
configure:20184: result: yes
configure:20190: checking for sync
configure:20190: gcc -pthread -o conftest    conftest.c -lpthread -ldl  >&5
configure:20190: $? = 0
configure:20190: result: yes
configure:20196: checking for sysconf
configure:20196: gcc -pthread -o conftest    conftest.c -lpthread -ldl  >&5
configure:20196: $? = 0
configure:20196: result: yes
configure:20202: checking for tcgetpgrp
configure:20202: gcc -pthread -o conftest    conftest.c -lpthread -ldl  >&5
configure:20202: $? = 0
configure:20202: result: yes
configure:20208: checking for tcsetpgrp
configure:20208: gcc -pthread -o conftest    conftest.c -lpthread -ldl  >&5
configure:20208: $? = 0
configure:20208: result: yes
configure:20214: checking for tempnam
configure:20214: gcc -pthread -o conftest    conftest.c -lpthread -ldl  >&5
/usr/bin/ld: /tmp/ccZ6oOIw.o: in function `main':
conftest.c:(.text+0x9): warning: the use of `tempnam' is dangerous, better use `mkstemp'
configure:20214: $? = 0
configure:20214: result: yes
configure:20220: checking for timegm
configure:20220: gcc -pthread -o conftest    conftest.c -lpthread -ldl  >&5
configure:20220: $? = 0
configure:20220: result: yes
configure:20226: checking for times
configure:20226: gcc -pthread -o conftest    conftest.c -lpthread -ldl  >&5
configure:20226: $? = 0
configure:20226: result: yes
configure:20232: checking for tmpfile
configure:20232: gcc -pthread -o conftest    conftest.c -lpthread -ldl  >&5
configure:20232: $? = 0
configure:20232: result: yes
configure:20238: checking for tmpnam
configure:20238: gcc -pthread -o conftest    conftest.c -lpthread -ldl  >&5
/usr/bin/ld: /tmp/ccMyKstL.o: in function `main':
conftest.c:(.text+0x9): warning: the use of `tmpnam' is dangerous, better use `mkstemp'
configure:20238: $? = 0
configure:20238: result: yes
configure:20244: checking for tmpnam_r
configure:20244: gcc -pthread -o conftest    conftest.c -lpthread -ldl  >&5
/usr/bin/ld: /tmp/ccyBy5xL.o: in function `main':
conftest.c:(.text+0x9): warning: the use of `tmpnam_r' is dangerous, better use `mkstemp'
configure:20244: $? = 0
configure:20244: result: yes
configure:20250: checking for truncate
configure:20250: gcc -pthread -o conftest    conftest.c -lpthread -ldl  >&5
configure:20250: $? = 0
configure:20250: result: yes
configure:20256: checking for ttyname_r
configure:20256: gcc -pthread -o conftest    conftest.c -lpthread -ldl  >&5
configure:20256: $? = 0
configure:20256: result: yes
configure:20262: checking for umask
configure:20262: gcc -pthread -o conftest    conftest.c -lpthread -ldl  >&5
configure:20262: $? = 0
configure:20262: result: yes
configure:20268: checking for uname
configure:20268: gcc -pthread -o conftest    conftest.c -lpthread -ldl  >&5
configure:20268: $? = 0
configure:20268: result: yes
configure:20274: checking for unlinkat
configure:20274: gcc -pthread -o conftest    conftest.c -lpthread -ldl  >&5
configure:20274: $? = 0
configure:20274: result: yes
configure:20280: checking for unlockpt
configure:20280: gcc -pthread -o conftest    conftest.c -lpthread -ldl  >&5
configure:20280: $? = 0
configure:20280: result: yes
configure:20286: checking for utimensat
configure:20286: gcc -pthread -o conftest    conftest.c -lpthread -ldl  >&5
configure:20286: $? = 0
configure:20286: result: yes
configure:20292: checking for utimes
configure:20292: gcc -pthread -o conftest    conftest.c -lpthread -ldl  >&5
configure:20292: $? = 0
configure:20292: result: yes
configure:20298: checking for vfork
configure:20298: gcc -pthread -o conftest    conftest.c -lpthread -ldl  >&5
configure:20298: $? = 0
configure:20298: result: yes
configure:20304: checking for wait
configure:20304: gcc -pthread -o conftest    conftest.c -lpthread -ldl  >&5
configure:20304: $? = 0
configure:20304: result: yes
configure:20310: checking for wait3
configure:20310: gcc -pthread -o conftest    conftest.c -lpthread -ldl  >&5
configure:20310: $? = 0
configure:20310: result: yes
configure:20316: checking for wait4
configure:20316: gcc -pthread -o conftest    conftest.c -lpthread -ldl  >&5
configure:20316: $? = 0
configure:20316: result: yes
configure:20322: checking for waitid
configure:20322: gcc -pthread -o conftest    conftest.c -lpthread -ldl  >&5
configure:20322: $? = 0
configure:20322: result: yes
configure:20328: checking for waitpid
configure:20328: gcc -pthread -o conftest    conftest.c -lpthread -ldl  >&5
configure:20328: $? = 0
configure:20328: result: yes
configure:20334: checking for wcscoll
configure:20334: gcc -pthread -o conftest    conftest.c -lpthread -ldl  >&5
configure:20334: $? = 0
configure:20334: result: yes
configure:20340: checking for wcsftime
configure:20340: gcc -pthread -o conftest    conftest.c -lpthread -ldl  >&5
configure:20340: $? = 0
configure:20340: result: yes
configure:20346: checking for wcsxfrm
configure:20346: gcc -pthread -o conftest    conftest.c -lpthread -ldl  >&5
configure:20346: $? = 0
configure:20346: result: yes
configure:20352: checking for wmemcmp
configure:20352: gcc -pthread -o conftest    conftest.c -lpthread -ldl  >&5
configure:20352: $? = 0
configure:20352: result: yes
configure:20358: checking for writev
configure:20358: gcc -pthread -o conftest    conftest.c -lpthread -ldl  >&5
configure:20358: $? = 0
configure:20358: result: yes
configure:20384: checking for getentropy
configure:20384: gcc -pthread -o conftest    conftest.c -lpthread -ldl  >&5
configure:20384: $? = 0
configure:20384: result: yes
configure:20390: checking for getgroups
configure:20390: gcc -pthread -o conftest    conftest.c -lpthread -ldl  >&5
configure:20390: $? = 0
configure:20390: result: yes
configure:20396: checking for system
configure:20396: gcc -pthread -o conftest    conftest.c -lpthread -ldl  >&5
configure:20396: $? = 0
configure:20396: result: yes
configure:20405: checking for gcc -pthread options needed to detect all undeclared functions
configure:20427: gcc -pthread -c    conftest.c >&5
conftest.c: In function 'main':
conftest.c:380:8: error: 'strchr' undeclared (first use in this function)
  380 | (void) strchr;
      |        ^~~~~~
conftest.c:1:1: note: 'strchr' is defined in header '<string.h>'; did you forget to '#include <string.h>'?
    1 | /* confdefs.h */
conftest.c:380:8: note: each undeclared identifier is reported only once for each function it appears in
  380 | (void) strchr;
      |        ^~~~~~
configure:20427: $? = 1
configure: failed program was:
| /* confdefs.h */
| #define _NETBSD_SOURCE 1
| #define __BSD_VISIBLE 1
| #define _DARWIN_C_SOURCE 1
| #define _PYTHONFRAMEWORK ""
| #define _XOPEN_SOURCE 700
| #define _XOPEN_SOURCE_EXTENDED 1
| #define _POSIX_C_SOURCE 200809L
| #define HAVE_STDIO_H 1
| #define HAVE_STDLIB_H 1
| #define HAVE_STRING_H 1
| #define HAVE_INTTYPES_H 1
| #define HAVE_STDINT_H 1
| #define HAVE_STRINGS_H 1
| #define HAVE_SYS_STAT_H 1
| #define HAVE_SYS_TYPES_H 1
| #define HAVE_UNISTD_H 1
| #define HAVE_WCHAR_H 1
| #define STDC_HEADERS 1
| #define _ALL_SOURCE 1
| #define _DARWIN_C_SOURCE 1
| #define _GNU_SOURCE 1
| #define _HPUX_ALT_XOPEN_SOCKET_API 1
| #define _NETBSD_SOURCE 1
| #define _OPENBSD_SOURCE 1
| #define _POSIX_PTHREAD_SEMANTICS 1
| #define __STDC_WANT_IEC_60559_ATTRIBS_EXT__ 1
| #define __STDC_WANT_IEC_60559_BFP_EXT__ 1
| #define __STDC_WANT_IEC_60559_DFP_EXT__ 1
| #define __STDC_WANT_IEC_60559_EXT__ 1
| #define __STDC_WANT_IEC_60559_FUNCS_EXT__ 1
| #define __STDC_WANT_IEC_60559_TYPES_EXT__ 1
| #define __STDC_WANT_LIB_EXT2__ 1
| #define __STDC_WANT_MATH_SPEC_FUNCS__ 1
| #define _TANDEM_SOURCE 1
| #define __EXTENSIONS__ 1
| #define _Py_STACK_GROWS_DOWN 1
| #define PY_SUPPORT_TIER 1
| #define STDC_HEADERS 1
| #define HAVE_ALLOCA_H 1
| #define HAVE_ASM_TYPES_H 1
| #define HAVE_DLFCN_H 1
| #define HAVE_ENDIAN_H 1
| #define HAVE_ERRNO_H 1
| #define HAVE_FCNTL_H 1
| #define HAVE_GRP_H 1
| #define HAVE_LANGINFO_H 1
| #define HAVE_LIBINTL_H 1
| #define HAVE_LINUX_AUXVEC_H 1
| #define HAVE_SYS_AUXV_H 1
| #define HAVE_LINUX_FS_H 1
| #define HAVE_LINUX_LIMITS_H 1
| #define HAVE_LINUX_MEMFD_H 1
| #define HAVE_LINUX_NETFILTER_IPV4_H 1
| #define HAVE_LINUX_RANDOM_H 1
| #define HAVE_LINUX_SOUNDCARD_H 1
| #define HAVE_LINUX_SCHED_H 1
| #define HAVE_LINUX_TIPC_H 1
| #define HAVE_LINUX_WAIT_H 1
| #define HAVE_NETDB_H 1
| #define HAVE_NET_ETHERNET_H 1
| #define HAVE_NETINET_IN_H 1
| #define HAVE_NETPACKET_PACKET_H 1
| #define HAVE_POLL_H 1
| #define HAVE_PTHREAD_H 1
| #define HAVE_PTY_H 1
| #define HAVE_SCHED_H 1
| #define HAVE_SETJMP_H 1
| #define HAVE_SHADOW_H 1
| #define HAVE_SIGNAL_H 1
| #define HAVE_SPAWN_H 1
| #define HAVE_SYS_EPOLL_H 1
| #define HAVE_SYS_EVENTFD_H 1
| #define HAVE_SYS_FILE_H 1
| #define HAVE_SYS_IOCTL_H 1
| #define HAVE_SYS_MMAN_H 1
| #define HAVE_SYS_PARAM_H 1
| #define HAVE_SYS_POLL_H 1
| #define HAVE_SYS_RANDOM_H 1
| #define HAVE_SYS_RESOURCE_H 1
| #define HAVE_SYS_SELECT_H 1
| #define HAVE_SYS_SENDFILE_H 1
| #define HAVE_SYS_SOCKET_H 1
| #define HAVE_SYS_SOUNDCARD_H 1
| #define HAVE_SYS_STAT_H 1
| #define HAVE_SYS_STATVFS_H 1
| #define HAVE_SYS_SYSCALL_H 1
| #define HAVE_SYS_SYSMACROS_H 1
| #define HAVE_SYS_TIME_H 1
| #define HAVE_SYS_TIMES_H 1
| #define HAVE_SYS_TIMERFD_H 1
| #define HAVE_SYS_TYPES_H 1
| #define HAVE_SYS_UIO_H 1
| #define HAVE_SYS_UN_H 1
| #define HAVE_SYS_UTSNAME_H 1
| #define HAVE_SYS_WAIT_H 1
| #define HAVE_SYS_XATTR_H 1
| #define HAVE_SYSEXITS_H 1
| #define HAVE_SYSLOG_H 1
| #define HAVE_TERMIOS_H 1
| #define HAVE_UTIME_H 1
| #define HAVE_UTMP_H 1
| #define HAVE_DIRENT_H 1
| #define MAJOR_IN_SYSMACROS 1
| #define HAVE_NET_IF_H 1
| #define HAVE_LINUX_NETLINK_H 1
| #define HAVE_LINUX_QRTR_H 1
| #define HAVE_LINUX_VM_SOCKETS_H 1
| #define HAVE_LINUX_CAN_H 1
| #define HAVE_LINUX_CAN_BCM_H 1
| #define HAVE_LINUX_CAN_J1939_H 1
| #define HAVE_LINUX_CAN_RAW_H 1
| #define HAVE_CLOCK_T 1
| #define HAVE_MAKEDEV 1
| #define HAVE_HTOLE64 1
| #define _LARGEFILE_SOURCE 1
| #define _FILE_OFFSET_BITS 64
| #if defined(SCO_DS)
| #undef _OFF_T
| #endif
| #define RETSIGTYPE void
| #define HAVE_SSIZE_T 1
| #define HAVE___UINT128_T 1
| #define HAVE_GCC_UINT128_T 1
| #define SIZEOF_INT 4
| #define SIZEOF_LONG 8
| #define ALIGNOF_LONG 8
| #define SIZEOF_LONG_LONG 8
| #define SIZEOF_VOID_P 8
| #define SIZEOF_SHORT 2
| #define SIZEOF_FLOAT 4
| #define SIZEOF_DOUBLE 8
| #define SIZEOF_FPOS_T 16
| #define SIZEOF_SIZE_T 8
| #define ALIGNOF_SIZE_T 8
| #define SIZEOF_PID_T 4
| #define SIZEOF_UINTPTR_T 8
| #define ALIGNOF_MAX_ALIGN_T 16
| #define HAVE_LONG_DOUBLE 1
| #define SIZEOF_LONG_DOUBLE 16
| #define SIZEOF__BOOL 1
| #define SIZEOF_OFF_T 8
| #define SIZEOF_TIME_T 8
| #define SIZEOF_PTHREAD_T 8
| #define SIZEOF_PTHREAD_KEY_T 4
| #define PTHREAD_KEY_T_IS_COMPATIBLE_WITH_INT 1
| #define PY_HAVE_PERF_TRAMPOLINE 1
| #define HAVE_LIBDL 1
| #define HAVE_EXECINFO_H 1
| #define HAVE_BACKTRACE 1
| #define HAVE_DLADDR1 1
| #define HAVE_LINK_H 1
| #define HAVE_BACKTRACE 1
| #define HAVE_DLADDR1 1
| #define HAVE_DLFCN_H 1
| #define HAVE_BACKTRACE 1
| #define HAVE_DLADDR1 1
| #define HAVE_UUID_H 1
| #define HAVE_UUID_GENERATE_TIME_SAFE 1
| #define HAVE_FFI_PREP_CIF_VAR 1
| #define HAVE_FFI_PREP_CLOSURE_LOC 1
| #define HAVE_FFI_CLOSURE_ALLOC 1
| #define WITH_DECIMAL_CONTEXTVAR 1
| #define HAVE_LIBSQLITE3 1
| #define HAVE_LIBSQLITE3 1
| #define HAVE_LIBSQLITE3 1
| #define HAVE_LIBSQLITE3 1
| #define HAVE_LIBSQLITE3 1
| #define HAVE_LIBSQLITE3 1
| #define HAVE_LIBSQLITE3 1
| #define HAVE_LIBSQLITE3 1
| #define HAVE_LIBSQLITE3 1
| #define PY_SQLITE_HAVE_SERIALIZE 1
| #define PTHREAD_SYSTEM_SCHED_SUPPORTED 1
| #define HAVE_PTHREAD_SIGMASK 1
| #define HAVE_PTHREAD_GETCPUCLOCKID 1
| #define ENABLE_IPV6 1
| #define HAVE_LINUX_CAN_RAW_FD_FRAMES 1
| #define HAVE_LINUX_CAN_RAW_JOIN_FILTERS 1
| #define WITH_DOC_STRINGS 1
| #define HAVE_STD_ATOMIC 1
| #define HAVE_BUILTIN_ATOMIC 1
| #define WITH_MIMALLOC 1
| #define WITH_PYMALLOC 1
| #define PY_COERCE_C_LOCALE 1
| #define HAVE_DLOPEN 1
| #define HAVE_DYNAMIC_LOADING 1
| #define HAVE_ACCEPT4 1
| #define HAVE_ALARM 1
| #define HAVE_BIND_TEXTDOMAIN_CODESET 1
| #define HAVE_CHMOD 1
| #define HAVE_CHOWN 1
| #define HAVE_CLOCK 1
| #define HAVE_CONFSTR 1
| #define HAVE_COPY_FILE_RANGE 1
| #define HAVE_CTERMID 1
| #define HAVE_DLADDR 1
| #define HAVE_DUP 1
| #define HAVE_DUP3 1
| #define HAVE_EXECV 1
| #define HAVE_EXPLICIT_BZERO 1
| #define HAVE_FACCESSAT 1
| #define HAVE_FCHMOD 1
| #define HAVE_FCHMODAT 1
| #define HAVE_FCHOWN 1
| #define HAVE_FCHOWNAT 1
| #define HAVE_FDOPENDIR 1
| #define HAVE_FEXECVE 1
| #define HAVE_FORK 1
| #define HAVE_FPATHCONF 1
| #define HAVE_FSTATAT 1
| #define HAVE_FTIME 1
| #define HAVE_FTRUNCATE 1
| #define HAVE_FUTIMENS 1
| #define HAVE_FUTIMES 1
| #define HAVE_FUTIMESAT 1
| #define HAVE_GAI_STRERROR 1
| #define HAVE_GETEGID 1
| #define HAVE_GETEUID 1
| #define HAVE_GETGID 1
| #define HAVE_GETGRENT 1
| #define HAVE_GETGRGID 1
| #define HAVE_GETGRGID_R 1
| #define HAVE_GETGRNAM_R 1
| #define HAVE_GETGROUPLIST 1
| #define HAVE_GETHOSTNAME 1
| #define HAVE_GETITIMER 1
| #define HAVE_GETLOADAVG 1
| #define HAVE_GETLOGIN 1
| #define HAVE_GETLOGIN_R 1
| #define HAVE_GETPEERNAME 1
| #define HAVE_GETPGID 1
| #define HAVE_GETPID 1
| #define HAVE_GETPPID 1
| #define HAVE_GETPRIORITY 1
| #define HAVE_GETPWENT 1
| #define HAVE_GETPWNAM_R 1
| #define HAVE_GETPWUID 1
| #define HAVE_GETPWUID_R 1
| #define HAVE_GETRESGID 1
| #define HAVE_GETRESUID 1
| #define HAVE_GETRUSAGE 1
| #define HAVE_GETSID 1
| #define HAVE_GETSPENT 1
| #define HAVE_GETSPNAM 1
| #define HAVE_GETUID 1
| #define HAVE_GETWD 1
| #define HAVE_GRANTPT 1
| #define HAVE_IF_NAMEINDEX 1
| #define HAVE_INITGROUPS 1
| #define HAVE_KILL 1
| #define HAVE_KILLPG 1
| #define HAVE_LCHOWN 1
| #define HAVE_LINKAT 1
| #define HAVE_LOCKF 1
| #define HAVE_LSTAT 1
| #define HAVE_LUTIMES 1
| #define HAVE_MADVISE 1
| #define HAVE_MBRTOWC 1
| #define HAVE_MEMRCHR 1
| #define HAVE_MKDIRAT 1
| #define HAVE_MKFIFO 1
| #define HAVE_MKFIFOAT 1
| #define HAVE_MKNOD 1
| #define HAVE_MKNODAT 1
| #define HAVE_MKTIME 1
| #define HAVE_MMAP 1
| #define HAVE_MREMAP 1
| #define HAVE_NICE 1
| #define HAVE_OPENAT 1
| #define HAVE_OPENDIR 1
| #define HAVE_PATHCONF 1
| #define HAVE_PAUSE 1
| #define HAVE_PIPE 1
| #define HAVE_PIPE2 1
| #define HAVE_POLL 1
| #define HAVE_POSIX_FADVISE 1
| #define HAVE_POSIX_FALLOCATE 1
| #define HAVE_POSIX_OPENPT 1
| #define HAVE_POSIX_SPAWN 1
| #define HAVE_POSIX_SPAWNP 1
| #define HAVE_PREAD 1
| #define HAVE_PREADV 1
| #define HAVE_PREADV2 1
| #define HAVE_PROCESS_VM_READV 1
| #define HAVE_PTHREAD_CONDATTR_SETCLOCK 1
| #define HAVE_PTHREAD_KILL 1
| #define HAVE_PTHREAD_GETNAME_NP 1
| #define HAVE_PTHREAD_SETNAME_NP 1
| #define HAVE_PTHREAD_GETATTR_NP 1
| #define HAVE_PTSNAME 1
| #define HAVE_PTSNAME_R 1
| #define HAVE_PWRITE 1
| #define HAVE_PWRITEV 1
| #define HAVE_PWRITEV2 1
| #define HAVE_READLINK 1
| #define HAVE_READLINKAT 1
| #define HAVE_READV 1
| #define HAVE_REALPATH 1
| #define HAVE_RENAMEAT 1
| #define HAVE_SCHED_GET_PRIORITY_MAX 1
| #define HAVE_SCHED_RR_GET_INTERVAL 1
| #define HAVE_SCHED_SETAFFINITY 1
| #define HAVE_SCHED_SETPARAM 1
| #define HAVE_SCHED_SETSCHEDULER 1
| #define HAVE_SEM_CLOCKWAIT 1
| #define HAVE_SEM_GETVALUE 1
| #define HAVE_SEM_OPEN 1
| #define HAVE_SEM_TIMEDWAIT 1
| #define HAVE_SEM_UNLINK 1
| #define HAVE_SENDFILE 1
| #define HAVE_SETEGID 1
| #define HAVE_SETEUID 1
| #define HAVE_SETGID 1
| #define HAVE_SETHOSTNAME 1
| #define HAVE_SETITIMER 1
| #define HAVE_SETLOCALE 1
| #define HAVE_SETPGID 1
| #define HAVE_SETPGRP 1
| #define HAVE_SETPRIORITY 1
| #define HAVE_SETREGID 1
| #define HAVE_SETRESGID 1
| #define HAVE_SETRESUID 1
| #define HAVE_SETREUID 1
| #define HAVE_SETSID 1
| #define HAVE_SETUID 1
| #define HAVE_SETVBUF 1
| #define HAVE_SHUTDOWN 1
| #define HAVE_SIGACTION 1
| #define HAVE_SIGALTSTACK 1
| #define HAVE_SIGFILLSET 1
| #define HAVE_SIGINTERRUPT 1
| #define HAVE_SIGPENDING 1
| #define HAVE_SIGRELSE 1
| #define HAVE_SIGTIMEDWAIT 1
| #define HAVE_SIGWAIT 1
| #define HAVE_SIGWAITINFO 1
| #define HAVE_SNPRINTF 1
| #define HAVE_SPLICE 1
| #define HAVE_STRFTIME 1
| #define HAVE_STRSIGNAL 1
| #define HAVE_SYMLINKAT 1
| #define HAVE_SYNC 1
| #define HAVE_SYSCONF 1
| #define HAVE_TCGETPGRP 1
| #define HAVE_TCSETPGRP 1
| #define HAVE_TEMPNAM 1
| #define HAVE_TIMEGM 1
| #define HAVE_TIMES 1
| #define HAVE_TMPFILE 1
| #define HAVE_TMPNAM 1
| #define HAVE_TMPNAM_R 1
| #define HAVE_TRUNCATE 1
| #define HAVE_TTYNAME_R 1
| #define HAVE_UMASK 1
| #define HAVE_UNAME 1
| #define HAVE_UNLINKAT 1
| #define HAVE_UNLOCKPT 1
| #define HAVE_UTIMENSAT 1
| #define HAVE_UTIMES 1
| #define HAVE_VFORK 1
| #define HAVE_WAIT 1
| #define HAVE_WAIT3 1
| #define HAVE_WAIT4 1
| #define HAVE_WAITID 1
| #define HAVE_WAITPID 1
| #define HAVE_WCSCOLL 1
| #define HAVE_WCSFTIME 1
| #define HAVE_WCSXFRM 1
| #define HAVE_WMEMCMP 1
| #define HAVE_WRITEV 1
| #define HAVE_GETENTROPY 1
| #define HAVE_GETGROUPS 1
| #define HAVE_SYSTEM 1
| /* end confdefs.h.  */
| 
| int
| main (void)
| {
| (void) strchr;
|   ;
|   return 0;
| }
configure:20454: gcc -pthread -c    conftest.c >&5
configure:20454: $? = 0
configure:20474: result: none needed
configure:20488: checking whether dirfd is declared
configure:20488: gcc -pthread -c    conftest.c >&5
configure:20488: $? = 0
configure:20488: result: yes
configure:20502: checking for chroot
configure:20519: gcc -pthread -c   conftest.c >&5
configure:20519: $? = 0
configure:20530: result: yes
configure:20543: checking for link
configure:20560: gcc -pthread -c   conftest.c >&5
configure:20560: $? = 0
configure:20571: result: yes
configure:20584: checking for symlink
configure:20601: gcc -pthread -c   conftest.c >&5
configure:20601: $? = 0
configure:20612: result: yes
configure:20625: checking for fchdir
configure:20642: gcc -pthread -c   conftest.c >&5
configure:20642: $? = 0
configure:20653: result: yes
configure:20666: checking for fsync
configure:20683: gcc -pthread -c   conftest.c >&5
configure:20683: $? = 0
configure:20694: result: yes
configure:20707: checking for fdatasync
configure:20724: gcc -pthread -c   conftest.c >&5
configure:20724: $? = 0
configure:20735: result: yes
configure:20748: checking for epoll_create
configure:20765: gcc -pthread -c   conftest.c >&5
configure:20765: $? = 0
configure:20776: result: yes
configure:20789: checking for epoll_create1
configure:20806: gcc -pthread -c   conftest.c >&5
configure:20806: $? = 0
configure:20817: result: yes
configure:20830: checking for kqueue
configure:20850: gcc -pthread -c   conftest.c >&5
conftest.c:387:10: fatal error: sys/event.h: No such file or directory
  387 | #include <sys/event.h>
      |          ^~~~~~~~~~~~~
compilation terminated.
configure:20850: $? = 1
configure: failed program was:
| /* confdefs.h */
| #define _NETBSD_SOURCE 1
| #define __BSD_VISIBLE 1
| #define _DARWIN_C_SOURCE 1
| #define _PYTHONFRAMEWORK ""
| #define _XOPEN_SOURCE 700
| #define _XOPEN_SOURCE_EXTENDED 1
| #define _POSIX_C_SOURCE 200809L
| #define HAVE_STDIO_H 1
| #define HAVE_STDLIB_H 1
| #define HAVE_STRING_H 1
| #define HAVE_INTTYPES_H 1
| #define HAVE_STDINT_H 1
| #define HAVE_STRINGS_H 1
| #define HAVE_SYS_STAT_H 1
| #define HAVE_SYS_TYPES_H 1
| #define HAVE_UNISTD_H 1
| #define HAVE_WCHAR_H 1
| #define STDC_HEADERS 1
| #define _ALL_SOURCE 1
| #define _DARWIN_C_SOURCE 1
| #define _GNU_SOURCE 1
| #define _HPUX_ALT_XOPEN_SOCKET_API 1
| #define _NETBSD_SOURCE 1
| #define _OPENBSD_SOURCE 1
| #define _POSIX_PTHREAD_SEMANTICS 1
| #define __STDC_WANT_IEC_60559_ATTRIBS_EXT__ 1
| #define __STDC_WANT_IEC_60559_BFP_EXT__ 1
| #define __STDC_WANT_IEC_60559_DFP_EXT__ 1
| #define __STDC_WANT_IEC_60559_EXT__ 1
| #define __STDC_WANT_IEC_60559_FUNCS_EXT__ 1
| #define __STDC_WANT_IEC_60559_TYPES_EXT__ 1
| #define __STDC_WANT_LIB_EXT2__ 1
| #define __STDC_WANT_MATH_SPEC_FUNCS__ 1
| #define _TANDEM_SOURCE 1
| #define __EXTENSIONS__ 1
| #define _Py_STACK_GROWS_DOWN 1
| #define PY_SUPPORT_TIER 1
| #define STDC_HEADERS 1
| #define HAVE_ALLOCA_H 1
| #define HAVE_ASM_TYPES_H 1
| #define HAVE_DLFCN_H 1
| #define HAVE_ENDIAN_H 1
| #define HAVE_ERRNO_H 1
| #define HAVE_FCNTL_H 1
| #define HAVE_GRP_H 1
| #define HAVE_LANGINFO_H 1
| #define HAVE_LIBINTL_H 1
| #define HAVE_LINUX_AUXVEC_H 1
| #define HAVE_SYS_AUXV_H 1
| #define HAVE_LINUX_FS_H 1
| #define HAVE_LINUX_LIMITS_H 1
| #define HAVE_LINUX_MEMFD_H 1
| #define HAVE_LINUX_NETFILTER_IPV4_H 1
| #define HAVE_LINUX_RANDOM_H 1
| #define HAVE_LINUX_SOUNDCARD_H 1
| #define HAVE_LINUX_SCHED_H 1
| #define HAVE_LINUX_TIPC_H 1
| #define HAVE_LINUX_WAIT_H 1
| #define HAVE_NETDB_H 1
| #define HAVE_NET_ETHERNET_H 1
| #define HAVE_NETINET_IN_H 1
| #define HAVE_NETPACKET_PACKET_H 1
| #define HAVE_POLL_H 1
| #define HAVE_PTHREAD_H 1
| #define HAVE_PTY_H 1
| #define HAVE_SCHED_H 1
| #define HAVE_SETJMP_H 1
| #define HAVE_SHADOW_H 1
| #define HAVE_SIGNAL_H 1
| #define HAVE_SPAWN_H 1
| #define HAVE_SYS_EPOLL_H 1
| #define HAVE_SYS_EVENTFD_H 1
| #define HAVE_SYS_FILE_H 1
| #define HAVE_SYS_IOCTL_H 1
| #define HAVE_SYS_MMAN_H 1
| #define HAVE_SYS_PARAM_H 1
| #define HAVE_SYS_POLL_H 1
| #define HAVE_SYS_RANDOM_H 1
| #define HAVE_SYS_RESOURCE_H 1
| #define HAVE_SYS_SELECT_H 1
| #define HAVE_SYS_SENDFILE_H 1
| #define HAVE_SYS_SOCKET_H 1
| #define HAVE_SYS_SOUNDCARD_H 1
| #define HAVE_SYS_STAT_H 1
| #define HAVE_SYS_STATVFS_H 1
| #define HAVE_SYS_SYSCALL_H 1
| #define HAVE_SYS_SYSMACROS_H 1
| #define HAVE_SYS_TIME_H 1
| #define HAVE_SYS_TIMES_H 1
| #define HAVE_SYS_TIMERFD_H 1
| #define HAVE_SYS_TYPES_H 1
| #define HAVE_SYS_UIO_H 1
| #define HAVE_SYS_UN_H 1
| #define HAVE_SYS_UTSNAME_H 1
| #define HAVE_SYS_WAIT_H 1
| #define HAVE_SYS_XATTR_H 1
| #define HAVE_SYSEXITS_H 1
| #define HAVE_SYSLOG_H 1
| #define HAVE_TERMIOS_H 1
| #define HAVE_UTIME_H 1
| #define HAVE_UTMP_H 1
| #define HAVE_DIRENT_H 1
| #define MAJOR_IN_SYSMACROS 1
| #define HAVE_NET_IF_H 1
| #define HAVE_LINUX_NETLINK_H 1
| #define HAVE_LINUX_QRTR_H 1
| #define HAVE_LINUX_VM_SOCKETS_H 1
| #define HAVE_LINUX_CAN_H 1
| #define HAVE_LINUX_CAN_BCM_H 1
| #define HAVE_LINUX_CAN_J1939_H 1
| #define HAVE_LINUX_CAN_RAW_H 1
| #define HAVE_CLOCK_T 1
| #define HAVE_MAKEDEV 1
| #define HAVE_HTOLE64 1
| #define _LARGEFILE_SOURCE 1
| #define _FILE_OFFSET_BITS 64
| #if defined(SCO_DS)
| #undef _OFF_T
| #endif
| #define RETSIGTYPE void
| #define HAVE_SSIZE_T 1
| #define HAVE___UINT128_T 1
| #define HAVE_GCC_UINT128_T 1
| #define SIZEOF_INT 4
| #define SIZEOF_LONG 8
| #define ALIGNOF_LONG 8
| #define SIZEOF_LONG_LONG 8
| #define SIZEOF_VOID_P 8
| #define SIZEOF_SHORT 2
| #define SIZEOF_FLOAT 4
| #define SIZEOF_DOUBLE 8
| #define SIZEOF_FPOS_T 16
| #define SIZEOF_SIZE_T 8
| #define ALIGNOF_SIZE_T 8
| #define SIZEOF_PID_T 4
| #define SIZEOF_UINTPTR_T 8
| #define ALIGNOF_MAX_ALIGN_T 16
| #define HAVE_LONG_DOUBLE 1
| #define SIZEOF_LONG_DOUBLE 16
| #define SIZEOF__BOOL 1
| #define SIZEOF_OFF_T 8
| #define SIZEOF_TIME_T 8
| #define SIZEOF_PTHREAD_T 8
| #define SIZEOF_PTHREAD_KEY_T 4
| #define PTHREAD_KEY_T_IS_COMPATIBLE_WITH_INT 1
| #define PY_HAVE_PERF_TRAMPOLINE 1
| #define HAVE_LIBDL 1
| #define HAVE_EXECINFO_H 1
| #define HAVE_BACKTRACE 1
| #define HAVE_DLADDR1 1
| #define HAVE_LINK_H 1
| #define HAVE_BACKTRACE 1
| #define HAVE_DLADDR1 1
| #define HAVE_DLFCN_H 1
| #define HAVE_BACKTRACE 1
| #define HAVE_DLADDR1 1
| #define HAVE_UUID_H 1
| #define HAVE_UUID_GENERATE_TIME_SAFE 1
| #define HAVE_FFI_PREP_CIF_VAR 1
| #define HAVE_FFI_PREP_CLOSURE_LOC 1
| #define HAVE_FFI_CLOSURE_ALLOC 1
| #define WITH_DECIMAL_CONTEXTVAR 1
| #define HAVE_LIBSQLITE3 1
| #define HAVE_LIBSQLITE3 1
| #define HAVE_LIBSQLITE3 1
| #define HAVE_LIBSQLITE3 1
| #define HAVE_LIBSQLITE3 1
| #define HAVE_LIBSQLITE3 1
| #define HAVE_LIBSQLITE3 1
| #define HAVE_LIBSQLITE3 1
| #define HAVE_LIBSQLITE3 1
| #define PY_SQLITE_HAVE_SERIALIZE 1
| #define PTHREAD_SYSTEM_SCHED_SUPPORTED 1
| #define HAVE_PTHREAD_SIGMASK 1
| #define HAVE_PTHREAD_GETCPUCLOCKID 1
| #define ENABLE_IPV6 1
| #define HAVE_LINUX_CAN_RAW_FD_FRAMES 1
| #define HAVE_LINUX_CAN_RAW_JOIN_FILTERS 1
| #define WITH_DOC_STRINGS 1
| #define HAVE_STD_ATOMIC 1
| #define HAVE_BUILTIN_ATOMIC 1
| #define WITH_MIMALLOC 1
| #define WITH_PYMALLOC 1
| #define PY_COERCE_C_LOCALE 1
| #define HAVE_DLOPEN 1
| #define HAVE_DYNAMIC_LOADING 1
| #define HAVE_ACCEPT4 1
| #define HAVE_ALARM 1
| #define HAVE_BIND_TEXTDOMAIN_CODESET 1
| #define HAVE_CHMOD 1
| #define HAVE_CHOWN 1
| #define HAVE_CLOCK 1
| #define HAVE_CONFSTR 1
| #define HAVE_COPY_FILE_RANGE 1
| #define HAVE_CTERMID 1
| #define HAVE_DLADDR 1
| #define HAVE_DUP 1
| #define HAVE_DUP3 1
| #define HAVE_EXECV 1
| #define HAVE_EXPLICIT_BZERO 1
| #define HAVE_FACCESSAT 1
| #define HAVE_FCHMOD 1
| #define HAVE_FCHMODAT 1
| #define HAVE_FCHOWN 1
| #define HAVE_FCHOWNAT 1
| #define HAVE_FDOPENDIR 1
| #define HAVE_FEXECVE 1
| #define HAVE_FORK 1
| #define HAVE_FPATHCONF 1
| #define HAVE_FSTATAT 1
| #define HAVE_FTIME 1
| #define HAVE_FTRUNCATE 1
| #define HAVE_FUTIMENS 1
| #define HAVE_FUTIMES 1
| #define HAVE_FUTIMESAT 1
| #define HAVE_GAI_STRERROR 1
| #define HAVE_GETEGID 1
| #define HAVE_GETEUID 1
| #define HAVE_GETGID 1
| #define HAVE_GETGRENT 1
| #define HAVE_GETGRGID 1
| #define HAVE_GETGRGID_R 1
| #define HAVE_GETGRNAM_R 1
| #define HAVE_GETGROUPLIST 1
| #define HAVE_GETHOSTNAME 1
| #define HAVE_GETITIMER 1
| #define HAVE_GETLOADAVG 1
| #define HAVE_GETLOGIN 1
| #define HAVE_GETLOGIN_R 1
| #define HAVE_GETPEERNAME 1
| #define HAVE_GETPGID 1
| #define HAVE_GETPID 1
| #define HAVE_GETPPID 1
| #define HAVE_GETPRIORITY 1
| #define HAVE_GETPWENT 1
| #define HAVE_GETPWNAM_R 1
| #define HAVE_GETPWUID 1
| #define HAVE_GETPWUID_R 1
| #define HAVE_GETRESGID 1
| #define HAVE_GETRESUID 1
| #define HAVE_GETRUSAGE 1
| #define HAVE_GETSID 1
| #define HAVE_GETSPENT 1
| #define HAVE_GETSPNAM 1
| #define HAVE_GETUID 1
| #define HAVE_GETWD 1
| #define HAVE_GRANTPT 1
| #define HAVE_IF_NAMEINDEX 1
| #define HAVE_INITGROUPS 1
| #define HAVE_KILL 1
| #define HAVE_KILLPG 1
| #define HAVE_LCHOWN 1
| #define HAVE_LINKAT 1
| #define HAVE_LOCKF 1
| #define HAVE_LSTAT 1
| #define HAVE_LUTIMES 1
| #define HAVE_MADVISE 1
| #define HAVE_MBRTOWC 1
| #define HAVE_MEMRCHR 1
| #define HAVE_MKDIRAT 1
| #define HAVE_MKFIFO 1
| #define HAVE_MKFIFOAT 1
| #define HAVE_MKNOD 1
| #define HAVE_MKNODAT 1
| #define HAVE_MKTIME 1
| #define HAVE_MMAP 1
| #define HAVE_MREMAP 1
| #define HAVE_NICE 1
| #define HAVE_OPENAT 1
| #define HAVE_OPENDIR 1
| #define HAVE_PATHCONF 1
| #define HAVE_PAUSE 1
| #define HAVE_PIPE 1
| #define HAVE_PIPE2 1
| #define HAVE_POLL 1
| #define HAVE_POSIX_FADVISE 1
| #define HAVE_POSIX_FALLOCATE 1
| #define HAVE_POSIX_OPENPT 1
| #define HAVE_POSIX_SPAWN 1
| #define HAVE_POSIX_SPAWNP 1
| #define HAVE_PREAD 1
| #define HAVE_PREADV 1
| #define HAVE_PREADV2 1
| #define HAVE_PROCESS_VM_READV 1
| #define HAVE_PTHREAD_CONDATTR_SETCLOCK 1
| #define HAVE_PTHREAD_KILL 1
| #define HAVE_PTHREAD_GETNAME_NP 1
| #define HAVE_PTHREAD_SETNAME_NP 1
| #define HAVE_PTHREAD_GETATTR_NP 1
| #define HAVE_PTSNAME 1
| #define HAVE_PTSNAME_R 1
| #define HAVE_PWRITE 1
| #define HAVE_PWRITEV 1
| #define HAVE_PWRITEV2 1
| #define HAVE_READLINK 1
| #define HAVE_READLINKAT 1
| #define HAVE_READV 1
| #define HAVE_REALPATH 1
| #define HAVE_RENAMEAT 1
| #define HAVE_SCHED_GET_PRIORITY_MAX 1
| #define HAVE_SCHED_RR_GET_INTERVAL 1
| #define HAVE_SCHED_SETAFFINITY 1
| #define HAVE_SCHED_SETPARAM 1
| #define HAVE_SCHED_SETSCHEDULER 1
| #define HAVE_SEM_CLOCKWAIT 1
| #define HAVE_SEM_GETVALUE 1
| #define HAVE_SEM_OPEN 1
| #define HAVE_SEM_TIMEDWAIT 1
| #define HAVE_SEM_UNLINK 1
| #define HAVE_SENDFILE 1
| #define HAVE_SETEGID 1
| #define HAVE_SETEUID 1
| #define HAVE_SETGID 1
| #define HAVE_SETHOSTNAME 1
| #define HAVE_SETITIMER 1
| #define HAVE_SETLOCALE 1
| #define HAVE_SETPGID 1
| #define HAVE_SETPGRP 1
| #define HAVE_SETPRIORITY 1
| #define HAVE_SETREGID 1
| #define HAVE_SETRESGID 1
| #define HAVE_SETRESUID 1
| #define HAVE_SETREUID 1
| #define HAVE_SETSID 1
| #define HAVE_SETUID 1
| #define HAVE_SETVBUF 1
| #define HAVE_SHUTDOWN 1
| #define HAVE_SIGACTION 1
| #define HAVE_SIGALTSTACK 1
| #define HAVE_SIGFILLSET 1
| #define HAVE_SIGINTERRUPT 1
| #define HAVE_SIGPENDING 1
| #define HAVE_SIGRELSE 1
| #define HAVE_SIGTIMEDWAIT 1
| #define HAVE_SIGWAIT 1
| #define HAVE_SIGWAITINFO 1
| #define HAVE_SNPRINTF 1
| #define HAVE_SPLICE 1
| #define HAVE_STRFTIME 1
| #define HAVE_STRSIGNAL 1
| #define HAVE_SYMLINKAT 1
| #define HAVE_SYNC 1
| #define HAVE_SYSCONF 1
| #define HAVE_TCGETPGRP 1
| #define HAVE_TCSETPGRP 1
| #define HAVE_TEMPNAM 1
| #define HAVE_TIMEGM 1
| #define HAVE_TIMES 1
| #define HAVE_TMPFILE 1
| #define HAVE_TMPNAM 1
| #define HAVE_TMPNAM_R 1
| #define HAVE_TRUNCATE 1
| #define HAVE_TTYNAME_R 1
| #define HAVE_UMASK 1
| #define HAVE_UNAME 1
| #define HAVE_UNLINKAT 1
| #define HAVE_UNLOCKPT 1
| #define HAVE_UTIMENSAT 1
| #define HAVE_UTIMES 1
| #define HAVE_VFORK 1
| #define HAVE_WAIT 1
| #define HAVE_WAIT3 1
| #define HAVE_WAIT4 1
| #define HAVE_WAITID 1
| #define HAVE_WAITPID 1
| #define HAVE_WCSCOLL 1
| #define HAVE_WCSFTIME 1
| #define HAVE_WCSXFRM 1
| #define HAVE_WMEMCMP 1
| #define HAVE_WRITEV 1
| #define HAVE_GETENTROPY 1
| #define HAVE_GETGROUPS 1
| #define HAVE_SYSTEM 1
| #define HAVE_DIRFD 1
| #define HAVE_CHROOT 1
| #define HAVE_LINK 1
| #define HAVE_SYMLINK 1
| #define HAVE_FCHDIR 1
| #define HAVE_FSYNC 1
| #define HAVE_FDATASYNC 1
| #define HAVE_EPOLL 1
| #define HAVE_EPOLL_CREATE1 1
| /* end confdefs.h.  */
| 
| #include <sys/types.h>
| #include <sys/event.h>
| 
| int
| main (void)
| {
| void *x=kqueue
|   ;
|   return 0;
| }
configure:20861: result: no
configure:20874: checking for prlimit
configure:20894: gcc -pthread -c   conftest.c >&5
configure:20894: $? = 0
configure:20905: result: yes
configure:20919: checking for _dyld_shared_cache_contains_path
configure:20936: gcc -pthread -c   conftest.c >&5
conftest.c:386:10: fatal error: mach-o/dyld.h: No such file or directory
  386 | #include <mach-o/dyld.h>
      |          ^~~~~~~~~~~~~~~
compilation terminated.
configure:20936: $? = 1
configure: failed program was:
| /* confdefs.h */
| #define _NETBSD_SOURCE 1
| #define __BSD_VISIBLE 1
| #define _DARWIN_C_SOURCE 1
| #define _PYTHONFRAMEWORK ""
| #define _XOPEN_SOURCE 700
| #define _XOPEN_SOURCE_EXTENDED 1
| #define _POSIX_C_SOURCE 200809L
| #define HAVE_STDIO_H 1
| #define HAVE_STDLIB_H 1
| #define HAVE_STRING_H 1
| #define HAVE_INTTYPES_H 1
| #define HAVE_STDINT_H 1
| #define HAVE_STRINGS_H 1
| #define HAVE_SYS_STAT_H 1
| #define HAVE_SYS_TYPES_H 1
| #define HAVE_UNISTD_H 1
| #define HAVE_WCHAR_H 1
| #define STDC_HEADERS 1
| #define _ALL_SOURCE 1
| #define _DARWIN_C_SOURCE 1
| #define _GNU_SOURCE 1
| #define _HPUX_ALT_XOPEN_SOCKET_API 1
| #define _NETBSD_SOURCE 1
| #define _OPENBSD_SOURCE 1
| #define _POSIX_PTHREAD_SEMANTICS 1
| #define __STDC_WANT_IEC_60559_ATTRIBS_EXT__ 1
| #define __STDC_WANT_IEC_60559_BFP_EXT__ 1
| #define __STDC_WANT_IEC_60559_DFP_EXT__ 1
| #define __STDC_WANT_IEC_60559_EXT__ 1
| #define __STDC_WANT_IEC_60559_FUNCS_EXT__ 1
| #define __STDC_WANT_IEC_60559_TYPES_EXT__ 1
| #define __STDC_WANT_LIB_EXT2__ 1
| #define __STDC_WANT_MATH_SPEC_FUNCS__ 1
| #define _TANDEM_SOURCE 1
| #define __EXTENSIONS__ 1
| #define _Py_STACK_GROWS_DOWN 1
| #define PY_SUPPORT_TIER 1
| #define STDC_HEADERS 1
| #define HAVE_ALLOCA_H 1
| #define HAVE_ASM_TYPES_H 1
| #define HAVE_DLFCN_H 1
| #define HAVE_ENDIAN_H 1
| #define HAVE_ERRNO_H 1
| #define HAVE_FCNTL_H 1
| #define HAVE_GRP_H 1
| #define HAVE_LANGINFO_H 1
| #define HAVE_LIBINTL_H 1
| #define HAVE_LINUX_AUXVEC_H 1
| #define HAVE_SYS_AUXV_H 1
| #define HAVE_LINUX_FS_H 1
| #define HAVE_LINUX_LIMITS_H 1
| #define HAVE_LINUX_MEMFD_H 1
| #define HAVE_LINUX_NETFILTER_IPV4_H 1
| #define HAVE_LINUX_RANDOM_H 1
| #define HAVE_LINUX_SOUNDCARD_H 1
| #define HAVE_LINUX_SCHED_H 1
| #define HAVE_LINUX_TIPC_H 1
| #define HAVE_LINUX_WAIT_H 1
| #define HAVE_NETDB_H 1
| #define HAVE_NET_ETHERNET_H 1
| #define HAVE_NETINET_IN_H 1
| #define HAVE_NETPACKET_PACKET_H 1
| #define HAVE_POLL_H 1
| #define HAVE_PTHREAD_H 1
| #define HAVE_PTY_H 1
| #define HAVE_SCHED_H 1
| #define HAVE_SETJMP_H 1
| #define HAVE_SHADOW_H 1
| #define HAVE_SIGNAL_H 1
| #define HAVE_SPAWN_H 1
| #define HAVE_SYS_EPOLL_H 1
| #define HAVE_SYS_EVENTFD_H 1
| #define HAVE_SYS_FILE_H 1
| #define HAVE_SYS_IOCTL_H 1
| #define HAVE_SYS_MMAN_H 1
| #define HAVE_SYS_PARAM_H 1
| #define HAVE_SYS_POLL_H 1
| #define HAVE_SYS_RANDOM_H 1
| #define HAVE_SYS_RESOURCE_H 1
| #define HAVE_SYS_SELECT_H 1
| #define HAVE_SYS_SENDFILE_H 1
| #define HAVE_SYS_SOCKET_H 1
| #define HAVE_SYS_SOUNDCARD_H 1
| #define HAVE_SYS_STAT_H 1
| #define HAVE_SYS_STATVFS_H 1
| #define HAVE_SYS_SYSCALL_H 1
| #define HAVE_SYS_SYSMACROS_H 1
| #define HAVE_SYS_TIME_H 1
| #define HAVE_SYS_TIMES_H 1
| #define HAVE_SYS_TIMERFD_H 1
| #define HAVE_SYS_TYPES_H 1
| #define HAVE_SYS_UIO_H 1
| #define HAVE_SYS_UN_H 1
| #define HAVE_SYS_UTSNAME_H 1
| #define HAVE_SYS_WAIT_H 1
| #define HAVE_SYS_XATTR_H 1
| #define HAVE_SYSEXITS_H 1
| #define HAVE_SYSLOG_H 1
| #define HAVE_TERMIOS_H 1
| #define HAVE_UTIME_H 1
| #define HAVE_UTMP_H 1
| #define HAVE_DIRENT_H 1
| #define MAJOR_IN_SYSMACROS 1
| #define HAVE_NET_IF_H 1
| #define HAVE_LINUX_NETLINK_H 1
| #define HAVE_LINUX_QRTR_H 1
| #define HAVE_LINUX_VM_SOCKETS_H 1
| #define HAVE_LINUX_CAN_H 1
| #define HAVE_LINUX_CAN_BCM_H 1
| #define HAVE_LINUX_CAN_J1939_H 1
| #define HAVE_LINUX_CAN_RAW_H 1
| #define HAVE_CLOCK_T 1
| #define HAVE_MAKEDEV 1
| #define HAVE_HTOLE64 1
| #define _LARGEFILE_SOURCE 1
| #define _FILE_OFFSET_BITS 64
| #if defined(SCO_DS)
| #undef _OFF_T
| #endif
| #define RETSIGTYPE void
| #define HAVE_SSIZE_T 1
| #define HAVE___UINT128_T 1
| #define HAVE_GCC_UINT128_T 1
| #define SIZEOF_INT 4
| #define SIZEOF_LONG 8
| #define ALIGNOF_LONG 8
| #define SIZEOF_LONG_LONG 8
| #define SIZEOF_VOID_P 8
| #define SIZEOF_SHORT 2
| #define SIZEOF_FLOAT 4
| #define SIZEOF_DOUBLE 8
| #define SIZEOF_FPOS_T 16
| #define SIZEOF_SIZE_T 8
| #define ALIGNOF_SIZE_T 8
| #define SIZEOF_PID_T 4
| #define SIZEOF_UINTPTR_T 8
| #define ALIGNOF_MAX_ALIGN_T 16
| #define HAVE_LONG_DOUBLE 1
| #define SIZEOF_LONG_DOUBLE 16
| #define SIZEOF__BOOL 1
| #define SIZEOF_OFF_T 8
| #define SIZEOF_TIME_T 8
| #define SIZEOF_PTHREAD_T 8
| #define SIZEOF_PTHREAD_KEY_T 4
| #define PTHREAD_KEY_T_IS_COMPATIBLE_WITH_INT 1
| #define PY_HAVE_PERF_TRAMPOLINE 1
| #define HAVE_LIBDL 1
| #define HAVE_EXECINFO_H 1
| #define HAVE_BACKTRACE 1
| #define HAVE_DLADDR1 1
| #define HAVE_LINK_H 1
| #define HAVE_BACKTRACE 1
| #define HAVE_DLADDR1 1
| #define HAVE_DLFCN_H 1
| #define HAVE_BACKTRACE 1
| #define HAVE_DLADDR1 1
| #define HAVE_UUID_H 1
| #define HAVE_UUID_GENERATE_TIME_SAFE 1
| #define HAVE_FFI_PREP_CIF_VAR 1
| #define HAVE_FFI_PREP_CLOSURE_LOC 1
| #define HAVE_FFI_CLOSURE_ALLOC 1
| #define WITH_DECIMAL_CONTEXTVAR 1
| #define HAVE_LIBSQLITE3 1
| #define HAVE_LIBSQLITE3 1
| #define HAVE_LIBSQLITE3 1
| #define HAVE_LIBSQLITE3 1
| #define HAVE_LIBSQLITE3 1
| #define HAVE_LIBSQLITE3 1
| #define HAVE_LIBSQLITE3 1
| #define HAVE_LIBSQLITE3 1
| #define HAVE_LIBSQLITE3 1
| #define PY_SQLITE_HAVE_SERIALIZE 1
| #define PTHREAD_SYSTEM_SCHED_SUPPORTED 1
| #define HAVE_PTHREAD_SIGMASK 1
| #define HAVE_PTHREAD_GETCPUCLOCKID 1
| #define ENABLE_IPV6 1
| #define HAVE_LINUX_CAN_RAW_FD_FRAMES 1
| #define HAVE_LINUX_CAN_RAW_JOIN_FILTERS 1
| #define WITH_DOC_STRINGS 1
| #define HAVE_STD_ATOMIC 1
| #define HAVE_BUILTIN_ATOMIC 1
| #define WITH_MIMALLOC 1
| #define WITH_PYMALLOC 1
| #define PY_COERCE_C_LOCALE 1
| #define HAVE_DLOPEN 1
| #define HAVE_DYNAMIC_LOADING 1
| #define HAVE_ACCEPT4 1
| #define HAVE_ALARM 1
| #define HAVE_BIND_TEXTDOMAIN_CODESET 1
| #define HAVE_CHMOD 1
| #define HAVE_CHOWN 1
| #define HAVE_CLOCK 1
| #define HAVE_CONFSTR 1
| #define HAVE_COPY_FILE_RANGE 1
| #define HAVE_CTERMID 1
| #define HAVE_DLADDR 1
| #define HAVE_DUP 1
| #define HAVE_DUP3 1
| #define HAVE_EXECV 1
| #define HAVE_EXPLICIT_BZERO 1
| #define HAVE_FACCESSAT 1
| #define HAVE_FCHMOD 1
| #define HAVE_FCHMODAT 1
| #define HAVE_FCHOWN 1
| #define HAVE_FCHOWNAT 1
| #define HAVE_FDOPENDIR 1
| #define HAVE_FEXECVE 1
| #define HAVE_FORK 1
| #define HAVE_FPATHCONF 1
| #define HAVE_FSTATAT 1
| #define HAVE_FTIME 1
| #define HAVE_FTRUNCATE 1
| #define HAVE_FUTIMENS 1
| #define HAVE_FUTIMES 1
| #define HAVE_FUTIMESAT 1
| #define HAVE_GAI_STRERROR 1
| #define HAVE_GETEGID 1
| #define HAVE_GETEUID 1
| #define HAVE_GETGID 1
| #define HAVE_GETGRENT 1
| #define HAVE_GETGRGID 1
| #define HAVE_GETGRGID_R 1
| #define HAVE_GETGRNAM_R 1
| #define HAVE_GETGROUPLIST 1
| #define HAVE_GETHOSTNAME 1
| #define HAVE_GETITIMER 1
| #define HAVE_GETLOADAVG 1
| #define HAVE_GETLOGIN 1
| #define HAVE_GETLOGIN_R 1
| #define HAVE_GETPEERNAME 1
| #define HAVE_GETPGID 1
| #define HAVE_GETPID 1
| #define HAVE_GETPPID 1
| #define HAVE_GETPRIORITY 1
| #define HAVE_GETPWENT 1
| #define HAVE_GETPWNAM_R 1
| #define HAVE_GETPWUID 1
| #define HAVE_GETPWUID_R 1
| #define HAVE_GETRESGID 1
| #define HAVE_GETRESUID 1
| #define HAVE_GETRUSAGE 1
| #define HAVE_GETSID 1
| #define HAVE_GETSPENT 1
| #define HAVE_GETSPNAM 1
| #define HAVE_GETUID 1
| #define HAVE_GETWD 1
| #define HAVE_GRANTPT 1
| #define HAVE_IF_NAMEINDEX 1
| #define HAVE_INITGROUPS 1
| #define HAVE_KILL 1
| #define HAVE_KILLPG 1
| #define HAVE_LCHOWN 1
| #define HAVE_LINKAT 1
| #define HAVE_LOCKF 1
| #define HAVE_LSTAT 1
| #define HAVE_LUTIMES 1
| #define HAVE_MADVISE 1
| #define HAVE_MBRTOWC 1
| #define HAVE_MEMRCHR 1
| #define HAVE_MKDIRAT 1
| #define HAVE_MKFIFO 1
| #define HAVE_MKFIFOAT 1
| #define HAVE_MKNOD 1
| #define HAVE_MKNODAT 1
| #define HAVE_MKTIME 1
| #define HAVE_MMAP 1
| #define HAVE_MREMAP 1
| #define HAVE_NICE 1
| #define HAVE_OPENAT 1
| #define HAVE_OPENDIR 1
| #define HAVE_PATHCONF 1
| #define HAVE_PAUSE 1
| #define HAVE_PIPE 1
| #define HAVE_PIPE2 1
| #define HAVE_POLL 1
| #define HAVE_POSIX_FADVISE 1
| #define HAVE_POSIX_FALLOCATE 1
| #define HAVE_POSIX_OPENPT 1
| #define HAVE_POSIX_SPAWN 1
| #define HAVE_POSIX_SPAWNP 1
| #define HAVE_PREAD 1
| #define HAVE_PREADV 1
| #define HAVE_PREADV2 1
| #define HAVE_PROCESS_VM_READV 1
| #define HAVE_PTHREAD_CONDATTR_SETCLOCK 1
| #define HAVE_PTHREAD_KILL 1
| #define HAVE_PTHREAD_GETNAME_NP 1
| #define HAVE_PTHREAD_SETNAME_NP 1
| #define HAVE_PTHREAD_GETATTR_NP 1
| #define HAVE_PTSNAME 1
| #define HAVE_PTSNAME_R 1
| #define HAVE_PWRITE 1
| #define HAVE_PWRITEV 1
| #define HAVE_PWRITEV2 1
| #define HAVE_READLINK 1
| #define HAVE_READLINKAT 1
| #define HAVE_READV 1
| #define HAVE_REALPATH 1
| #define HAVE_RENAMEAT 1
| #define HAVE_SCHED_GET_PRIORITY_MAX 1
| #define HAVE_SCHED_RR_GET_INTERVAL 1
| #define HAVE_SCHED_SETAFFINITY 1
| #define HAVE_SCHED_SETPARAM 1
| #define HAVE_SCHED_SETSCHEDULER 1
| #define HAVE_SEM_CLOCKWAIT 1
| #define HAVE_SEM_GETVALUE 1
| #define HAVE_SEM_OPEN 1
| #define HAVE_SEM_TIMEDWAIT 1
| #define HAVE_SEM_UNLINK 1
| #define HAVE_SENDFILE 1
| #define HAVE_SETEGID 1
| #define HAVE_SETEUID 1
| #define HAVE_SETGID 1
| #define HAVE_SETHOSTNAME 1
| #define HAVE_SETITIMER 1
| #define HAVE_SETLOCALE 1
| #define HAVE_SETPGID 1
| #define HAVE_SETPGRP 1
| #define HAVE_SETPRIORITY 1
| #define HAVE_SETREGID 1
| #define HAVE_SETRESGID 1
| #define HAVE_SETRESUID 1
| #define HAVE_SETREUID 1
| #define HAVE_SETSID 1
| #define HAVE_SETUID 1
| #define HAVE_SETVBUF 1
| #define HAVE_SHUTDOWN 1
| #define HAVE_SIGACTION 1
| #define HAVE_SIGALTSTACK 1
| #define HAVE_SIGFILLSET 1
| #define HAVE_SIGINTERRUPT 1
| #define HAVE_SIGPENDING 1
| #define HAVE_SIGRELSE 1
| #define HAVE_SIGTIMEDWAIT 1
| #define HAVE_SIGWAIT 1
| #define HAVE_SIGWAITINFO 1
| #define HAVE_SNPRINTF 1
| #define HAVE_SPLICE 1
| #define HAVE_STRFTIME 1
| #define HAVE_STRSIGNAL 1
| #define HAVE_SYMLINKAT 1
| #define HAVE_SYNC 1
| #define HAVE_SYSCONF 1
| #define HAVE_TCGETPGRP 1
| #define HAVE_TCSETPGRP 1
| #define HAVE_TEMPNAM 1
| #define HAVE_TIMEGM 1
| #define HAVE_TIMES 1
| #define HAVE_TMPFILE 1
| #define HAVE_TMPNAM 1
| #define HAVE_TMPNAM_R 1
| #define HAVE_TRUNCATE 1
| #define HAVE_TTYNAME_R 1
| #define HAVE_UMASK 1
| #define HAVE_UNAME 1
| #define HAVE_UNLINKAT 1
| #define HAVE_UNLOCKPT 1
| #define HAVE_UTIMENSAT 1
| #define HAVE_UTIMES 1
| #define HAVE_VFORK 1
| #define HAVE_WAIT 1
| #define HAVE_WAIT3 1
| #define HAVE_WAIT4 1
| #define HAVE_WAITID 1
| #define HAVE_WAITPID 1
| #define HAVE_WCSCOLL 1
| #define HAVE_WCSFTIME 1
| #define HAVE_WCSXFRM 1
| #define HAVE_WMEMCMP 1
| #define HAVE_WRITEV 1
| #define HAVE_GETENTROPY 1
| #define HAVE_GETGROUPS 1
| #define HAVE_SYSTEM 1
| #define HAVE_DIRFD 1
| #define HAVE_CHROOT 1
| #define HAVE_LINK 1
| #define HAVE_SYMLINK 1
| #define HAVE_FCHDIR 1
| #define HAVE_FSYNC 1
| #define HAVE_FDATASYNC 1
| #define HAVE_EPOLL 1
| #define HAVE_EPOLL_CREATE1 1
| #define HAVE_PRLIMIT 1
| /* end confdefs.h.  */
| #include <mach-o/dyld.h>
| int
| main (void)
| {
| void *x=_dyld_shared_cache_contains_path
|   ;
|   return 0;
| }
configure:20947: result: no
configure:20961: checking for memfd_create
configure:20985: gcc -pthread -c   conftest.c >&5
configure:20985: $? = 0
configure:20996: result: yes
configure:21010: checking for eventfd
configure:21031: gcc -pthread -c   conftest.c >&5
configure:21031: $? = 0
configure:21042: result: yes
configure:21056: checking for timerfd_create
configure:21077: gcc -pthread -c   conftest.c >&5
configure:21077: $? = 0
configure:21088: result: yes
configure:21108: checking for ctermid_r
configure:21125: gcc -pthread -c   conftest.c >&5
conftest.c: In function 'main':
conftest.c:393:9: error: 'ctermid_r' undeclared (first use in this function); did you mean 'ctermid'?
  393 | void *x=ctermid_r
      |         ^~~~~~~~~
      |         ctermid
conftest.c:393:9: note: each undeclared identifier is reported only once for each function it appears in
configure:21125: $? = 1
configure: failed program was:
| /* confdefs.h */
| #define _NETBSD_SOURCE 1
| #define __BSD_VISIBLE 1
| #define _DARWIN_C_SOURCE 1
| #define _PYTHONFRAMEWORK ""
| #define _XOPEN_SOURCE 700
| #define _XOPEN_SOURCE_EXTENDED 1
| #define _POSIX_C_SOURCE 200809L
| #define HAVE_STDIO_H 1
| #define HAVE_STDLIB_H 1
| #define HAVE_STRING_H 1
| #define HAVE_INTTYPES_H 1
| #define HAVE_STDINT_H 1
| #define HAVE_STRINGS_H 1
| #define HAVE_SYS_STAT_H 1
| #define HAVE_SYS_TYPES_H 1
| #define HAVE_UNISTD_H 1
| #define HAVE_WCHAR_H 1
| #define STDC_HEADERS 1
| #define _ALL_SOURCE 1
| #define _DARWIN_C_SOURCE 1
| #define _GNU_SOURCE 1
| #define _HPUX_ALT_XOPEN_SOCKET_API 1
| #define _NETBSD_SOURCE 1
| #define _OPENBSD_SOURCE 1
| #define _POSIX_PTHREAD_SEMANTICS 1
| #define __STDC_WANT_IEC_60559_ATTRIBS_EXT__ 1
| #define __STDC_WANT_IEC_60559_BFP_EXT__ 1
| #define __STDC_WANT_IEC_60559_DFP_EXT__ 1
| #define __STDC_WANT_IEC_60559_EXT__ 1
| #define __STDC_WANT_IEC_60559_FUNCS_EXT__ 1
| #define __STDC_WANT_IEC_60559_TYPES_EXT__ 1
| #define __STDC_WANT_LIB_EXT2__ 1
| #define __STDC_WANT_MATH_SPEC_FUNCS__ 1
| #define _TANDEM_SOURCE 1
| #define __EXTENSIONS__ 1
| #define _Py_STACK_GROWS_DOWN 1
| #define PY_SUPPORT_TIER 1
| #define STDC_HEADERS 1
| #define HAVE_ALLOCA_H 1
| #define HAVE_ASM_TYPES_H 1
| #define HAVE_DLFCN_H 1
| #define HAVE_ENDIAN_H 1
| #define HAVE_ERRNO_H 1
| #define HAVE_FCNTL_H 1
| #define HAVE_GRP_H 1
| #define HAVE_LANGINFO_H 1
| #define HAVE_LIBINTL_H 1
| #define HAVE_LINUX_AUXVEC_H 1
| #define HAVE_SYS_AUXV_H 1
| #define HAVE_LINUX_FS_H 1
| #define HAVE_LINUX_LIMITS_H 1
| #define HAVE_LINUX_MEMFD_H 1
| #define HAVE_LINUX_NETFILTER_IPV4_H 1
| #define HAVE_LINUX_RANDOM_H 1
| #define HAVE_LINUX_SOUNDCARD_H 1
| #define HAVE_LINUX_SCHED_H 1
| #define HAVE_LINUX_TIPC_H 1
| #define HAVE_LINUX_WAIT_H 1
| #define HAVE_NETDB_H 1
| #define HAVE_NET_ETHERNET_H 1
| #define HAVE_NETINET_IN_H 1
| #define HAVE_NETPACKET_PACKET_H 1
| #define HAVE_POLL_H 1
| #define HAVE_PTHREAD_H 1
| #define HAVE_PTY_H 1
| #define HAVE_SCHED_H 1
| #define HAVE_SETJMP_H 1
| #define HAVE_SHADOW_H 1
| #define HAVE_SIGNAL_H 1
| #define HAVE_SPAWN_H 1
| #define HAVE_SYS_EPOLL_H 1
| #define HAVE_SYS_EVENTFD_H 1
| #define HAVE_SYS_FILE_H 1
| #define HAVE_SYS_IOCTL_H 1
| #define HAVE_SYS_MMAN_H 1
| #define HAVE_SYS_PARAM_H 1
| #define HAVE_SYS_POLL_H 1
| #define HAVE_SYS_RANDOM_H 1
| #define HAVE_SYS_RESOURCE_H 1
| #define HAVE_SYS_SELECT_H 1
| #define HAVE_SYS_SENDFILE_H 1
| #define HAVE_SYS_SOCKET_H 1
| #define HAVE_SYS_SOUNDCARD_H 1
| #define HAVE_SYS_STAT_H 1
| #define HAVE_SYS_STATVFS_H 1
| #define HAVE_SYS_SYSCALL_H 1
| #define HAVE_SYS_SYSMACROS_H 1
| #define HAVE_SYS_TIME_H 1
| #define HAVE_SYS_TIMES_H 1
| #define HAVE_SYS_TIMERFD_H 1
| #define HAVE_SYS_TYPES_H 1
| #define HAVE_SYS_UIO_H 1
| #define HAVE_SYS_UN_H 1
| #define HAVE_SYS_UTSNAME_H 1
| #define HAVE_SYS_WAIT_H 1
| #define HAVE_SYS_XATTR_H 1
| #define HAVE_SYSEXITS_H 1
| #define HAVE_SYSLOG_H 1
| #define HAVE_TERMIOS_H 1
| #define HAVE_UTIME_H 1
| #define HAVE_UTMP_H 1
| #define HAVE_DIRENT_H 1
| #define MAJOR_IN_SYSMACROS 1
| #define HAVE_NET_IF_H 1
| #define HAVE_LINUX_NETLINK_H 1
| #define HAVE_LINUX_QRTR_H 1
| #define HAVE_LINUX_VM_SOCKETS_H 1
| #define HAVE_LINUX_CAN_H 1
| #define HAVE_LINUX_CAN_BCM_H 1
| #define HAVE_LINUX_CAN_J1939_H 1
| #define HAVE_LINUX_CAN_RAW_H 1
| #define HAVE_CLOCK_T 1
| #define HAVE_MAKEDEV 1
| #define HAVE_HTOLE64 1
| #define _LARGEFILE_SOURCE 1
| #define _FILE_OFFSET_BITS 64
| #if defined(SCO_DS)
| #undef _OFF_T
| #endif
| #define RETSIGTYPE void
| #define HAVE_SSIZE_T 1
| #define HAVE___UINT128_T 1
| #define HAVE_GCC_UINT128_T 1
| #define SIZEOF_INT 4
| #define SIZEOF_LONG 8
| #define ALIGNOF_LONG 8
| #define SIZEOF_LONG_LONG 8
| #define SIZEOF_VOID_P 8
| #define SIZEOF_SHORT 2
| #define SIZEOF_FLOAT 4
| #define SIZEOF_DOUBLE 8
| #define SIZEOF_FPOS_T 16
| #define SIZEOF_SIZE_T 8
| #define ALIGNOF_SIZE_T 8
| #define SIZEOF_PID_T 4
| #define SIZEOF_UINTPTR_T 8
| #define ALIGNOF_MAX_ALIGN_T 16
| #define HAVE_LONG_DOUBLE 1
| #define SIZEOF_LONG_DOUBLE 16
| #define SIZEOF__BOOL 1
| #define SIZEOF_OFF_T 8
| #define SIZEOF_TIME_T 8
| #define SIZEOF_PTHREAD_T 8
| #define SIZEOF_PTHREAD_KEY_T 4
| #define PTHREAD_KEY_T_IS_COMPATIBLE_WITH_INT 1
| #define PY_HAVE_PERF_TRAMPOLINE 1
| #define HAVE_LIBDL 1
| #define HAVE_EXECINFO_H 1
| #define HAVE_BACKTRACE 1
| #define HAVE_DLADDR1 1
| #define HAVE_LINK_H 1
| #define HAVE_BACKTRACE 1
| #define HAVE_DLADDR1 1
| #define HAVE_DLFCN_H 1
| #define HAVE_BACKTRACE 1
| #define HAVE_DLADDR1 1
| #define HAVE_UUID_H 1
| #define HAVE_UUID_GENERATE_TIME_SAFE 1
| #define HAVE_FFI_PREP_CIF_VAR 1
| #define HAVE_FFI_PREP_CLOSURE_LOC 1
| #define HAVE_FFI_CLOSURE_ALLOC 1
| #define WITH_DECIMAL_CONTEXTVAR 1
| #define HAVE_LIBSQLITE3 1
| #define HAVE_LIBSQLITE3 1
| #define HAVE_LIBSQLITE3 1
| #define HAVE_LIBSQLITE3 1
| #define HAVE_LIBSQLITE3 1
| #define HAVE_LIBSQLITE3 1
| #define HAVE_LIBSQLITE3 1
| #define HAVE_LIBSQLITE3 1
| #define HAVE_LIBSQLITE3 1
| #define PY_SQLITE_HAVE_SERIALIZE 1
| #define PTHREAD_SYSTEM_SCHED_SUPPORTED 1
| #define HAVE_PTHREAD_SIGMASK 1
| #define HAVE_PTHREAD_GETCPUCLOCKID 1
| #define ENABLE_IPV6 1
| #define HAVE_LINUX_CAN_RAW_FD_FRAMES 1
| #define HAVE_LINUX_CAN_RAW_JOIN_FILTERS 1
| #define WITH_DOC_STRINGS 1
| #define HAVE_STD_ATOMIC 1
| #define HAVE_BUILTIN_ATOMIC 1
| #define WITH_MIMALLOC 1
| #define WITH_PYMALLOC 1
| #define PY_COERCE_C_LOCALE 1
| #define HAVE_DLOPEN 1
| #define HAVE_DYNAMIC_LOADING 1
| #define HAVE_ACCEPT4 1
| #define HAVE_ALARM 1
| #define HAVE_BIND_TEXTDOMAIN_CODESET 1
| #define HAVE_CHMOD 1
| #define HAVE_CHOWN 1
| #define HAVE_CLOCK 1
| #define HAVE_CONFSTR 1
| #define HAVE_COPY_FILE_RANGE 1
| #define HAVE_CTERMID 1
| #define HAVE_DLADDR 1
| #define HAVE_DUP 1
| #define HAVE_DUP3 1
| #define HAVE_EXECV 1
| #define HAVE_EXPLICIT_BZERO 1
| #define HAVE_FACCESSAT 1
| #define HAVE_FCHMOD 1
| #define HAVE_FCHMODAT 1
| #define HAVE_FCHOWN 1
| #define HAVE_FCHOWNAT 1
| #define HAVE_FDOPENDIR 1
| #define HAVE_FEXECVE 1
| #define HAVE_FORK 1
| #define HAVE_FPATHCONF 1
| #define HAVE_FSTATAT 1
| #define HAVE_FTIME 1
| #define HAVE_FTRUNCATE 1
| #define HAVE_FUTIMENS 1
| #define HAVE_FUTIMES 1
| #define HAVE_FUTIMESAT 1
| #define HAVE_GAI_STRERROR 1
| #define HAVE_GETEGID 1
| #define HAVE_GETEUID 1
| #define HAVE_GETGID 1
| #define HAVE_GETGRENT 1
| #define HAVE_GETGRGID 1
| #define HAVE_GETGRGID_R 1
| #define HAVE_GETGRNAM_R 1
| #define HAVE_GETGROUPLIST 1
| #define HAVE_GETHOSTNAME 1
| #define HAVE_GETITIMER 1
| #define HAVE_GETLOADAVG 1
| #define HAVE_GETLOGIN 1
| #define HAVE_GETLOGIN_R 1
| #define HAVE_GETPEERNAME 1
| #define HAVE_GETPGID 1
| #define HAVE_GETPID 1
| #define HAVE_GETPPID 1
| #define HAVE_GETPRIORITY 1
| #define HAVE_GETPWENT 1
| #define HAVE_GETPWNAM_R 1
| #define HAVE_GETPWUID 1
| #define HAVE_GETPWUID_R 1
| #define HAVE_GETRESGID 1
| #define HAVE_GETRESUID 1
| #define HAVE_GETRUSAGE 1
| #define HAVE_GETSID 1
| #define HAVE_GETSPENT 1
| #define HAVE_GETSPNAM 1
| #define HAVE_GETUID 1
| #define HAVE_GETWD 1
| #define HAVE_GRANTPT 1
| #define HAVE_IF_NAMEINDEX 1
| #define HAVE_INITGROUPS 1
| #define HAVE_KILL 1
| #define HAVE_KILLPG 1
| #define HAVE_LCHOWN 1
| #define HAVE_LINKAT 1
| #define HAVE_LOCKF 1
| #define HAVE_LSTAT 1
| #define HAVE_LUTIMES 1
| #define HAVE_MADVISE 1
| #define HAVE_MBRTOWC 1
| #define HAVE_MEMRCHR 1
| #define HAVE_MKDIRAT 1
| #define HAVE_MKFIFO 1
| #define HAVE_MKFIFOAT 1
| #define HAVE_MKNOD 1
| #define HAVE_MKNODAT 1
| #define HAVE_MKTIME 1
| #define HAVE_MMAP 1
| #define HAVE_MREMAP 1
| #define HAVE_NICE 1
| #define HAVE_OPENAT 1
| #define HAVE_OPENDIR 1
| #define HAVE_PATHCONF 1
| #define HAVE_PAUSE 1
| #define HAVE_PIPE 1
| #define HAVE_PIPE2 1
| #define HAVE_POLL 1
| #define HAVE_POSIX_FADVISE 1
| #define HAVE_POSIX_FALLOCATE 1
| #define HAVE_POSIX_OPENPT 1
| #define HAVE_POSIX_SPAWN 1
| #define HAVE_POSIX_SPAWNP 1
| #define HAVE_PREAD 1
| #define HAVE_PREADV 1
| #define HAVE_PREADV2 1
| #define HAVE_PROCESS_VM_READV 1
| #define HAVE_PTHREAD_CONDATTR_SETCLOCK 1
| #define HAVE_PTHREAD_KILL 1
| #define HAVE_PTHREAD_GETNAME_NP 1
| #define HAVE_PTHREAD_SETNAME_NP 1
| #define HAVE_PTHREAD_GETATTR_NP 1
| #define HAVE_PTSNAME 1
| #define HAVE_PTSNAME_R 1
| #define HAVE_PWRITE 1
| #define HAVE_PWRITEV 1
| #define HAVE_PWRITEV2 1
| #define HAVE_READLINK 1
| #define HAVE_READLINKAT 1
| #define HAVE_READV 1
| #define HAVE_REALPATH 1
| #define HAVE_RENAMEAT 1
| #define HAVE_SCHED_GET_PRIORITY_MAX 1
| #define HAVE_SCHED_RR_GET_INTERVAL 1
| #define HAVE_SCHED_SETAFFINITY 1
| #define HAVE_SCHED_SETPARAM 1
| #define HAVE_SCHED_SETSCHEDULER 1
| #define HAVE_SEM_CLOCKWAIT 1
| #define HAVE_SEM_GETVALUE 1
| #define HAVE_SEM_OPEN 1
| #define HAVE_SEM_TIMEDWAIT 1
| #define HAVE_SEM_UNLINK 1
| #define HAVE_SENDFILE 1
| #define HAVE_SETEGID 1
| #define HAVE_SETEUID 1
| #define HAVE_SETGID 1
| #define HAVE_SETHOSTNAME 1
| #define HAVE_SETITIMER 1
| #define HAVE_SETLOCALE 1
| #define HAVE_SETPGID 1
| #define HAVE_SETPGRP 1
| #define HAVE_SETPRIORITY 1
| #define HAVE_SETREGID 1
| #define HAVE_SETRESGID 1
| #define HAVE_SETRESUID 1
| #define HAVE_SETREUID 1
| #define HAVE_SETSID 1
| #define HAVE_SETUID 1
| #define HAVE_SETVBUF 1
| #define HAVE_SHUTDOWN 1
| #define HAVE_SIGACTION 1
| #define HAVE_SIGALTSTACK 1
| #define HAVE_SIGFILLSET 1
| #define HAVE_SIGINTERRUPT 1
| #define HAVE_SIGPENDING 1
| #define HAVE_SIGRELSE 1
| #define HAVE_SIGTIMEDWAIT 1
| #define HAVE_SIGWAIT 1
| #define HAVE_SIGWAITINFO 1
| #define HAVE_SNPRINTF 1
| #define HAVE_SPLICE 1
| #define HAVE_STRFTIME 1
| #define HAVE_STRSIGNAL 1
| #define HAVE_SYMLINKAT 1
| #define HAVE_SYNC 1
| #define HAVE_SYSCONF 1
| #define HAVE_TCGETPGRP 1
| #define HAVE_TCSETPGRP 1
| #define HAVE_TEMPNAM 1
| #define HAVE_TIMEGM 1
| #define HAVE_TIMES 1
| #define HAVE_TMPFILE 1
| #define HAVE_TMPNAM 1
| #define HAVE_TMPNAM_R 1
| #define HAVE_TRUNCATE 1
| #define HAVE_TTYNAME_R 1
| #define HAVE_UMASK 1
| #define HAVE_UNAME 1
| #define HAVE_UNLINKAT 1
| #define HAVE_UNLOCKPT 1
| #define HAVE_UTIMENSAT 1
| #define HAVE_UTIMES 1
| #define HAVE_VFORK 1
| #define HAVE_WAIT 1
| #define HAVE_WAIT3 1
| #define HAVE_WAIT4 1
| #define HAVE_WAITID 1
| #define HAVE_WAITPID 1
| #define HAVE_WCSCOLL 1
| #define HAVE_WCSFTIME 1
| #define HAVE_WCSXFRM 1
| #define HAVE_WMEMCMP 1
| #define HAVE_WRITEV 1
| #define HAVE_GETENTROPY 1
| #define HAVE_GETGROUPS 1
| #define HAVE_SYSTEM 1
| #define HAVE_DIRFD 1
| #define HAVE_CHROOT 1
| #define HAVE_LINK 1
| #define HAVE_SYMLINK 1
| #define HAVE_FCHDIR 1
| #define HAVE_FSYNC 1
| #define HAVE_FDATASYNC 1
| #define HAVE_EPOLL 1
| #define HAVE_EPOLL_CREATE1 1
| #define HAVE_PRLIMIT 1
| #define HAVE_MEMFD_CREATE 1
| #define HAVE_EVENTFD 1
| #define HAVE_TIMERFD_CREATE 1
| /* end confdefs.h.  */
| #include <stdio.h>
| int
| main (void)
| {
| void *x=ctermid_r
|   ;
|   return 0;
| }
configure:21136: result: no
configure:21148: checking for flock declaration
configure:21166: gcc -pthread -c   conftest.c >&5
configure:21166: $? = 0
configure:21178: result: yes
configure:21185: checking for flock
configure:21185: gcc -pthread -o conftest    conftest.c -lpthread -ldl  >&5
configure:21185: $? = 0
configure:21185: result: yes
configure:21247: checking for getpagesize
configure:21264: gcc -pthread -c   conftest.c >&5
configure:21264: $? = 0
configure:21275: result: yes
configure:21287: checking for broken unsetenv
configure:21304: gcc -pthread -c   conftest.c >&5
configure:21304: $? = 0
configure:21316: result: no
configure:21331: checking for true
configure:21352: found /usr/bin/true
configure:21364: result: true
configure:21377: checking for inet_aton in -lc
configure:21406: gcc -pthread -o conftest    conftest.c -lc  -lpthread -ldl  >&5
configure:21406: $? = 0
configure:21418: result: yes
configure:21476: checking for hstrerror in -lc
configure:21505: gcc -pthread -o conftest    conftest.c -lc  -lpthread -ldl  >&5
configure:21505: $? = 0
configure:21517: result: yes
configure:21578: checking for chflags
configure:21601: gcc -pthread -o conftest    conftest.c -lpthread -ldl  >&5
conftest.c: In function 'main':
conftest.c:396:6: warning: implicit declaration of function 'chflags' [-Wimplicit-function-declaration]
  396 |   if(chflags(argv[0], 0) != 0)
      |      ^~~~~~~
/usr/bin/ld: /tmp/ccRaQPrS.o: in function `main':
conftest.c:(.text+0x28): warning: chflags is not implemented and will always fail
configure:21601: $? = 0
configure:21601: ./conftest
configure:21601: $? = 1
configure: program exited with status 1
configure: failed program was:
| /* confdefs.h */
| #define _NETBSD_SOURCE 1
| #define __BSD_VISIBLE 1
| #define _DARWIN_C_SOURCE 1
| #define _PYTHONFRAMEWORK ""
| #define _XOPEN_SOURCE 700
| #define _XOPEN_SOURCE_EXTENDED 1
| #define _POSIX_C_SOURCE 200809L
| #define HAVE_STDIO_H 1
| #define HAVE_STDLIB_H 1
| #define HAVE_STRING_H 1
| #define HAVE_INTTYPES_H 1
| #define HAVE_STDINT_H 1
| #define HAVE_STRINGS_H 1
| #define HAVE_SYS_STAT_H 1
| #define HAVE_SYS_TYPES_H 1
| #define HAVE_UNISTD_H 1
| #define HAVE_WCHAR_H 1
| #define STDC_HEADERS 1
| #define _ALL_SOURCE 1
| #define _DARWIN_C_SOURCE 1
| #define _GNU_SOURCE 1
| #define _HPUX_ALT_XOPEN_SOCKET_API 1
| #define _NETBSD_SOURCE 1
| #define _OPENBSD_SOURCE 1
| #define _POSIX_PTHREAD_SEMANTICS 1
| #define __STDC_WANT_IEC_60559_ATTRIBS_EXT__ 1
| #define __STDC_WANT_IEC_60559_BFP_EXT__ 1
| #define __STDC_WANT_IEC_60559_DFP_EXT__ 1
| #define __STDC_WANT_IEC_60559_EXT__ 1
| #define __STDC_WANT_IEC_60559_FUNCS_EXT__ 1
| #define __STDC_WANT_IEC_60559_TYPES_EXT__ 1
| #define __STDC_WANT_LIB_EXT2__ 1
| #define __STDC_WANT_MATH_SPEC_FUNCS__ 1
| #define _TANDEM_SOURCE 1
| #define __EXTENSIONS__ 1
| #define _Py_STACK_GROWS_DOWN 1
| #define PY_SUPPORT_TIER 1
| #define STDC_HEADERS 1
| #define HAVE_ALLOCA_H 1
| #define HAVE_ASM_TYPES_H 1
| #define HAVE_DLFCN_H 1
| #define HAVE_ENDIAN_H 1
| #define HAVE_ERRNO_H 1
| #define HAVE_FCNTL_H 1
| #define HAVE_GRP_H 1
| #define HAVE_LANGINFO_H 1
| #define HAVE_LIBINTL_H 1
| #define HAVE_LINUX_AUXVEC_H 1
| #define HAVE_SYS_AUXV_H 1
| #define HAVE_LINUX_FS_H 1
| #define HAVE_LINUX_LIMITS_H 1
| #define HAVE_LINUX_MEMFD_H 1
| #define HAVE_LINUX_NETFILTER_IPV4_H 1
| #define HAVE_LINUX_RANDOM_H 1
| #define HAVE_LINUX_SOUNDCARD_H 1
| #define HAVE_LINUX_SCHED_H 1
| #define HAVE_LINUX_TIPC_H 1
| #define HAVE_LINUX_WAIT_H 1
| #define HAVE_NETDB_H 1
| #define HAVE_NET_ETHERNET_H 1
| #define HAVE_NETINET_IN_H 1
| #define HAVE_NETPACKET_PACKET_H 1
| #define HAVE_POLL_H 1
| #define HAVE_PTHREAD_H 1
| #define HAVE_PTY_H 1
| #define HAVE_SCHED_H 1
| #define HAVE_SETJMP_H 1
| #define HAVE_SHADOW_H 1
| #define HAVE_SIGNAL_H 1
| #define HAVE_SPAWN_H 1
| #define HAVE_SYS_EPOLL_H 1
| #define HAVE_SYS_EVENTFD_H 1
| #define HAVE_SYS_FILE_H 1
| #define HAVE_SYS_IOCTL_H 1
| #define HAVE_SYS_MMAN_H 1
| #define HAVE_SYS_PARAM_H 1
| #define HAVE_SYS_POLL_H 1
| #define HAVE_SYS_RANDOM_H 1
| #define HAVE_SYS_RESOURCE_H 1
| #define HAVE_SYS_SELECT_H 1
| #define HAVE_SYS_SENDFILE_H 1
| #define HAVE_SYS_SOCKET_H 1
| #define HAVE_SYS_SOUNDCARD_H 1
| #define HAVE_SYS_STAT_H 1
| #define HAVE_SYS_STATVFS_H 1
| #define HAVE_SYS_SYSCALL_H 1
| #define HAVE_SYS_SYSMACROS_H 1
| #define HAVE_SYS_TIME_H 1
| #define HAVE_SYS_TIMES_H 1
| #define HAVE_SYS_TIMERFD_H 1
| #define HAVE_SYS_TYPES_H 1
| #define HAVE_SYS_UIO_H 1
| #define HAVE_SYS_UN_H 1
| #define HAVE_SYS_UTSNAME_H 1
| #define HAVE_SYS_WAIT_H 1
| #define HAVE_SYS_XATTR_H 1
| #define HAVE_SYSEXITS_H 1
| #define HAVE_SYSLOG_H 1
| #define HAVE_TERMIOS_H 1
| #define HAVE_UTIME_H 1
| #define HAVE_UTMP_H 1
| #define HAVE_DIRENT_H 1
| #define MAJOR_IN_SYSMACROS 1
| #define HAVE_NET_IF_H 1
| #define HAVE_LINUX_NETLINK_H 1
| #define HAVE_LINUX_QRTR_H 1
| #define HAVE_LINUX_VM_SOCKETS_H 1
| #define HAVE_LINUX_CAN_H 1
| #define HAVE_LINUX_CAN_BCM_H 1
| #define HAVE_LINUX_CAN_J1939_H 1
| #define HAVE_LINUX_CAN_RAW_H 1
| #define HAVE_CLOCK_T 1
| #define HAVE_MAKEDEV 1
| #define HAVE_HTOLE64 1
| #define _LARGEFILE_SOURCE 1
| #define _FILE_OFFSET_BITS 64
| #if defined(SCO_DS)
| #undef _OFF_T
| #endif
| #define RETSIGTYPE void
| #define HAVE_SSIZE_T 1
| #define HAVE___UINT128_T 1
| #define HAVE_GCC_UINT128_T 1
| #define SIZEOF_INT 4
| #define SIZEOF_LONG 8
| #define ALIGNOF_LONG 8
| #define SIZEOF_LONG_LONG 8
| #define SIZEOF_VOID_P 8
| #define SIZEOF_SHORT 2
| #define SIZEOF_FLOAT 4
| #define SIZEOF_DOUBLE 8
| #define SIZEOF_FPOS_T 16
| #define SIZEOF_SIZE_T 8
| #define ALIGNOF_SIZE_T 8
| #define SIZEOF_PID_T 4
| #define SIZEOF_UINTPTR_T 8
| #define ALIGNOF_MAX_ALIGN_T 16
| #define HAVE_LONG_DOUBLE 1
| #define SIZEOF_LONG_DOUBLE 16
| #define SIZEOF__BOOL 1
| #define SIZEOF_OFF_T 8
| #define SIZEOF_TIME_T 8
| #define SIZEOF_PTHREAD_T 8
| #define SIZEOF_PTHREAD_KEY_T 4
| #define PTHREAD_KEY_T_IS_COMPATIBLE_WITH_INT 1
| #define PY_HAVE_PERF_TRAMPOLINE 1
| #define HAVE_LIBDL 1
| #define HAVE_EXECINFO_H 1
| #define HAVE_BACKTRACE 1
| #define HAVE_DLADDR1 1
| #define HAVE_LINK_H 1
| #define HAVE_BACKTRACE 1
| #define HAVE_DLADDR1 1
| #define HAVE_DLFCN_H 1
| #define HAVE_BACKTRACE 1
| #define HAVE_DLADDR1 1
| #define HAVE_UUID_H 1
| #define HAVE_UUID_GENERATE_TIME_SAFE 1
| #define HAVE_FFI_PREP_CIF_VAR 1
| #define HAVE_FFI_PREP_CLOSURE_LOC 1
| #define HAVE_FFI_CLOSURE_ALLOC 1
| #define WITH_DECIMAL_CONTEXTVAR 1
| #define HAVE_LIBSQLITE3 1
| #define HAVE_LIBSQLITE3 1
| #define HAVE_LIBSQLITE3 1
| #define HAVE_LIBSQLITE3 1
| #define HAVE_LIBSQLITE3 1
| #define HAVE_LIBSQLITE3 1
| #define HAVE_LIBSQLITE3 1
| #define HAVE_LIBSQLITE3 1
| #define HAVE_LIBSQLITE3 1
| #define PY_SQLITE_HAVE_SERIALIZE 1
| #define PTHREAD_SYSTEM_SCHED_SUPPORTED 1
| #define HAVE_PTHREAD_SIGMASK 1
| #define HAVE_PTHREAD_GETCPUCLOCKID 1
| #define ENABLE_IPV6 1
| #define HAVE_LINUX_CAN_RAW_FD_FRAMES 1
| #define HAVE_LINUX_CAN_RAW_JOIN_FILTERS 1
| #define WITH_DOC_STRINGS 1
| #define HAVE_STD_ATOMIC 1
| #define HAVE_BUILTIN_ATOMIC 1
| #define WITH_MIMALLOC 1
| #define WITH_PYMALLOC 1
| #define PY_COERCE_C_LOCALE 1
| #define HAVE_DLOPEN 1
| #define HAVE_DYNAMIC_LOADING 1
| #define HAVE_ACCEPT4 1
| #define HAVE_ALARM 1
| #define HAVE_BIND_TEXTDOMAIN_CODESET 1
| #define HAVE_CHMOD 1
| #define HAVE_CHOWN 1
| #define HAVE_CLOCK 1
| #define HAVE_CONFSTR 1
| #define HAVE_COPY_FILE_RANGE 1
| #define HAVE_CTERMID 1
| #define HAVE_DLADDR 1
| #define HAVE_DUP 1
| #define HAVE_DUP3 1
| #define HAVE_EXECV 1
| #define HAVE_EXPLICIT_BZERO 1
| #define HAVE_FACCESSAT 1
| #define HAVE_FCHMOD 1
| #define HAVE_FCHMODAT 1
| #define HAVE_FCHOWN 1
| #define HAVE_FCHOWNAT 1
| #define HAVE_FDOPENDIR 1
| #define HAVE_FEXECVE 1
| #define HAVE_FORK 1
| #define HAVE_FPATHCONF 1
| #define HAVE_FSTATAT 1
| #define HAVE_FTIME 1
| #define HAVE_FTRUNCATE 1
| #define HAVE_FUTIMENS 1
| #define HAVE_FUTIMES 1
| #define HAVE_FUTIMESAT 1
| #define HAVE_GAI_STRERROR 1
| #define HAVE_GETEGID 1
| #define HAVE_GETEUID 1
| #define HAVE_GETGID 1
| #define HAVE_GETGRENT 1
| #define HAVE_GETGRGID 1
| #define HAVE_GETGRGID_R 1
| #define HAVE_GETGRNAM_R 1
| #define HAVE_GETGROUPLIST 1
| #define HAVE_GETHOSTNAME 1
| #define HAVE_GETITIMER 1
| #define HAVE_GETLOADAVG 1
| #define HAVE_GETLOGIN 1
| #define HAVE_GETLOGIN_R 1
| #define HAVE_GETPEERNAME 1
| #define HAVE_GETPGID 1
| #define HAVE_GETPID 1
| #define HAVE_GETPPID 1
| #define HAVE_GETPRIORITY 1
| #define HAVE_GETPWENT 1
| #define HAVE_GETPWNAM_R 1
| #define HAVE_GETPWUID 1
| #define HAVE_GETPWUID_R 1
| #define HAVE_GETRESGID 1
| #define HAVE_GETRESUID 1
| #define HAVE_GETRUSAGE 1
| #define HAVE_GETSID 1
| #define HAVE_GETSPENT 1
| #define HAVE_GETSPNAM 1
| #define HAVE_GETUID 1
| #define HAVE_GETWD 1
| #define HAVE_GRANTPT 1
| #define HAVE_IF_NAMEINDEX 1
| #define HAVE_INITGROUPS 1
| #define HAVE_KILL 1
| #define HAVE_KILLPG 1
| #define HAVE_LCHOWN 1
| #define HAVE_LINKAT 1
| #define HAVE_LOCKF 1
| #define HAVE_LSTAT 1
| #define HAVE_LUTIMES 1
| #define HAVE_MADVISE 1
| #define HAVE_MBRTOWC 1
| #define HAVE_MEMRCHR 1
| #define HAVE_MKDIRAT 1
| #define HAVE_MKFIFO 1
| #define HAVE_MKFIFOAT 1
| #define HAVE_MKNOD 1
| #define HAVE_MKNODAT 1
| #define HAVE_MKTIME 1
| #define HAVE_MMAP 1
| #define HAVE_MREMAP 1
| #define HAVE_NICE 1
| #define HAVE_OPENAT 1
| #define HAVE_OPENDIR 1
| #define HAVE_PATHCONF 1
| #define HAVE_PAUSE 1
| #define HAVE_PIPE 1
| #define HAVE_PIPE2 1
| #define HAVE_POLL 1
| #define HAVE_POSIX_FADVISE 1
| #define HAVE_POSIX_FALLOCATE 1
| #define HAVE_POSIX_OPENPT 1
| #define HAVE_POSIX_SPAWN 1
| #define HAVE_POSIX_SPAWNP 1
| #define HAVE_PREAD 1
| #define HAVE_PREADV 1
| #define HAVE_PREADV2 1
| #define HAVE_PROCESS_VM_READV 1
| #define HAVE_PTHREAD_CONDATTR_SETCLOCK 1
| #define HAVE_PTHREAD_KILL 1
| #define HAVE_PTHREAD_GETNAME_NP 1
| #define HAVE_PTHREAD_SETNAME_NP 1
| #define HAVE_PTHREAD_GETATTR_NP 1
| #define HAVE_PTSNAME 1
| #define HAVE_PTSNAME_R 1
| #define HAVE_PWRITE 1
| #define HAVE_PWRITEV 1
| #define HAVE_PWRITEV2 1
| #define HAVE_READLINK 1
| #define HAVE_READLINKAT 1
| #define HAVE_READV 1
| #define HAVE_REALPATH 1
| #define HAVE_RENAMEAT 1
| #define HAVE_SCHED_GET_PRIORITY_MAX 1
| #define HAVE_SCHED_RR_GET_INTERVAL 1
| #define HAVE_SCHED_SETAFFINITY 1
| #define HAVE_SCHED_SETPARAM 1
| #define HAVE_SCHED_SETSCHEDULER 1
| #define HAVE_SEM_CLOCKWAIT 1
| #define HAVE_SEM_GETVALUE 1
| #define HAVE_SEM_OPEN 1
| #define HAVE_SEM_TIMEDWAIT 1
| #define HAVE_SEM_UNLINK 1
| #define HAVE_SENDFILE 1
| #define HAVE_SETEGID 1
| #define HAVE_SETEUID 1
| #define HAVE_SETGID 1
| #define HAVE_SETHOSTNAME 1
| #define HAVE_SETITIMER 1
| #define HAVE_SETLOCALE 1
| #define HAVE_SETPGID 1
| #define HAVE_SETPGRP 1
| #define HAVE_SETPRIORITY 1
| #define HAVE_SETREGID 1
| #define HAVE_SETRESGID 1
| #define HAVE_SETRESUID 1
| #define HAVE_SETREUID 1
| #define HAVE_SETSID 1
| #define HAVE_SETUID 1
| #define HAVE_SETVBUF 1
| #define HAVE_SHUTDOWN 1
| #define HAVE_SIGACTION 1
| #define HAVE_SIGALTSTACK 1
| #define HAVE_SIGFILLSET 1
| #define HAVE_SIGINTERRUPT 1
| #define HAVE_SIGPENDING 1
| #define HAVE_SIGRELSE 1
| #define HAVE_SIGTIMEDWAIT 1
| #define HAVE_SIGWAIT 1
| #define HAVE_SIGWAITINFO 1
| #define HAVE_SNPRINTF 1
| #define HAVE_SPLICE 1
| #define HAVE_STRFTIME 1
| #define HAVE_STRSIGNAL 1
| #define HAVE_SYMLINKAT 1
| #define HAVE_SYNC 1
| #define HAVE_SYSCONF 1
| #define HAVE_TCGETPGRP 1
| #define HAVE_TCSETPGRP 1
| #define HAVE_TEMPNAM 1
| #define HAVE_TIMEGM 1
| #define HAVE_TIMES 1
| #define HAVE_TMPFILE 1
| #define HAVE_TMPNAM 1
| #define HAVE_TMPNAM_R 1
| #define HAVE_TRUNCATE 1
| #define HAVE_TTYNAME_R 1
| #define HAVE_UMASK 1
| #define HAVE_UNAME 1
| #define HAVE_UNLINKAT 1
| #define HAVE_UNLOCKPT 1
| #define HAVE_UTIMENSAT 1
| #define HAVE_UTIMES 1
| #define HAVE_VFORK 1
| #define HAVE_WAIT 1
| #define HAVE_WAIT3 1
| #define HAVE_WAIT4 1
| #define HAVE_WAITID 1
| #define HAVE_WAITPID 1
| #define HAVE_WCSCOLL 1
| #define HAVE_WCSFTIME 1
| #define HAVE_WCSXFRM 1
| #define HAVE_WMEMCMP 1
| #define HAVE_WRITEV 1
| #define HAVE_GETENTROPY 1
| #define HAVE_GETGROUPS 1
| #define HAVE_SYSTEM 1
| #define HAVE_DIRFD 1
| #define HAVE_CHROOT 1
| #define HAVE_LINK 1
| #define HAVE_SYMLINK 1
| #define HAVE_FCHDIR 1
| #define HAVE_FSYNC 1
| #define HAVE_FDATASYNC 1
| #define HAVE_EPOLL 1
| #define HAVE_EPOLL_CREATE1 1
| #define HAVE_PRLIMIT 1
| #define HAVE_MEMFD_CREATE 1
| #define HAVE_EVENTFD 1
| #define HAVE_TIMERFD_CREATE 1
| #define HAVE_FLOCK 1
| #define HAVE_GETPAGESIZE 1
| /* end confdefs.h.  */
| 
| #include <sys/stat.h>
| #include <unistd.h>
| int main(int argc, char *argv[])
| {
|   if(chflags(argv[0], 0) != 0)
|     return 1;
|   return 0;
| }
| 
configure:21616: result: no
configure:21635: checking for lchflags
configure:21658: gcc -pthread -o conftest    conftest.c -lpthread -ldl  >&5
conftest.c: In function 'main':
conftest.c:396:6: warning: implicit declaration of function 'lchflags' [-Wimplicit-function-declaration]
  396 |   if(lchflags(argv[0], 0) != 0)
      |      ^~~~~~~~
/usr/bin/ld: /tmp/ccTXy8WO.o: in function `main':
conftest.c:(.text+0x28): undefined reference to `lchflags'
collect2: error: ld returned 1 exit status
configure:21658: $? = 1
configure: program exited with status 1
configure: failed program was:
| /* confdefs.h */
| #define _NETBSD_SOURCE 1
| #define __BSD_VISIBLE 1
| #define _DARWIN_C_SOURCE 1
| #define _PYTHONFRAMEWORK ""
| #define _XOPEN_SOURCE 700
| #define _XOPEN_SOURCE_EXTENDED 1
| #define _POSIX_C_SOURCE 200809L
| #define HAVE_STDIO_H 1
| #define HAVE_STDLIB_H 1
| #define HAVE_STRING_H 1
| #define HAVE_INTTYPES_H 1
| #define HAVE_STDINT_H 1
| #define HAVE_STRINGS_H 1
| #define HAVE_SYS_STAT_H 1
| #define HAVE_SYS_TYPES_H 1
| #define HAVE_UNISTD_H 1
| #define HAVE_WCHAR_H 1
| #define STDC_HEADERS 1
| #define _ALL_SOURCE 1
| #define _DARWIN_C_SOURCE 1
| #define _GNU_SOURCE 1
| #define _HPUX_ALT_XOPEN_SOCKET_API 1
| #define _NETBSD_SOURCE 1
| #define _OPENBSD_SOURCE 1
| #define _POSIX_PTHREAD_SEMANTICS 1
| #define __STDC_WANT_IEC_60559_ATTRIBS_EXT__ 1
| #define __STDC_WANT_IEC_60559_BFP_EXT__ 1
| #define __STDC_WANT_IEC_60559_DFP_EXT__ 1
| #define __STDC_WANT_IEC_60559_EXT__ 1
| #define __STDC_WANT_IEC_60559_FUNCS_EXT__ 1
| #define __STDC_WANT_IEC_60559_TYPES_EXT__ 1
| #define __STDC_WANT_LIB_EXT2__ 1
| #define __STDC_WANT_MATH_SPEC_FUNCS__ 1
| #define _TANDEM_SOURCE 1
| #define __EXTENSIONS__ 1
| #define _Py_STACK_GROWS_DOWN 1
| #define PY_SUPPORT_TIER 1
| #define STDC_HEADERS 1
| #define HAVE_ALLOCA_H 1
| #define HAVE_ASM_TYPES_H 1
| #define HAVE_DLFCN_H 1
| #define HAVE_ENDIAN_H 1
| #define HAVE_ERRNO_H 1
| #define HAVE_FCNTL_H 1
| #define HAVE_GRP_H 1
| #define HAVE_LANGINFO_H 1
| #define HAVE_LIBINTL_H 1
| #define HAVE_LINUX_AUXVEC_H 1
| #define HAVE_SYS_AUXV_H 1
| #define HAVE_LINUX_FS_H 1
| #define HAVE_LINUX_LIMITS_H 1
| #define HAVE_LINUX_MEMFD_H 1
| #define HAVE_LINUX_NETFILTER_IPV4_H 1
| #define HAVE_LINUX_RANDOM_H 1
| #define HAVE_LINUX_SOUNDCARD_H 1
| #define HAVE_LINUX_SCHED_H 1
| #define HAVE_LINUX_TIPC_H 1
| #define HAVE_LINUX_WAIT_H 1
| #define HAVE_NETDB_H 1
| #define HAVE_NET_ETHERNET_H 1
| #define HAVE_NETINET_IN_H 1
| #define HAVE_NETPACKET_PACKET_H 1
| #define HAVE_POLL_H 1
| #define HAVE_PTHREAD_H 1
| #define HAVE_PTY_H 1
| #define HAVE_SCHED_H 1
| #define HAVE_SETJMP_H 1
| #define HAVE_SHADOW_H 1
| #define HAVE_SIGNAL_H 1
| #define HAVE_SPAWN_H 1
| #define HAVE_SYS_EPOLL_H 1
| #define HAVE_SYS_EVENTFD_H 1
| #define HAVE_SYS_FILE_H 1
| #define HAVE_SYS_IOCTL_H 1
| #define HAVE_SYS_MMAN_H 1
| #define HAVE_SYS_PARAM_H 1
| #define HAVE_SYS_POLL_H 1
| #define HAVE_SYS_RANDOM_H 1
| #define HAVE_SYS_RESOURCE_H 1
| #define HAVE_SYS_SELECT_H 1
| #define HAVE_SYS_SENDFILE_H 1
| #define HAVE_SYS_SOCKET_H 1
| #define HAVE_SYS_SOUNDCARD_H 1
| #define HAVE_SYS_STAT_H 1
| #define HAVE_SYS_STATVFS_H 1
| #define HAVE_SYS_SYSCALL_H 1
| #define HAVE_SYS_SYSMACROS_H 1
| #define HAVE_SYS_TIME_H 1
| #define HAVE_SYS_TIMES_H 1
| #define HAVE_SYS_TIMERFD_H 1
| #define HAVE_SYS_TYPES_H 1
| #define HAVE_SYS_UIO_H 1
| #define HAVE_SYS_UN_H 1
| #define HAVE_SYS_UTSNAME_H 1
| #define HAVE_SYS_WAIT_H 1
| #define HAVE_SYS_XATTR_H 1
| #define HAVE_SYSEXITS_H 1
| #define HAVE_SYSLOG_H 1
| #define HAVE_TERMIOS_H 1
| #define HAVE_UTIME_H 1
| #define HAVE_UTMP_H 1
| #define HAVE_DIRENT_H 1
| #define MAJOR_IN_SYSMACROS 1
| #define HAVE_NET_IF_H 1
| #define HAVE_LINUX_NETLINK_H 1
| #define HAVE_LINUX_QRTR_H 1
| #define HAVE_LINUX_VM_SOCKETS_H 1
| #define HAVE_LINUX_CAN_H 1
| #define HAVE_LINUX_CAN_BCM_H 1
| #define HAVE_LINUX_CAN_J1939_H 1
| #define HAVE_LINUX_CAN_RAW_H 1
| #define HAVE_CLOCK_T 1
| #define HAVE_MAKEDEV 1
| #define HAVE_HTOLE64 1
| #define _LARGEFILE_SOURCE 1
| #define _FILE_OFFSET_BITS 64
| #if defined(SCO_DS)
| #undef _OFF_T
| #endif
| #define RETSIGTYPE void
| #define HAVE_SSIZE_T 1
| #define HAVE___UINT128_T 1
| #define HAVE_GCC_UINT128_T 1
| #define SIZEOF_INT 4
| #define SIZEOF_LONG 8
| #define ALIGNOF_LONG 8
| #define SIZEOF_LONG_LONG 8
| #define SIZEOF_VOID_P 8
| #define SIZEOF_SHORT 2
| #define SIZEOF_FLOAT 4
| #define SIZEOF_DOUBLE 8
| #define SIZEOF_FPOS_T 16
| #define SIZEOF_SIZE_T 8
| #define ALIGNOF_SIZE_T 8
| #define SIZEOF_PID_T 4
| #define SIZEOF_UINTPTR_T 8
| #define ALIGNOF_MAX_ALIGN_T 16
| #define HAVE_LONG_DOUBLE 1
| #define SIZEOF_LONG_DOUBLE 16
| #define SIZEOF__BOOL 1
| #define SIZEOF_OFF_T 8
| #define SIZEOF_TIME_T 8
| #define SIZEOF_PTHREAD_T 8
| #define SIZEOF_PTHREAD_KEY_T 4
| #define PTHREAD_KEY_T_IS_COMPATIBLE_WITH_INT 1
| #define PY_HAVE_PERF_TRAMPOLINE 1
| #define HAVE_LIBDL 1
| #define HAVE_EXECINFO_H 1
| #define HAVE_BACKTRACE 1
| #define HAVE_DLADDR1 1
| #define HAVE_LINK_H 1
| #define HAVE_BACKTRACE 1
| #define HAVE_DLADDR1 1
| #define HAVE_DLFCN_H 1
| #define HAVE_BACKTRACE 1
| #define HAVE_DLADDR1 1
| #define HAVE_UUID_H 1
| #define HAVE_UUID_GENERATE_TIME_SAFE 1
| #define HAVE_FFI_PREP_CIF_VAR 1
| #define HAVE_FFI_PREP_CLOSURE_LOC 1
| #define HAVE_FFI_CLOSURE_ALLOC 1
| #define WITH_DECIMAL_CONTEXTVAR 1
| #define HAVE_LIBSQLITE3 1
| #define HAVE_LIBSQLITE3 1
| #define HAVE_LIBSQLITE3 1
| #define HAVE_LIBSQLITE3 1
| #define HAVE_LIBSQLITE3 1
| #define HAVE_LIBSQLITE3 1
| #define HAVE_LIBSQLITE3 1
| #define HAVE_LIBSQLITE3 1
| #define HAVE_LIBSQLITE3 1
| #define PY_SQLITE_HAVE_SERIALIZE 1
| #define PTHREAD_SYSTEM_SCHED_SUPPORTED 1
| #define HAVE_PTHREAD_SIGMASK 1
| #define HAVE_PTHREAD_GETCPUCLOCKID 1
| #define ENABLE_IPV6 1
| #define HAVE_LINUX_CAN_RAW_FD_FRAMES 1
| #define HAVE_LINUX_CAN_RAW_JOIN_FILTERS 1
| #define WITH_DOC_STRINGS 1
| #define HAVE_STD_ATOMIC 1
| #define HAVE_BUILTIN_ATOMIC 1
| #define WITH_MIMALLOC 1
| #define WITH_PYMALLOC 1
| #define PY_COERCE_C_LOCALE 1
| #define HAVE_DLOPEN 1
| #define HAVE_DYNAMIC_LOADING 1
| #define HAVE_ACCEPT4 1
| #define HAVE_ALARM 1
| #define HAVE_BIND_TEXTDOMAIN_CODESET 1
| #define HAVE_CHMOD 1
| #define HAVE_CHOWN 1
| #define HAVE_CLOCK 1
| #define HAVE_CONFSTR 1
| #define HAVE_COPY_FILE_RANGE 1
| #define HAVE_CTERMID 1
| #define HAVE_DLADDR 1
| #define HAVE_DUP 1
| #define HAVE_DUP3 1
| #define HAVE_EXECV 1
| #define HAVE_EXPLICIT_BZERO 1
| #define HAVE_FACCESSAT 1
| #define HAVE_FCHMOD 1
| #define HAVE_FCHMODAT 1
| #define HAVE_FCHOWN 1
| #define HAVE_FCHOWNAT 1
| #define HAVE_FDOPENDIR 1
| #define HAVE_FEXECVE 1
| #define HAVE_FORK 1
| #define HAVE_FPATHCONF 1
| #define HAVE_FSTATAT 1
| #define HAVE_FTIME 1
| #define HAVE_FTRUNCATE 1
| #define HAVE_FUTIMENS 1
| #define HAVE_FUTIMES 1
| #define HAVE_FUTIMESAT 1
| #define HAVE_GAI_STRERROR 1
| #define HAVE_GETEGID 1
| #define HAVE_GETEUID 1
| #define HAVE_GETGID 1
| #define HAVE_GETGRENT 1
| #define HAVE_GETGRGID 1
| #define HAVE_GETGRGID_R 1
| #define HAVE_GETGRNAM_R 1
| #define HAVE_GETGROUPLIST 1
| #define HAVE_GETHOSTNAME 1
| #define HAVE_GETITIMER 1
| #define HAVE_GETLOADAVG 1
| #define HAVE_GETLOGIN 1
| #define HAVE_GETLOGIN_R 1
| #define HAVE_GETPEERNAME 1
| #define HAVE_GETPGID 1
| #define HAVE_GETPID 1
| #define HAVE_GETPPID 1
| #define HAVE_GETPRIORITY 1
| #define HAVE_GETPWENT 1
| #define HAVE_GETPWNAM_R 1
| #define HAVE_GETPWUID 1
| #define HAVE_GETPWUID_R 1
| #define HAVE_GETRESGID 1
| #define HAVE_GETRESUID 1
| #define HAVE_GETRUSAGE 1
| #define HAVE_GETSID 1
| #define HAVE_GETSPENT 1
| #define HAVE_GETSPNAM 1
| #define HAVE_GETUID 1
| #define HAVE_GETWD 1
| #define HAVE_GRANTPT 1
| #define HAVE_IF_NAMEINDEX 1
| #define HAVE_INITGROUPS 1
| #define HAVE_KILL 1
| #define HAVE_KILLPG 1
| #define HAVE_LCHOWN 1
| #define HAVE_LINKAT 1
| #define HAVE_LOCKF 1
| #define HAVE_LSTAT 1
| #define HAVE_LUTIMES 1
| #define HAVE_MADVISE 1
| #define HAVE_MBRTOWC 1
| #define HAVE_MEMRCHR 1
| #define HAVE_MKDIRAT 1
| #define HAVE_MKFIFO 1
| #define HAVE_MKFIFOAT 1
| #define HAVE_MKNOD 1
| #define HAVE_MKNODAT 1
| #define HAVE_MKTIME 1
| #define HAVE_MMAP 1
| #define HAVE_MREMAP 1
| #define HAVE_NICE 1
| #define HAVE_OPENAT 1
| #define HAVE_OPENDIR 1
| #define HAVE_PATHCONF 1
| #define HAVE_PAUSE 1
| #define HAVE_PIPE 1
| #define HAVE_PIPE2 1
| #define HAVE_POLL 1
| #define HAVE_POSIX_FADVISE 1
| #define HAVE_POSIX_FALLOCATE 1
| #define HAVE_POSIX_OPENPT 1
| #define HAVE_POSIX_SPAWN 1
| #define HAVE_POSIX_SPAWNP 1
| #define HAVE_PREAD 1
| #define HAVE_PREADV 1
| #define HAVE_PREADV2 1
| #define HAVE_PROCESS_VM_READV 1
| #define HAVE_PTHREAD_CONDATTR_SETCLOCK 1
| #define HAVE_PTHREAD_KILL 1
| #define HAVE_PTHREAD_GETNAME_NP 1
| #define HAVE_PTHREAD_SETNAME_NP 1
| #define HAVE_PTHREAD_GETATTR_NP 1
| #define HAVE_PTSNAME 1
| #define HAVE_PTSNAME_R 1
| #define HAVE_PWRITE 1
| #define HAVE_PWRITEV 1
| #define HAVE_PWRITEV2 1
| #define HAVE_READLINK 1
| #define HAVE_READLINKAT 1
| #define HAVE_READV 1
| #define HAVE_REALPATH 1
| #define HAVE_RENAMEAT 1
| #define HAVE_SCHED_GET_PRIORITY_MAX 1
| #define HAVE_SCHED_RR_GET_INTERVAL 1
| #define HAVE_SCHED_SETAFFINITY 1
| #define HAVE_SCHED_SETPARAM 1
| #define HAVE_SCHED_SETSCHEDULER 1
| #define HAVE_SEM_CLOCKWAIT 1
| #define HAVE_SEM_GETVALUE 1
| #define HAVE_SEM_OPEN 1
| #define HAVE_SEM_TIMEDWAIT 1
| #define HAVE_SEM_UNLINK 1
| #define HAVE_SENDFILE 1
| #define HAVE_SETEGID 1
| #define HAVE_SETEUID 1
| #define HAVE_SETGID 1
| #define HAVE_SETHOSTNAME 1
| #define HAVE_SETITIMER 1
| #define HAVE_SETLOCALE 1
| #define HAVE_SETPGID 1
| #define HAVE_SETPGRP 1
| #define HAVE_SETPRIORITY 1
| #define HAVE_SETREGID 1
| #define HAVE_SETRESGID 1
| #define HAVE_SETRESUID 1
| #define HAVE_SETREUID 1
| #define HAVE_SETSID 1
| #define HAVE_SETUID 1
| #define HAVE_SETVBUF 1
| #define HAVE_SHUTDOWN 1
| #define HAVE_SIGACTION 1
| #define HAVE_SIGALTSTACK 1
| #define HAVE_SIGFILLSET 1
| #define HAVE_SIGINTERRUPT 1
| #define HAVE_SIGPENDING 1
| #define HAVE_SIGRELSE 1
| #define HAVE_SIGTIMEDWAIT 1
| #define HAVE_SIGWAIT 1
| #define HAVE_SIGWAITINFO 1
| #define HAVE_SNPRINTF 1
| #define HAVE_SPLICE 1
| #define HAVE_STRFTIME 1
| #define HAVE_STRSIGNAL 1
| #define HAVE_SYMLINKAT 1
| #define HAVE_SYNC 1
| #define HAVE_SYSCONF 1
| #define HAVE_TCGETPGRP 1
| #define HAVE_TCSETPGRP 1
| #define HAVE_TEMPNAM 1
| #define HAVE_TIMEGM 1
| #define HAVE_TIMES 1
| #define HAVE_TMPFILE 1
| #define HAVE_TMPNAM 1
| #define HAVE_TMPNAM_R 1
| #define HAVE_TRUNCATE 1
| #define HAVE_TTYNAME_R 1
| #define HAVE_UMASK 1
| #define HAVE_UNAME 1
| #define HAVE_UNLINKAT 1
| #define HAVE_UNLOCKPT 1
| #define HAVE_UTIMENSAT 1
| #define HAVE_UTIMES 1
| #define HAVE_VFORK 1
| #define HAVE_WAIT 1
| #define HAVE_WAIT3 1
| #define HAVE_WAIT4 1
| #define HAVE_WAITID 1
| #define HAVE_WAITPID 1
| #define HAVE_WCSCOLL 1
| #define HAVE_WCSFTIME 1
| #define HAVE_WCSXFRM 1
| #define HAVE_WMEMCMP 1
| #define HAVE_WRITEV 1
| #define HAVE_GETENTROPY 1
| #define HAVE_GETGROUPS 1
| #define HAVE_SYSTEM 1
| #define HAVE_DIRFD 1
| #define HAVE_CHROOT 1
| #define HAVE_LINK 1
| #define HAVE_SYMLINK 1
| #define HAVE_FCHDIR 1
| #define HAVE_FSYNC 1
| #define HAVE_FDATASYNC 1
| #define HAVE_EPOLL 1
| #define HAVE_EPOLL_CREATE1 1
| #define HAVE_PRLIMIT 1
| #define HAVE_MEMFD_CREATE 1
| #define HAVE_EVENTFD 1
| #define HAVE_TIMERFD_CREATE 1
| #define HAVE_FLOCK 1
| #define HAVE_GETPAGESIZE 1
| /* end confdefs.h.  */
| 
| #include <sys/stat.h>
| #include <unistd.h>
| int main(int argc, char *argv[])
| {
|   if(lchflags(argv[0], 0) != 0)
|     return 1;
|   return 0;
| }
| 
configure:21673: result: no
configure:21710: checking for zlib >= 1.2.0
configure:21717: $PKG_CONFIG --exists --print-errors "zlib >= 1.2.0"
configure:21720: $? = 0
configure:21734: $PKG_CONFIG --exists --print-errors "zlib >= 1.2.0"
configure:21737: $? = 0
configure:22061: result: yes
configure:22094: checking for bzip2
configure:22101: $PKG_CONFIG --exists --print-errors "bzip2"
Package bzip2 was not found in the pkg-config search path.
Perhaps you should add the directory containing `bzip2.pc'
to the PKG_CONFIG_PATH environment variable
No package 'bzip2' found
configure:22104: $? = 1
configure:22118: $PKG_CONFIG --exists --print-errors "bzip2"
Package bzip2 was not found in the pkg-config search path.
Perhaps you should add the directory containing `bzip2.pc'
to the PKG_CONFIG_PATH environment variable
No package 'bzip2' found
configure:22121: $? = 1
configure:22135: result: no
No package 'bzip2' found
configure:22162: checking for bzlib.h
configure:22162: gcc -pthread -c    conftest.c >&5
conftest.c:420:10: fatal error: bzlib.h: No such file or directory
  420 | #include <bzlib.h>
      |          ^~~~~~~~~
compilation terminated.
configure:22162: $? = 1
configure: failed program was:
| /* confdefs.h */
| #define _NETBSD_SOURCE 1
| #define __BSD_VISIBLE 1
| #define _DARWIN_C_SOURCE 1
| #define _PYTHONFRAMEWORK ""
| #define _XOPEN_SOURCE 700
| #define _XOPEN_SOURCE_EXTENDED 1
| #define _POSIX_C_SOURCE 200809L
| #define HAVE_STDIO_H 1
| #define HAVE_STDLIB_H 1
| #define HAVE_STRING_H 1
| #define HAVE_INTTYPES_H 1
| #define HAVE_STDINT_H 1
| #define HAVE_STRINGS_H 1
| #define HAVE_SYS_STAT_H 1
| #define HAVE_SYS_TYPES_H 1
| #define HAVE_UNISTD_H 1
| #define HAVE_WCHAR_H 1
| #define STDC_HEADERS 1
| #define _ALL_SOURCE 1
| #define _DARWIN_C_SOURCE 1
| #define _GNU_SOURCE 1
| #define _HPUX_ALT_XOPEN_SOCKET_API 1
| #define _NETBSD_SOURCE 1
| #define _OPENBSD_SOURCE 1
| #define _POSIX_PTHREAD_SEMANTICS 1
| #define __STDC_WANT_IEC_60559_ATTRIBS_EXT__ 1
| #define __STDC_WANT_IEC_60559_BFP_EXT__ 1
| #define __STDC_WANT_IEC_60559_DFP_EXT__ 1
| #define __STDC_WANT_IEC_60559_EXT__ 1
| #define __STDC_WANT_IEC_60559_FUNCS_EXT__ 1
| #define __STDC_WANT_IEC_60559_TYPES_EXT__ 1
| #define __STDC_WANT_LIB_EXT2__ 1
| #define __STDC_WANT_MATH_SPEC_FUNCS__ 1
| #define _TANDEM_SOURCE 1
| #define __EXTENSIONS__ 1
| #define _Py_STACK_GROWS_DOWN 1
| #define PY_SUPPORT_TIER 1
| #define STDC_HEADERS 1
| #define HAVE_ALLOCA_H 1
| #define HAVE_ASM_TYPES_H 1
| #define HAVE_DLFCN_H 1
| #define HAVE_ENDIAN_H 1
| #define HAVE_ERRNO_H 1
| #define HAVE_FCNTL_H 1
| #define HAVE_GRP_H 1
| #define HAVE_LANGINFO_H 1
| #define HAVE_LIBINTL_H 1
| #define HAVE_LINUX_AUXVEC_H 1
| #define HAVE_SYS_AUXV_H 1
| #define HAVE_LINUX_FS_H 1
| #define HAVE_LINUX_LIMITS_H 1
| #define HAVE_LINUX_MEMFD_H 1
| #define HAVE_LINUX_NETFILTER_IPV4_H 1
| #define HAVE_LINUX_RANDOM_H 1
| #define HAVE_LINUX_SOUNDCARD_H 1
| #define HAVE_LINUX_SCHED_H 1
| #define HAVE_LINUX_TIPC_H 1
| #define HAVE_LINUX_WAIT_H 1
| #define HAVE_NETDB_H 1
| #define HAVE_NET_ETHERNET_H 1
| #define HAVE_NETINET_IN_H 1
| #define HAVE_NETPACKET_PACKET_H 1
| #define HAVE_POLL_H 1
| #define HAVE_PTHREAD_H 1
| #define HAVE_PTY_H 1
| #define HAVE_SCHED_H 1
| #define HAVE_SETJMP_H 1
| #define HAVE_SHADOW_H 1
| #define HAVE_SIGNAL_H 1
| #define HAVE_SPAWN_H 1
| #define HAVE_SYS_EPOLL_H 1
| #define HAVE_SYS_EVENTFD_H 1
| #define HAVE_SYS_FILE_H 1
| #define HAVE_SYS_IOCTL_H 1
| #define HAVE_SYS_MMAN_H 1
| #define HAVE_SYS_PARAM_H 1
| #define HAVE_SYS_POLL_H 1
| #define HAVE_SYS_RANDOM_H 1
| #define HAVE_SYS_RESOURCE_H 1
| #define HAVE_SYS_SELECT_H 1
| #define HAVE_SYS_SENDFILE_H 1
| #define HAVE_SYS_SOCKET_H 1
| #define HAVE_SYS_SOUNDCARD_H 1
| #define HAVE_SYS_STAT_H 1
| #define HAVE_SYS_STATVFS_H 1
| #define HAVE_SYS_SYSCALL_H 1
| #define HAVE_SYS_SYSMACROS_H 1
| #define HAVE_SYS_TIME_H 1
| #define HAVE_SYS_TIMES_H 1
| #define HAVE_SYS_TIMERFD_H 1
| #define HAVE_SYS_TYPES_H 1
| #define HAVE_SYS_UIO_H 1
| #define HAVE_SYS_UN_H 1
| #define HAVE_SYS_UTSNAME_H 1
| #define HAVE_SYS_WAIT_H 1
| #define HAVE_SYS_XATTR_H 1
| #define HAVE_SYSEXITS_H 1
| #define HAVE_SYSLOG_H 1
| #define HAVE_TERMIOS_H 1
| #define HAVE_UTIME_H 1
| #define HAVE_UTMP_H 1
| #define HAVE_DIRENT_H 1
| #define MAJOR_IN_SYSMACROS 1
| #define HAVE_NET_IF_H 1
| #define HAVE_LINUX_NETLINK_H 1
| #define HAVE_LINUX_QRTR_H 1
| #define HAVE_LINUX_VM_SOCKETS_H 1
| #define HAVE_LINUX_CAN_H 1
| #define HAVE_LINUX_CAN_BCM_H 1
| #define HAVE_LINUX_CAN_J1939_H 1
| #define HAVE_LINUX_CAN_RAW_H 1
| #define HAVE_CLOCK_T 1
| #define HAVE_MAKEDEV 1
| #define HAVE_HTOLE64 1
| #define _LARGEFILE_SOURCE 1
| #define _FILE_OFFSET_BITS 64
| #if defined(SCO_DS)
| #undef _OFF_T
| #endif
| #define RETSIGTYPE void
| #define HAVE_SSIZE_T 1
| #define HAVE___UINT128_T 1
| #define HAVE_GCC_UINT128_T 1
| #define SIZEOF_INT 4
| #define SIZEOF_LONG 8
| #define ALIGNOF_LONG 8
| #define SIZEOF_LONG_LONG 8
| #define SIZEOF_VOID_P 8
| #define SIZEOF_SHORT 2
| #define SIZEOF_FLOAT 4
| #define SIZEOF_DOUBLE 8
| #define SIZEOF_FPOS_T 16
| #define SIZEOF_SIZE_T 8
| #define ALIGNOF_SIZE_T 8
| #define SIZEOF_PID_T 4
| #define SIZEOF_UINTPTR_T 8
| #define ALIGNOF_MAX_ALIGN_T 16
| #define HAVE_LONG_DOUBLE 1
| #define SIZEOF_LONG_DOUBLE 16
| #define SIZEOF__BOOL 1
| #define SIZEOF_OFF_T 8
| #define SIZEOF_TIME_T 8
| #define SIZEOF_PTHREAD_T 8
| #define SIZEOF_PTHREAD_KEY_T 4
| #define PTHREAD_KEY_T_IS_COMPATIBLE_WITH_INT 1
| #define PY_HAVE_PERF_TRAMPOLINE 1
| #define HAVE_LIBDL 1
| #define HAVE_EXECINFO_H 1
| #define HAVE_BACKTRACE 1
| #define HAVE_DLADDR1 1
| #define HAVE_LINK_H 1
| #define HAVE_BACKTRACE 1
| #define HAVE_DLADDR1 1
| #define HAVE_DLFCN_H 1
| #define HAVE_BACKTRACE 1
| #define HAVE_DLADDR1 1
| #define HAVE_UUID_H 1
| #define HAVE_UUID_GENERATE_TIME_SAFE 1
| #define HAVE_FFI_PREP_CIF_VAR 1
| #define HAVE_FFI_PREP_CLOSURE_LOC 1
| #define HAVE_FFI_CLOSURE_ALLOC 1
| #define WITH_DECIMAL_CONTEXTVAR 1
| #define HAVE_LIBSQLITE3 1
| #define HAVE_LIBSQLITE3 1
| #define HAVE_LIBSQLITE3 1
| #define HAVE_LIBSQLITE3 1
| #define HAVE_LIBSQLITE3 1
| #define HAVE_LIBSQLITE3 1
| #define HAVE_LIBSQLITE3 1
| #define HAVE_LIBSQLITE3 1
| #define HAVE_LIBSQLITE3 1
| #define PY_SQLITE_HAVE_SERIALIZE 1
| #define PTHREAD_SYSTEM_SCHED_SUPPORTED 1
| #define HAVE_PTHREAD_SIGMASK 1
| #define HAVE_PTHREAD_GETCPUCLOCKID 1
| #define ENABLE_IPV6 1
| #define HAVE_LINUX_CAN_RAW_FD_FRAMES 1
| #define HAVE_LINUX_CAN_RAW_JOIN_FILTERS 1
| #define WITH_DOC_STRINGS 1
| #define HAVE_STD_ATOMIC 1
| #define HAVE_BUILTIN_ATOMIC 1
| #define WITH_MIMALLOC 1
| #define WITH_PYMALLOC 1
| #define PY_COERCE_C_LOCALE 1
| #define HAVE_DLOPEN 1
| #define HAVE_DYNAMIC_LOADING 1
| #define HAVE_ACCEPT4 1
| #define HAVE_ALARM 1
| #define HAVE_BIND_TEXTDOMAIN_CODESET 1
| #define HAVE_CHMOD 1
| #define HAVE_CHOWN 1
| #define HAVE_CLOCK 1
| #define HAVE_CONFSTR 1
| #define HAVE_COPY_FILE_RANGE 1
| #define HAVE_CTERMID 1
| #define HAVE_DLADDR 1
| #define HAVE_DUP 1
| #define HAVE_DUP3 1
| #define HAVE_EXECV 1
| #define HAVE_EXPLICIT_BZERO 1
| #define HAVE_FACCESSAT 1
| #define HAVE_FCHMOD 1
| #define HAVE_FCHMODAT 1
| #define HAVE_FCHOWN 1
| #define HAVE_FCHOWNAT 1
| #define HAVE_FDOPENDIR 1
| #define HAVE_FEXECVE 1
| #define HAVE_FORK 1
| #define HAVE_FPATHCONF 1
| #define HAVE_FSTATAT 1
| #define HAVE_FTIME 1
| #define HAVE_FTRUNCATE 1
| #define HAVE_FUTIMENS 1
| #define HAVE_FUTIMES 1
| #define HAVE_FUTIMESAT 1
| #define HAVE_GAI_STRERROR 1
| #define HAVE_GETEGID 1
| #define HAVE_GETEUID 1
| #define HAVE_GETGID 1
| #define HAVE_GETGRENT 1
| #define HAVE_GETGRGID 1
| #define HAVE_GETGRGID_R 1
| #define HAVE_GETGRNAM_R 1
| #define HAVE_GETGROUPLIST 1
| #define HAVE_GETHOSTNAME 1
| #define HAVE_GETITIMER 1
| #define HAVE_GETLOADAVG 1
| #define HAVE_GETLOGIN 1
| #define HAVE_GETLOGIN_R 1
| #define HAVE_GETPEERNAME 1
| #define HAVE_GETPGID 1
| #define HAVE_GETPID 1
| #define HAVE_GETPPID 1
| #define HAVE_GETPRIORITY 1
| #define HAVE_GETPWENT 1
| #define HAVE_GETPWNAM_R 1
| #define HAVE_GETPWUID 1
| #define HAVE_GETPWUID_R 1
| #define HAVE_GETRESGID 1
| #define HAVE_GETRESUID 1
| #define HAVE_GETRUSAGE 1
| #define HAVE_GETSID 1
| #define HAVE_GETSPENT 1
| #define HAVE_GETSPNAM 1
| #define HAVE_GETUID 1
| #define HAVE_GETWD 1
| #define HAVE_GRANTPT 1
| #define HAVE_IF_NAMEINDEX 1
| #define HAVE_INITGROUPS 1
| #define HAVE_KILL 1
| #define HAVE_KILLPG 1
| #define HAVE_LCHOWN 1
| #define HAVE_LINKAT 1
| #define HAVE_LOCKF 1
| #define HAVE_LSTAT 1
| #define HAVE_LUTIMES 1
| #define HAVE_MADVISE 1
| #define HAVE_MBRTOWC 1
| #define HAVE_MEMRCHR 1
| #define HAVE_MKDIRAT 1
| #define HAVE_MKFIFO 1
| #define HAVE_MKFIFOAT 1
| #define HAVE_MKNOD 1
| #define HAVE_MKNODAT 1
| #define HAVE_MKTIME 1
| #define HAVE_MMAP 1
| #define HAVE_MREMAP 1
| #define HAVE_NICE 1
| #define HAVE_OPENAT 1
| #define HAVE_OPENDIR 1
| #define HAVE_PATHCONF 1
| #define HAVE_PAUSE 1
| #define HAVE_PIPE 1
| #define HAVE_PIPE2 1
| #define HAVE_POLL 1
| #define HAVE_POSIX_FADVISE 1
| #define HAVE_POSIX_FALLOCATE 1
| #define HAVE_POSIX_OPENPT 1
| #define HAVE_POSIX_SPAWN 1
| #define HAVE_POSIX_SPAWNP 1
| #define HAVE_PREAD 1
| #define HAVE_PREADV 1
| #define HAVE_PREADV2 1
| #define HAVE_PROCESS_VM_READV 1
| #define HAVE_PTHREAD_CONDATTR_SETCLOCK 1
| #define HAVE_PTHREAD_KILL 1
| #define HAVE_PTHREAD_GETNAME_NP 1
| #define HAVE_PTHREAD_SETNAME_NP 1
| #define HAVE_PTHREAD_GETATTR_NP 1
| #define HAVE_PTSNAME 1
| #define HAVE_PTSNAME_R 1
| #define HAVE_PWRITE 1
| #define HAVE_PWRITEV 1
| #define HAVE_PWRITEV2 1
| #define HAVE_READLINK 1
| #define HAVE_READLINKAT 1
| #define HAVE_READV 1
| #define HAVE_REALPATH 1
| #define HAVE_RENAMEAT 1
| #define HAVE_SCHED_GET_PRIORITY_MAX 1
| #define HAVE_SCHED_RR_GET_INTERVAL 1
| #define HAVE_SCHED_SETAFFINITY 1
| #define HAVE_SCHED_SETPARAM 1
| #define HAVE_SCHED_SETSCHEDULER 1
| #define HAVE_SEM_CLOCKWAIT 1
| #define HAVE_SEM_GETVALUE 1
| #define HAVE_SEM_OPEN 1
| #define HAVE_SEM_TIMEDWAIT 1
| #define HAVE_SEM_UNLINK 1
| #define HAVE_SENDFILE 1
| #define HAVE_SETEGID 1
| #define HAVE_SETEUID 1
| #define HAVE_SETGID 1
| #define HAVE_SETHOSTNAME 1
| #define HAVE_SETITIMER 1
| #define HAVE_SETLOCALE 1
| #define HAVE_SETPGID 1
| #define HAVE_SETPGRP 1
| #define HAVE_SETPRIORITY 1
| #define HAVE_SETREGID 1
| #define HAVE_SETRESGID 1
| #define HAVE_SETRESUID 1
| #define HAVE_SETREUID 1
| #define HAVE_SETSID 1
| #define HAVE_SETUID 1
| #define HAVE_SETVBUF 1
| #define HAVE_SHUTDOWN 1
| #define HAVE_SIGACTION 1
| #define HAVE_SIGALTSTACK 1
| #define HAVE_SIGFILLSET 1
| #define HAVE_SIGINTERRUPT 1
| #define HAVE_SIGPENDING 1
| #define HAVE_SIGRELSE 1
| #define HAVE_SIGTIMEDWAIT 1
| #define HAVE_SIGWAIT 1
| #define HAVE_SIGWAITINFO 1
| #define HAVE_SNPRINTF 1
| #define HAVE_SPLICE 1
| #define HAVE_STRFTIME 1
| #define HAVE_STRSIGNAL 1
| #define HAVE_SYMLINKAT 1
| #define HAVE_SYNC 1
| #define HAVE_SYSCONF 1
| #define HAVE_TCGETPGRP 1
| #define HAVE_TCSETPGRP 1
| #define HAVE_TEMPNAM 1
| #define HAVE_TIMEGM 1
| #define HAVE_TIMES 1
| #define HAVE_TMPFILE 1
| #define HAVE_TMPNAM 1
| #define HAVE_TMPNAM_R 1
| #define HAVE_TRUNCATE 1
| #define HAVE_TTYNAME_R 1
| #define HAVE_UMASK 1
| #define HAVE_UNAME 1
| #define HAVE_UNLINKAT 1
| #define HAVE_UNLOCKPT 1
| #define HAVE_UTIMENSAT 1
| #define HAVE_UTIMES 1
| #define HAVE_VFORK 1
| #define HAVE_WAIT 1
| #define HAVE_WAIT3 1
| #define HAVE_WAIT4 1
| #define HAVE_WAITID 1
| #define HAVE_WAITPID 1
| #define HAVE_WCSCOLL 1
| #define HAVE_WCSFTIME 1
| #define HAVE_WCSXFRM 1
| #define HAVE_WMEMCMP 1
| #define HAVE_WRITEV 1
| #define HAVE_GETENTROPY 1
| #define HAVE_GETGROUPS 1
| #define HAVE_SYSTEM 1
| #define HAVE_DIRFD 1
| #define HAVE_CHROOT 1
| #define HAVE_LINK 1
| #define HAVE_SYMLINK 1
| #define HAVE_FCHDIR 1
| #define HAVE_FSYNC 1
| #define HAVE_FDATASYNC 1
| #define HAVE_EPOLL 1
| #define HAVE_EPOLL_CREATE1 1
| #define HAVE_PRLIMIT 1
| #define HAVE_MEMFD_CREATE 1
| #define HAVE_EVENTFD 1
| #define HAVE_TIMERFD_CREATE 1
| #define HAVE_FLOCK 1
| #define HAVE_GETPAGESIZE 1
| #define HAVE_ZLIB_COPY 1
| /* end confdefs.h.  */
| #include <stddef.h>
| #ifdef HAVE_STDIO_H
| # include <stdio.h>
| #endif
| #ifdef HAVE_STDLIB_H
| # include <stdlib.h>
| #endif
| #ifdef HAVE_STRING_H
| # include <string.h>
| #endif
| #ifdef HAVE_INTTYPES_H
| # include <inttypes.h>
| #endif
| #ifdef HAVE_STDINT_H
| # include <stdint.h>
| #endif
| #ifdef HAVE_STRINGS_H
| # include <strings.h>
| #endif
| #ifdef HAVE_SYS_TYPES_H
| # include <sys/types.h>
| #endif
| #ifdef HAVE_SYS_STAT_H
| # include <sys/stat.h>
| #endif
| #ifdef HAVE_UNISTD_H
| # include <unistd.h>
| #endif
| #include <bzlib.h>
configure:22162: result: no
configure:22342: checking for liblzma
configure:22349: $PKG_CONFIG --exists --print-errors "liblzma"
configure:22352: $? = 0
configure:22366: $PKG_CONFIG --exists --print-errors "liblzma"
configure:22369: $? = 0
configure:22583: result: yes
configure:22590: checking for libzstd >= 1.4.5
configure:22597: $PKG_CONFIG --exists --print-errors "libzstd >= 1.4.5"
configure:22600: $? = 0
configure:22614: $PKG_CONFIG --exists --print-errors "libzstd >= 1.4.5"
configure:22617: $? = 0
configure:22945: result: yes
configure:22954: checking for hstrerror
configure:22971: gcc -pthread -c   conftest.c >&5
configure:22971: $? = 0
configure:22982: result: yes
configure:22995: checking for getservbyname
configure:23012: gcc -pthread -c   conftest.c >&5
configure:23012: $? = 0
configure:23023: result: yes
configure:23036: checking for getservbyport
configure:23053: gcc -pthread -c   conftest.c >&5
configure:23053: $? = 0
configure:23064: result: yes
configure:23077: checking for gethostbyname
configure:23094: gcc -pthread -c   conftest.c >&5
configure:23094: $? = 0
configure:23105: result: yes
configure:23118: checking for gethostbyaddr
configure:23135: gcc -pthread -c   conftest.c >&5
configure:23135: $? = 0
configure:23146: result: yes
configure:23159: checking for getprotobyname
configure:23176: gcc -pthread -c   conftest.c >&5
configure:23176: $? = 0
configure:23187: result: yes
configure:23203: checking for inet_aton
configure:23225: gcc -pthread -c   conftest.c >&5
configure:23225: $? = 0
configure:23236: result: yes
configure:23249: checking for inet_ntoa
configure:23271: gcc -pthread -c   conftest.c >&5
configure:23271: $? = 0
configure:23282: result: yes
configure:23295: checking for inet_pton
configure:23317: gcc -pthread -c   conftest.c >&5
configure:23317: $? = 0
configure:23328: result: yes
configure:23341: checking for getpeername
configure:23374: result: yes
configure:23387: checking for getsockname
configure:23409: gcc -pthread -c   conftest.c >&5
configure:23409: $? = 0
configure:23420: result: yes
configure:23433: checking for accept
configure:23455: gcc -pthread -c   conftest.c >&5
configure:23455: $? = 0
configure:23466: result: yes
configure:23479: checking for bind
configure:23501: gcc -pthread -c   conftest.c >&5
configure:23501: $? = 0
configure:23512: result: yes
configure:23525: checking for connect
configure:23547: gcc -pthread -c   conftest.c >&5
configure:23547: $? = 0
configure:23558: result: yes
configure:23571: checking for listen
configure:23593: gcc -pthread -c   conftest.c >&5
configure:23593: $? = 0
configure:23604: result: yes
configure:23617: checking for recvfrom
configure:23639: gcc -pthread -c   conftest.c >&5
configure:23639: $? = 0
configure:23650: result: yes
configure:23663: checking for sendto
configure:23685: gcc -pthread -c   conftest.c >&5
configure:23685: $? = 0
configure:23696: result: yes
configure:23709: checking for setsockopt
configure:23731: gcc -pthread -c   conftest.c >&5
configure:23731: $? = 0
configure:23742: result: yes
configure:23755: checking for socket
configure:23777: gcc -pthread -c   conftest.c >&5
configure:23777: $? = 0
configure:23788: result: yes
configure:23803: checking for setgroups
configure:23825: gcc -pthread -c   conftest.c >&5
configure:23825: $? = 0
configure:23836: result: yes
configure:23848: checking whether MAXLOGNAME is declared
configure:23848: gcc -pthread -c    conftest.c >&5
conftest.c: In function 'main':
conftest.c:421:10: error: 'MAXLOGNAME' undeclared (first use in this function)
  421 |   (void) MAXLOGNAME;
      |          ^~~~~~~~~~
conftest.c:421:10: note: each undeclared identifier is reported only once for each function it appears in
configure:23848: $? = 1
configure: failed program was:
| /* confdefs.h */
| #define _NETBSD_SOURCE 1
| #define __BSD_VISIBLE 1
| #define _DARWIN_C_SOURCE 1
| #define _PYTHONFRAMEWORK ""
| #define _XOPEN_SOURCE 700
| #define _XOPEN_SOURCE_EXTENDED 1
| #define _POSIX_C_SOURCE 200809L
| #define HAVE_STDIO_H 1
| #define HAVE_STDLIB_H 1
| #define HAVE_STRING_H 1
| #define HAVE_INTTYPES_H 1
| #define HAVE_STDINT_H 1
| #define HAVE_STRINGS_H 1
| #define HAVE_SYS_STAT_H 1
| #define HAVE_SYS_TYPES_H 1
| #define HAVE_UNISTD_H 1
| #define HAVE_WCHAR_H 1
| #define STDC_HEADERS 1
| #define _ALL_SOURCE 1
| #define _DARWIN_C_SOURCE 1
| #define _GNU_SOURCE 1
| #define _HPUX_ALT_XOPEN_SOCKET_API 1
| #define _NETBSD_SOURCE 1
| #define _OPENBSD_SOURCE 1
| #define _POSIX_PTHREAD_SEMANTICS 1
| #define __STDC_WANT_IEC_60559_ATTRIBS_EXT__ 1
| #define __STDC_WANT_IEC_60559_BFP_EXT__ 1
| #define __STDC_WANT_IEC_60559_DFP_EXT__ 1
| #define __STDC_WANT_IEC_60559_EXT__ 1
| #define __STDC_WANT_IEC_60559_FUNCS_EXT__ 1
| #define __STDC_WANT_IEC_60559_TYPES_EXT__ 1
| #define __STDC_WANT_LIB_EXT2__ 1
| #define __STDC_WANT_MATH_SPEC_FUNCS__ 1
| #define _TANDEM_SOURCE 1
| #define __EXTENSIONS__ 1
| #define _Py_STACK_GROWS_DOWN 1
| #define PY_SUPPORT_TIER 1
| #define STDC_HEADERS 1
| #define HAVE_ALLOCA_H 1
| #define HAVE_ASM_TYPES_H 1
| #define HAVE_DLFCN_H 1
| #define HAVE_ENDIAN_H 1
| #define HAVE_ERRNO_H 1
| #define HAVE_FCNTL_H 1
| #define HAVE_GRP_H 1
| #define HAVE_LANGINFO_H 1
| #define HAVE_LIBINTL_H 1
| #define HAVE_LINUX_AUXVEC_H 1
| #define HAVE_SYS_AUXV_H 1
| #define HAVE_LINUX_FS_H 1
| #define HAVE_LINUX_LIMITS_H 1
| #define HAVE_LINUX_MEMFD_H 1
| #define HAVE_LINUX_NETFILTER_IPV4_H 1
| #define HAVE_LINUX_RANDOM_H 1
| #define HAVE_LINUX_SOUNDCARD_H 1
| #define HAVE_LINUX_SCHED_H 1
| #define HAVE_LINUX_TIPC_H 1
| #define HAVE_LINUX_WAIT_H 1
| #define HAVE_NETDB_H 1
| #define HAVE_NET_ETHERNET_H 1
| #define HAVE_NETINET_IN_H 1
| #define HAVE_NETPACKET_PACKET_H 1
| #define HAVE_POLL_H 1
| #define HAVE_PTHREAD_H 1
| #define HAVE_PTY_H 1
| #define HAVE_SCHED_H 1
| #define HAVE_SETJMP_H 1
| #define HAVE_SHADOW_H 1
| #define HAVE_SIGNAL_H 1
| #define HAVE_SPAWN_H 1
| #define HAVE_SYS_EPOLL_H 1
| #define HAVE_SYS_EVENTFD_H 1
| #define HAVE_SYS_FILE_H 1
| #define HAVE_SYS_IOCTL_H 1
| #define HAVE_SYS_MMAN_H 1
| #define HAVE_SYS_PARAM_H 1
| #define HAVE_SYS_POLL_H 1
| #define HAVE_SYS_RANDOM_H 1
| #define HAVE_SYS_RESOURCE_H 1
| #define HAVE_SYS_SELECT_H 1
| #define HAVE_SYS_SENDFILE_H 1
| #define HAVE_SYS_SOCKET_H 1
| #define HAVE_SYS_SOUNDCARD_H 1
| #define HAVE_SYS_STAT_H 1
| #define HAVE_SYS_STATVFS_H 1
| #define HAVE_SYS_SYSCALL_H 1
| #define HAVE_SYS_SYSMACROS_H 1
| #define HAVE_SYS_TIME_H 1
| #define HAVE_SYS_TIMES_H 1
| #define HAVE_SYS_TIMERFD_H 1
| #define HAVE_SYS_TYPES_H 1
| #define HAVE_SYS_UIO_H 1
| #define HAVE_SYS_UN_H 1
| #define HAVE_SYS_UTSNAME_H 1
| #define HAVE_SYS_WAIT_H 1
| #define HAVE_SYS_XATTR_H 1
| #define HAVE_SYSEXITS_H 1
| #define HAVE_SYSLOG_H 1
| #define HAVE_TERMIOS_H 1
| #define HAVE_UTIME_H 1
| #define HAVE_UTMP_H 1
| #define HAVE_DIRENT_H 1
| #define MAJOR_IN_SYSMACROS 1
| #define HAVE_NET_IF_H 1
| #define HAVE_LINUX_NETLINK_H 1
| #define HAVE_LINUX_QRTR_H 1
| #define HAVE_LINUX_VM_SOCKETS_H 1
| #define HAVE_LINUX_CAN_H 1
| #define HAVE_LINUX_CAN_BCM_H 1
| #define HAVE_LINUX_CAN_J1939_H 1
| #define HAVE_LINUX_CAN_RAW_H 1
| #define HAVE_CLOCK_T 1
| #define HAVE_MAKEDEV 1
| #define HAVE_HTOLE64 1
| #define _LARGEFILE_SOURCE 1
| #define _FILE_OFFSET_BITS 64
| #if defined(SCO_DS)
| #undef _OFF_T
| #endif
| #define RETSIGTYPE void
| #define HAVE_SSIZE_T 1
| #define HAVE___UINT128_T 1
| #define HAVE_GCC_UINT128_T 1
| #define SIZEOF_INT 4
| #define SIZEOF_LONG 8
| #define ALIGNOF_LONG 8
| #define SIZEOF_LONG_LONG 8
| #define SIZEOF_VOID_P 8
| #define SIZEOF_SHORT 2
| #define SIZEOF_FLOAT 4
| #define SIZEOF_DOUBLE 8
| #define SIZEOF_FPOS_T 16
| #define SIZEOF_SIZE_T 8
| #define ALIGNOF_SIZE_T 8
| #define SIZEOF_PID_T 4
| #define SIZEOF_UINTPTR_T 8
| #define ALIGNOF_MAX_ALIGN_T 16
| #define HAVE_LONG_DOUBLE 1
| #define SIZEOF_LONG_DOUBLE 16
| #define SIZEOF__BOOL 1
| #define SIZEOF_OFF_T 8
| #define SIZEOF_TIME_T 8
| #define SIZEOF_PTHREAD_T 8
| #define SIZEOF_PTHREAD_KEY_T 4
| #define PTHREAD_KEY_T_IS_COMPATIBLE_WITH_INT 1
| #define PY_HAVE_PERF_TRAMPOLINE 1
| #define HAVE_LIBDL 1
| #define HAVE_EXECINFO_H 1
| #define HAVE_BACKTRACE 1
| #define HAVE_DLADDR1 1
| #define HAVE_LINK_H 1
| #define HAVE_BACKTRACE 1
| #define HAVE_DLADDR1 1
| #define HAVE_DLFCN_H 1
| #define HAVE_BACKTRACE 1
| #define HAVE_DLADDR1 1
| #define HAVE_UUID_H 1
| #define HAVE_UUID_GENERATE_TIME_SAFE 1
| #define HAVE_FFI_PREP_CIF_VAR 1
| #define HAVE_FFI_PREP_CLOSURE_LOC 1
| #define HAVE_FFI_CLOSURE_ALLOC 1
| #define WITH_DECIMAL_CONTEXTVAR 1
| #define HAVE_LIBSQLITE3 1
| #define HAVE_LIBSQLITE3 1
| #define HAVE_LIBSQLITE3 1
| #define HAVE_LIBSQLITE3 1
| #define HAVE_LIBSQLITE3 1
| #define HAVE_LIBSQLITE3 1
| #define HAVE_LIBSQLITE3 1
| #define HAVE_LIBSQLITE3 1
| #define HAVE_LIBSQLITE3 1
| #define PY_SQLITE_HAVE_SERIALIZE 1
| #define PTHREAD_SYSTEM_SCHED_SUPPORTED 1
| #define HAVE_PTHREAD_SIGMASK 1
| #define HAVE_PTHREAD_GETCPUCLOCKID 1
| #define ENABLE_IPV6 1
| #define HAVE_LINUX_CAN_RAW_FD_FRAMES 1
| #define HAVE_LINUX_CAN_RAW_JOIN_FILTERS 1
| #define WITH_DOC_STRINGS 1
| #define HAVE_STD_ATOMIC 1
| #define HAVE_BUILTIN_ATOMIC 1
| #define WITH_MIMALLOC 1
| #define WITH_PYMALLOC 1
| #define PY_COERCE_C_LOCALE 1
| #define HAVE_DLOPEN 1
| #define HAVE_DYNAMIC_LOADING 1
| #define HAVE_ACCEPT4 1
| #define HAVE_ALARM 1
| #define HAVE_BIND_TEXTDOMAIN_CODESET 1
| #define HAVE_CHMOD 1
| #define HAVE_CHOWN 1
| #define HAVE_CLOCK 1
| #define HAVE_CONFSTR 1
| #define HAVE_COPY_FILE_RANGE 1
| #define HAVE_CTERMID 1
| #define HAVE_DLADDR 1
| #define HAVE_DUP 1
| #define HAVE_DUP3 1
| #define HAVE_EXECV 1
| #define HAVE_EXPLICIT_BZERO 1
| #define HAVE_FACCESSAT 1
| #define HAVE_FCHMOD 1
| #define HAVE_FCHMODAT 1
| #define HAVE_FCHOWN 1
| #define HAVE_FCHOWNAT 1
| #define HAVE_FDOPENDIR 1
| #define HAVE_FEXECVE 1
| #define HAVE_FORK 1
| #define HAVE_FPATHCONF 1
| #define HAVE_FSTATAT 1
| #define HAVE_FTIME 1
| #define HAVE_FTRUNCATE 1
| #define HAVE_FUTIMENS 1
| #define HAVE_FUTIMES 1
| #define HAVE_FUTIMESAT 1
| #define HAVE_GAI_STRERROR 1
| #define HAVE_GETEGID 1
| #define HAVE_GETEUID 1
| #define HAVE_GETGID 1
| #define HAVE_GETGRENT 1
| #define HAVE_GETGRGID 1
| #define HAVE_GETGRGID_R 1
| #define HAVE_GETGRNAM_R 1
| #define HAVE_GETGROUPLIST 1
| #define HAVE_GETHOSTNAME 1
| #define HAVE_GETITIMER 1
| #define HAVE_GETLOADAVG 1
| #define HAVE_GETLOGIN 1
| #define HAVE_GETLOGIN_R 1
| #define HAVE_GETPEERNAME 1
| #define HAVE_GETPGID 1
| #define HAVE_GETPID 1
| #define HAVE_GETPPID 1
| #define HAVE_GETPRIORITY 1
| #define HAVE_GETPWENT 1
| #define HAVE_GETPWNAM_R 1
| #define HAVE_GETPWUID 1
| #define HAVE_GETPWUID_R 1
| #define HAVE_GETRESGID 1
| #define HAVE_GETRESUID 1
| #define HAVE_GETRUSAGE 1
| #define HAVE_GETSID 1
| #define HAVE_GETSPENT 1
| #define HAVE_GETSPNAM 1
| #define HAVE_GETUID 1
| #define HAVE_GETWD 1
| #define HAVE_GRANTPT 1
| #define HAVE_IF_NAMEINDEX 1
| #define HAVE_INITGROUPS 1
| #define HAVE_KILL 1
| #define HAVE_KILLPG 1
| #define HAVE_LCHOWN 1
| #define HAVE_LINKAT 1
| #define HAVE_LOCKF 1
| #define HAVE_LSTAT 1
| #define HAVE_LUTIMES 1
| #define HAVE_MADVISE 1
| #define HAVE_MBRTOWC 1
| #define HAVE_MEMRCHR 1
| #define HAVE_MKDIRAT 1
| #define HAVE_MKFIFO 1
| #define HAVE_MKFIFOAT 1
| #define HAVE_MKNOD 1
| #define HAVE_MKNODAT 1
| #define HAVE_MKTIME 1
| #define HAVE_MMAP 1
| #define HAVE_MREMAP 1
| #define HAVE_NICE 1
| #define HAVE_OPENAT 1
| #define HAVE_OPENDIR 1
| #define HAVE_PATHCONF 1
| #define HAVE_PAUSE 1
| #define HAVE_PIPE 1
| #define HAVE_PIPE2 1
| #define HAVE_POLL 1
| #define HAVE_POSIX_FADVISE 1
| #define HAVE_POSIX_FALLOCATE 1
| #define HAVE_POSIX_OPENPT 1
| #define HAVE_POSIX_SPAWN 1
| #define HAVE_POSIX_SPAWNP 1
| #define HAVE_PREAD 1
| #define HAVE_PREADV 1
| #define HAVE_PREADV2 1
| #define HAVE_PROCESS_VM_READV 1
| #define HAVE_PTHREAD_CONDATTR_SETCLOCK 1
| #define HAVE_PTHREAD_KILL 1
| #define HAVE_PTHREAD_GETNAME_NP 1
| #define HAVE_PTHREAD_SETNAME_NP 1
| #define HAVE_PTHREAD_GETATTR_NP 1
| #define HAVE_PTSNAME 1
| #define HAVE_PTSNAME_R 1
| #define HAVE_PWRITE 1
| #define HAVE_PWRITEV 1
| #define HAVE_PWRITEV2 1
| #define HAVE_READLINK 1
| #define HAVE_READLINKAT 1
| #define HAVE_READV 1
| #define HAVE_REALPATH 1
| #define HAVE_RENAMEAT 1
| #define HAVE_SCHED_GET_PRIORITY_MAX 1
| #define HAVE_SCHED_RR_GET_INTERVAL 1
| #define HAVE_SCHED_SETAFFINITY 1
| #define HAVE_SCHED_SETPARAM 1
| #define HAVE_SCHED_SETSCHEDULER 1
| #define HAVE_SEM_CLOCKWAIT 1
| #define HAVE_SEM_GETVALUE 1
| #define HAVE_SEM_OPEN 1
| #define HAVE_SEM_TIMEDWAIT 1
| #define HAVE_SEM_UNLINK 1
| #define HAVE_SENDFILE 1
| #define HAVE_SETEGID 1
| #define HAVE_SETEUID 1
| #define HAVE_SETGID 1
| #define HAVE_SETHOSTNAME 1
| #define HAVE_SETITIMER 1
| #define HAVE_SETLOCALE 1
| #define HAVE_SETPGID 1
| #define HAVE_SETPGRP 1
| #define HAVE_SETPRIORITY 1
| #define HAVE_SETREGID 1
| #define HAVE_SETRESGID 1
| #define HAVE_SETRESUID 1
| #define HAVE_SETREUID 1
| #define HAVE_SETSID 1
| #define HAVE_SETUID 1
| #define HAVE_SETVBUF 1
| #define HAVE_SHUTDOWN 1
| #define HAVE_SIGACTION 1
| #define HAVE_SIGALTSTACK 1
| #define HAVE_SIGFILLSET 1
| #define HAVE_SIGINTERRUPT 1
| #define HAVE_SIGPENDING 1
| #define HAVE_SIGRELSE 1
| #define HAVE_SIGTIMEDWAIT 1
| #define HAVE_SIGWAIT 1
| #define HAVE_SIGWAITINFO 1
| #define HAVE_SNPRINTF 1
| #define HAVE_SPLICE 1
| #define HAVE_STRFTIME 1
| #define HAVE_STRSIGNAL 1
| #define HAVE_SYMLINKAT 1
| #define HAVE_SYNC 1
| #define HAVE_SYSCONF 1
| #define HAVE_TCGETPGRP 1
| #define HAVE_TCSETPGRP 1
| #define HAVE_TEMPNAM 1
| #define HAVE_TIMEGM 1
| #define HAVE_TIMES 1
| #define HAVE_TMPFILE 1
| #define HAVE_TMPNAM 1
| #define HAVE_TMPNAM_R 1
| #define HAVE_TRUNCATE 1
| #define HAVE_TTYNAME_R 1
| #define HAVE_UMASK 1
| #define HAVE_UNAME 1
| #define HAVE_UNLINKAT 1
| #define HAVE_UNLOCKPT 1
| #define HAVE_UTIMENSAT 1
| #define HAVE_UTIMES 1
| #define HAVE_VFORK 1
| #define HAVE_WAIT 1
| #define HAVE_WAIT3 1
| #define HAVE_WAIT4 1
| #define HAVE_WAITID 1
| #define HAVE_WAITPID 1
| #define HAVE_WCSCOLL 1
| #define HAVE_WCSFTIME 1
| #define HAVE_WCSXFRM 1
| #define HAVE_WMEMCMP 1
| #define HAVE_WRITEV 1
| #define HAVE_GETENTROPY 1
| #define HAVE_GETGROUPS 1
| #define HAVE_SYSTEM 1
| #define HAVE_DIRFD 1
| #define HAVE_CHROOT 1
| #define HAVE_LINK 1
| #define HAVE_SYMLINK 1
| #define HAVE_FCHDIR 1
| #define HAVE_FSYNC 1
| #define HAVE_FDATASYNC 1
| #define HAVE_EPOLL 1
| #define HAVE_EPOLL_CREATE1 1
| #define HAVE_PRLIMIT 1
| #define HAVE_MEMFD_CREATE 1
| #define HAVE_EVENTFD 1
| #define HAVE_TIMERFD_CREATE 1
| #define HAVE_FLOCK 1
| #define HAVE_GETPAGESIZE 1
| #define HAVE_ZLIB_COPY 1
| #define HAVE_HSTRERROR 1
| #define HAVE_GETSERVBYNAME 1
| #define HAVE_GETSERVBYPORT 1
| #define HAVE_GETHOSTBYNAME 1
| #define HAVE_GETHOSTBYADDR 1
| #define HAVE_GETPROTOBYNAME 1
| #define HAVE_INET_ATON 1
| #define HAVE_INET_NTOA 1
| #define HAVE_INET_PTON 1
| #define HAVE_GETPEERNAME 1
| #define HAVE_GETSOCKNAME 1
| #define HAVE_ACCEPT 1
| #define HAVE_BIND 1
| #define HAVE_CONNECT 1
| #define HAVE_LISTEN 1
| #define HAVE_RECVFROM 1
| #define HAVE_SENDTO 1
| #define HAVE_SETSOCKOPT 1
| #define HAVE_SOCKET 1
| #define HAVE_SETGROUPS 1
| /* end confdefs.h.  */
| #include <sys/param.h>
| 
| int
| main (void)
| {
| #ifndef MAXLOGNAME
| #ifdef __cplusplus
|   (void) MAXLOGNAME;
| #else
|   (void) MAXLOGNAME;
| #endif
| #endif
| 
|   ;
|   return 0;
| }
configure:23848: result: no
configure:23857: checking whether UT_NAMESIZE is declared
configure:23857: gcc -pthread -c    conftest.c >&5
configure:23857: $? = 0
configure:23857: result: yes
configure:23880: checking for openpty
configure:23880: gcc -pthread -o conftest    conftest.c -lpthread -ldl  >&5
/usr/bin/ld: /tmp/ccAR6MyF.o: in function `main':
conftest.c:(.text+0x9): undefined reference to `openpty'
collect2: error: ld returned 1 exit status
configure:23880: $? = 1
configure: failed program was:
| /* confdefs.h */
| #define _NETBSD_SOURCE 1
| #define __BSD_VISIBLE 1
| #define _DARWIN_C_SOURCE 1
| #define _PYTHONFRAMEWORK ""
| #define _XOPEN_SOURCE 700
| #define _XOPEN_SOURCE_EXTENDED 1
| #define _POSIX_C_SOURCE 200809L
| #define HAVE_STDIO_H 1
| #define HAVE_STDLIB_H 1
| #define HAVE_STRING_H 1
| #define HAVE_INTTYPES_H 1
| #define HAVE_STDINT_H 1
| #define HAVE_STRINGS_H 1
| #define HAVE_SYS_STAT_H 1
| #define HAVE_SYS_TYPES_H 1
| #define HAVE_UNISTD_H 1
| #define HAVE_WCHAR_H 1
| #define STDC_HEADERS 1
| #define _ALL_SOURCE 1
| #define _DARWIN_C_SOURCE 1
| #define _GNU_SOURCE 1
| #define _HPUX_ALT_XOPEN_SOCKET_API 1
| #define _NETBSD_SOURCE 1
| #define _OPENBSD_SOURCE 1
| #define _POSIX_PTHREAD_SEMANTICS 1
| #define __STDC_WANT_IEC_60559_ATTRIBS_EXT__ 1
| #define __STDC_WANT_IEC_60559_BFP_EXT__ 1
| #define __STDC_WANT_IEC_60559_DFP_EXT__ 1
| #define __STDC_WANT_IEC_60559_EXT__ 1
| #define __STDC_WANT_IEC_60559_FUNCS_EXT__ 1
| #define __STDC_WANT_IEC_60559_TYPES_EXT__ 1
| #define __STDC_WANT_LIB_EXT2__ 1
| #define __STDC_WANT_MATH_SPEC_FUNCS__ 1
| #define _TANDEM_SOURCE 1
| #define __EXTENSIONS__ 1
| #define _Py_STACK_GROWS_DOWN 1
| #define PY_SUPPORT_TIER 1
| #define STDC_HEADERS 1
| #define HAVE_ALLOCA_H 1
| #define HAVE_ASM_TYPES_H 1
| #define HAVE_DLFCN_H 1
| #define HAVE_ENDIAN_H 1
| #define HAVE_ERRNO_H 1
| #define HAVE_FCNTL_H 1
| #define HAVE_GRP_H 1
| #define HAVE_LANGINFO_H 1
| #define HAVE_LIBINTL_H 1
| #define HAVE_LINUX_AUXVEC_H 1
| #define HAVE_SYS_AUXV_H 1
| #define HAVE_LINUX_FS_H 1
| #define HAVE_LINUX_LIMITS_H 1
| #define HAVE_LINUX_MEMFD_H 1
| #define HAVE_LINUX_NETFILTER_IPV4_H 1
| #define HAVE_LINUX_RANDOM_H 1
| #define HAVE_LINUX_SOUNDCARD_H 1
| #define HAVE_LINUX_SCHED_H 1
| #define HAVE_LINUX_TIPC_H 1
| #define HAVE_LINUX_WAIT_H 1
| #define HAVE_NETDB_H 1
| #define HAVE_NET_ETHERNET_H 1
| #define HAVE_NETINET_IN_H 1
| #define HAVE_NETPACKET_PACKET_H 1
| #define HAVE_POLL_H 1
| #define HAVE_PTHREAD_H 1
| #define HAVE_PTY_H 1
| #define HAVE_SCHED_H 1
| #define HAVE_SETJMP_H 1
| #define HAVE_SHADOW_H 1
| #define HAVE_SIGNAL_H 1
| #define HAVE_SPAWN_H 1
| #define HAVE_SYS_EPOLL_H 1
| #define HAVE_SYS_EVENTFD_H 1
| #define HAVE_SYS_FILE_H 1
| #define HAVE_SYS_IOCTL_H 1
| #define HAVE_SYS_MMAN_H 1
| #define HAVE_SYS_PARAM_H 1
| #define HAVE_SYS_POLL_H 1
| #define HAVE_SYS_RANDOM_H 1
| #define HAVE_SYS_RESOURCE_H 1
| #define HAVE_SYS_SELECT_H 1
| #define HAVE_SYS_SENDFILE_H 1
| #define HAVE_SYS_SOCKET_H 1
| #define HAVE_SYS_SOUNDCARD_H 1
| #define HAVE_SYS_STAT_H 1
| #define HAVE_SYS_STATVFS_H 1
| #define HAVE_SYS_SYSCALL_H 1
| #define HAVE_SYS_SYSMACROS_H 1
| #define HAVE_SYS_TIME_H 1
| #define HAVE_SYS_TIMES_H 1
| #define HAVE_SYS_TIMERFD_H 1
| #define HAVE_SYS_TYPES_H 1
| #define HAVE_SYS_UIO_H 1
| #define HAVE_SYS_UN_H 1
| #define HAVE_SYS_UTSNAME_H 1
| #define HAVE_SYS_WAIT_H 1
| #define HAVE_SYS_XATTR_H 1
| #define HAVE_SYSEXITS_H 1
| #define HAVE_SYSLOG_H 1
| #define HAVE_TERMIOS_H 1
| #define HAVE_UTIME_H 1
| #define HAVE_UTMP_H 1
| #define HAVE_DIRENT_H 1
| #define MAJOR_IN_SYSMACROS 1
| #define HAVE_NET_IF_H 1
| #define HAVE_LINUX_NETLINK_H 1
| #define HAVE_LINUX_QRTR_H 1
| #define HAVE_LINUX_VM_SOCKETS_H 1
| #define HAVE_LINUX_CAN_H 1
| #define HAVE_LINUX_CAN_BCM_H 1
| #define HAVE_LINUX_CAN_J1939_H 1
| #define HAVE_LINUX_CAN_RAW_H 1
| #define HAVE_CLOCK_T 1
| #define HAVE_MAKEDEV 1
| #define HAVE_HTOLE64 1
| #define _LARGEFILE_SOURCE 1
| #define _FILE_OFFSET_BITS 64
| #if defined(SCO_DS)
| #undef _OFF_T
| #endif
| #define RETSIGTYPE void
| #define HAVE_SSIZE_T 1
| #define HAVE___UINT128_T 1
| #define HAVE_GCC_UINT128_T 1
| #define SIZEOF_INT 4
| #define SIZEOF_LONG 8
| #define ALIGNOF_LONG 8
| #define SIZEOF_LONG_LONG 8
| #define SIZEOF_VOID_P 8
| #define SIZEOF_SHORT 2
| #define SIZEOF_FLOAT 4
| #define SIZEOF_DOUBLE 8
| #define SIZEOF_FPOS_T 16
| #define SIZEOF_SIZE_T 8
| #define ALIGNOF_SIZE_T 8
| #define SIZEOF_PID_T 4
| #define SIZEOF_UINTPTR_T 8
| #define ALIGNOF_MAX_ALIGN_T 16
| #define HAVE_LONG_DOUBLE 1
| #define SIZEOF_LONG_DOUBLE 16
| #define SIZEOF__BOOL 1
| #define SIZEOF_OFF_T 8
| #define SIZEOF_TIME_T 8
| #define SIZEOF_PTHREAD_T 8
| #define SIZEOF_PTHREAD_KEY_T 4
| #define PTHREAD_KEY_T_IS_COMPATIBLE_WITH_INT 1
| #define PY_HAVE_PERF_TRAMPOLINE 1
| #define HAVE_LIBDL 1
| #define HAVE_EXECINFO_H 1
| #define HAVE_BACKTRACE 1
| #define HAVE_DLADDR1 1
| #define HAVE_LINK_H 1
| #define HAVE_BACKTRACE 1
| #define HAVE_DLADDR1 1
| #define HAVE_DLFCN_H 1
| #define HAVE_BACKTRACE 1
| #define HAVE_DLADDR1 1
| #define HAVE_UUID_H 1
| #define HAVE_UUID_GENERATE_TIME_SAFE 1
| #define HAVE_FFI_PREP_CIF_VAR 1
| #define HAVE_FFI_PREP_CLOSURE_LOC 1
| #define HAVE_FFI_CLOSURE_ALLOC 1
| #define WITH_DECIMAL_CONTEXTVAR 1
| #define HAVE_LIBSQLITE3 1
| #define HAVE_LIBSQLITE3 1
| #define HAVE_LIBSQLITE3 1
| #define HAVE_LIBSQLITE3 1
| #define HAVE_LIBSQLITE3 1
| #define HAVE_LIBSQLITE3 1
| #define HAVE_LIBSQLITE3 1
| #define HAVE_LIBSQLITE3 1
| #define HAVE_LIBSQLITE3 1
| #define PY_SQLITE_HAVE_SERIALIZE 1
| #define PTHREAD_SYSTEM_SCHED_SUPPORTED 1
| #define HAVE_PTHREAD_SIGMASK 1
| #define HAVE_PTHREAD_GETCPUCLOCKID 1
| #define ENABLE_IPV6 1
| #define HAVE_LINUX_CAN_RAW_FD_FRAMES 1
| #define HAVE_LINUX_CAN_RAW_JOIN_FILTERS 1
| #define WITH_DOC_STRINGS 1
| #define HAVE_STD_ATOMIC 1
| #define HAVE_BUILTIN_ATOMIC 1
| #define WITH_MIMALLOC 1
| #define WITH_PYMALLOC 1
| #define PY_COERCE_C_LOCALE 1
| #define HAVE_DLOPEN 1
| #define HAVE_DYNAMIC_LOADING 1
| #define HAVE_ACCEPT4 1
| #define HAVE_ALARM 1
| #define HAVE_BIND_TEXTDOMAIN_CODESET 1
| #define HAVE_CHMOD 1
| #define HAVE_CHOWN 1
| #define HAVE_CLOCK 1
| #define HAVE_CONFSTR 1
| #define HAVE_COPY_FILE_RANGE 1
| #define HAVE_CTERMID 1
| #define HAVE_DLADDR 1
| #define HAVE_DUP 1
| #define HAVE_DUP3 1
| #define HAVE_EXECV 1
| #define HAVE_EXPLICIT_BZERO 1
| #define HAVE_FACCESSAT 1
| #define HAVE_FCHMOD 1
| #define HAVE_FCHMODAT 1
| #define HAVE_FCHOWN 1
| #define HAVE_FCHOWNAT 1
| #define HAVE_FDOPENDIR 1
| #define HAVE_FEXECVE 1
| #define HAVE_FORK 1
| #define HAVE_FPATHCONF 1
| #define HAVE_FSTATAT 1
| #define HAVE_FTIME 1
| #define HAVE_FTRUNCATE 1
| #define HAVE_FUTIMENS 1
| #define HAVE_FUTIMES 1
| #define HAVE_FUTIMESAT 1
| #define HAVE_GAI_STRERROR 1
| #define HAVE_GETEGID 1
| #define HAVE_GETEUID 1
| #define HAVE_GETGID 1
| #define HAVE_GETGRENT 1
| #define HAVE_GETGRGID 1
| #define HAVE_GETGRGID_R 1
| #define HAVE_GETGRNAM_R 1
| #define HAVE_GETGROUPLIST 1
| #define HAVE_GETHOSTNAME 1
| #define HAVE_GETITIMER 1
| #define HAVE_GETLOADAVG 1
| #define HAVE_GETLOGIN 1
| #define HAVE_GETLOGIN_R 1
| #define HAVE_GETPEERNAME 1
| #define HAVE_GETPGID 1
| #define HAVE_GETPID 1
| #define HAVE_GETPPID 1
| #define HAVE_GETPRIORITY 1
| #define HAVE_GETPWENT 1
| #define HAVE_GETPWNAM_R 1
| #define HAVE_GETPWUID 1
| #define HAVE_GETPWUID_R 1
| #define HAVE_GETRESGID 1
| #define HAVE_GETRESUID 1
| #define HAVE_GETRUSAGE 1
| #define HAVE_GETSID 1
| #define HAVE_GETSPENT 1
| #define HAVE_GETSPNAM 1
| #define HAVE_GETUID 1
| #define HAVE_GETWD 1
| #define HAVE_GRANTPT 1
| #define HAVE_IF_NAMEINDEX 1
| #define HAVE_INITGROUPS 1
| #define HAVE_KILL 1
| #define HAVE_KILLPG 1
| #define HAVE_LCHOWN 1
| #define HAVE_LINKAT 1
| #define HAVE_LOCKF 1
| #define HAVE_LSTAT 1
| #define HAVE_LUTIMES 1
| #define HAVE_MADVISE 1
| #define HAVE_MBRTOWC 1
| #define HAVE_MEMRCHR 1
| #define HAVE_MKDIRAT 1
| #define HAVE_MKFIFO 1
| #define HAVE_MKFIFOAT 1
| #define HAVE_MKNOD 1
| #define HAVE_MKNODAT 1
| #define HAVE_MKTIME 1
| #define HAVE_MMAP 1
| #define HAVE_MREMAP 1
| #define HAVE_NICE 1
| #define HAVE_OPENAT 1
| #define HAVE_OPENDIR 1
| #define HAVE_PATHCONF 1
| #define HAVE_PAUSE 1
| #define HAVE_PIPE 1
| #define HAVE_PIPE2 1
| #define HAVE_POLL 1
| #define HAVE_POSIX_FADVISE 1
| #define HAVE_POSIX_FALLOCATE 1
| #define HAVE_POSIX_OPENPT 1
| #define HAVE_POSIX_SPAWN 1
| #define HAVE_POSIX_SPAWNP 1
| #define HAVE_PREAD 1
| #define HAVE_PREADV 1
| #define HAVE_PREADV2 1
| #define HAVE_PROCESS_VM_READV 1
| #define HAVE_PTHREAD_CONDATTR_SETCLOCK 1
| #define HAVE_PTHREAD_KILL 1
| #define HAVE_PTHREAD_GETNAME_NP 1
| #define HAVE_PTHREAD_SETNAME_NP 1
| #define HAVE_PTHREAD_GETATTR_NP 1
| #define HAVE_PTSNAME 1
| #define HAVE_PTSNAME_R 1
| #define HAVE_PWRITE 1
| #define HAVE_PWRITEV 1
| #define HAVE_PWRITEV2 1
| #define HAVE_READLINK 1
| #define HAVE_READLINKAT 1
| #define HAVE_READV 1
| #define HAVE_REALPATH 1
| #define HAVE_RENAMEAT 1
| #define HAVE_SCHED_GET_PRIORITY_MAX 1
| #define HAVE_SCHED_RR_GET_INTERVAL 1
| #define HAVE_SCHED_SETAFFINITY 1
| #define HAVE_SCHED_SETPARAM 1
| #define HAVE_SCHED_SETSCHEDULER 1
| #define HAVE_SEM_CLOCKWAIT 1
| #define HAVE_SEM_GETVALUE 1
| #define HAVE_SEM_OPEN 1
| #define HAVE_SEM_TIMEDWAIT 1
| #define HAVE_SEM_UNLINK 1
| #define HAVE_SENDFILE 1
| #define HAVE_SETEGID 1
| #define HAVE_SETEUID 1
| #define HAVE_SETGID 1
| #define HAVE_SETHOSTNAME 1
| #define HAVE_SETITIMER 1
| #define HAVE_SETLOCALE 1
| #define HAVE_SETPGID 1
| #define HAVE_SETPGRP 1
| #define HAVE_SETPRIORITY 1
| #define HAVE_SETREGID 1
| #define HAVE_SETRESGID 1
| #define HAVE_SETRESUID 1
| #define HAVE_SETREUID 1
| #define HAVE_SETSID 1
| #define HAVE_SETUID 1
| #define HAVE_SETVBUF 1
| #define HAVE_SHUTDOWN 1
| #define HAVE_SIGACTION 1
| #define HAVE_SIGALTSTACK 1
| #define HAVE_SIGFILLSET 1
| #define HAVE_SIGINTERRUPT 1
| #define HAVE_SIGPENDING 1
| #define HAVE_SIGRELSE 1
| #define HAVE_SIGTIMEDWAIT 1
| #define HAVE_SIGWAIT 1
| #define HAVE_SIGWAITINFO 1
| #define HAVE_SNPRINTF 1
| #define HAVE_SPLICE 1
| #define HAVE_STRFTIME 1
| #define HAVE_STRSIGNAL 1
| #define HAVE_SYMLINKAT 1
| #define HAVE_SYNC 1
| #define HAVE_SYSCONF 1
| #define HAVE_TCGETPGRP 1
| #define HAVE_TCSETPGRP 1
| #define HAVE_TEMPNAM 1
| #define HAVE_TIMEGM 1
| #define HAVE_TIMES 1
| #define HAVE_TMPFILE 1
| #define HAVE_TMPNAM 1
| #define HAVE_TMPNAM_R 1
| #define HAVE_TRUNCATE 1
| #define HAVE_TTYNAME_R 1
| #define HAVE_UMASK 1
| #define HAVE_UNAME 1
| #define HAVE_UNLINKAT 1
| #define HAVE_UNLOCKPT 1
| #define HAVE_UTIMENSAT 1
| #define HAVE_UTIMES 1
| #define HAVE_VFORK 1
| #define HAVE_WAIT 1
| #define HAVE_WAIT3 1
| #define HAVE_WAIT4 1
| #define HAVE_WAITID 1
| #define HAVE_WAITPID 1
| #define HAVE_WCSCOLL 1
| #define HAVE_WCSFTIME 1
| #define HAVE_WCSXFRM 1
| #define HAVE_WMEMCMP 1
| #define HAVE_WRITEV 1
| #define HAVE_GETENTROPY 1
| #define HAVE_GETGROUPS 1
| #define HAVE_SYSTEM 1
| #define HAVE_DIRFD 1
| #define HAVE_CHROOT 1
| #define HAVE_LINK 1
| #define HAVE_SYMLINK 1
| #define HAVE_FCHDIR 1
| #define HAVE_FSYNC 1
| #define HAVE_FDATASYNC 1
| #define HAVE_EPOLL 1
| #define HAVE_EPOLL_CREATE1 1
| #define HAVE_PRLIMIT 1
| #define HAVE_MEMFD_CREATE 1
| #define HAVE_EVENTFD 1
| #define HAVE_TIMERFD_CREATE 1
| #define HAVE_FLOCK 1
| #define HAVE_GETPAGESIZE 1
| #define HAVE_ZLIB_COPY 1
| #define HAVE_HSTRERROR 1
| #define HAVE_GETSERVBYNAME 1
| #define HAVE_GETSERVBYPORT 1
| #define HAVE_GETHOSTBYNAME 1
| #define HAVE_GETHOSTBYADDR 1
| #define HAVE_GETPROTOBYNAME 1
| #define HAVE_INET_ATON 1
| #define HAVE_INET_NTOA 1
| #define HAVE_INET_PTON 1
| #define HAVE_GETPEERNAME 1
| #define HAVE_GETSOCKNAME 1
| #define HAVE_ACCEPT 1
| #define HAVE_BIND 1
| #define HAVE_CONNECT 1
| #define HAVE_LISTEN 1
| #define HAVE_RECVFROM 1
| #define HAVE_SENDTO 1
| #define HAVE_SETSOCKOPT 1
| #define HAVE_SOCKET 1
| #define HAVE_SETGROUPS 1
| #define HAVE_DECL_UT_NAMESIZE 1
| #define HAVE_UT_NAMESIZE 1
| /* end confdefs.h.  */
| /* Define openpty to an innocuous variant, in case <limits.h> declares openpty.
|    For example, HP-UX 11i <limits.h> declares gettimeofday.  */
| #define openpty innocuous_openpty
| 
| /* System header to define __stub macros and hopefully few prototypes,
|    which can conflict with char openpty (void); below.  */
| 
| #include <limits.h>
| #undef openpty
| 
| /* Override any GCC internal prototype to avoid an error.
|    Use char because int might match the return type of a GCC
|    builtin and then its argument prototype would still apply.  */
| #ifdef __cplusplus
| extern "C"
| #endif
| char openpty (void);
| /* The GNU C library defines this for functions which it implements
|     to always fail with ENOSYS.  Some functions are actually named
|     something starting with __ and the normal name is an alias.  */
| #if defined __stub_openpty || defined __stub___openpty
| choke me
| #endif
| 
| int
| main (void)
| {
| return openpty ();
|   ;
|   return 0;
| }
configure:23880: result: no
configure:23886: checking for openpty in -lutil
configure:23915: gcc -pthread -o conftest    conftest.c -lutil  -lpthread -ldl  >&5
configure:23915: $? = 0
configure:23927: result: yes
configure:23990: checking for library containing login_tty
configure:24026: gcc -pthread -o conftest    conftest.c -lpthread -ldl  -lutil >&5
configure:24026: $? = 0
configure:24048: result: none required
configure:24063: checking for forkpty
configure:24063: gcc -pthread -o conftest    conftest.c -lpthread -ldl  -lutil >&5
configure:24063: $? = 0
configure:24063: result: yes
configure:24175: checking for fseek64
configure:24175: gcc -pthread -o conftest    conftest.c -lpthread -ldl  -lutil >&5
/usr/bin/ld: /tmp/ccWKsPU5.o: in function `main':
conftest.c:(.text+0x9): undefined reference to `fseek64'
collect2: error: ld returned 1 exit status
configure:24175: $? = 1
configure: failed program was:
| /* confdefs.h */
| #define _NETBSD_SOURCE 1
| #define __BSD_VISIBLE 1
| #define _DARWIN_C_SOURCE 1
| #define _PYTHONFRAMEWORK ""
| #define _XOPEN_SOURCE 700
| #define _XOPEN_SOURCE_EXTENDED 1
| #define _POSIX_C_SOURCE 200809L
| #define HAVE_STDIO_H 1
| #define HAVE_STDLIB_H 1
| #define HAVE_STRING_H 1
| #define HAVE_INTTYPES_H 1
| #define HAVE_STDINT_H 1
| #define HAVE_STRINGS_H 1
| #define HAVE_SYS_STAT_H 1
| #define HAVE_SYS_TYPES_H 1
| #define HAVE_UNISTD_H 1
| #define HAVE_WCHAR_H 1
| #define STDC_HEADERS 1
| #define _ALL_SOURCE 1
| #define _DARWIN_C_SOURCE 1
| #define _GNU_SOURCE 1
| #define _HPUX_ALT_XOPEN_SOCKET_API 1
| #define _NETBSD_SOURCE 1
| #define _OPENBSD_SOURCE 1
| #define _POSIX_PTHREAD_SEMANTICS 1
| #define __STDC_WANT_IEC_60559_ATTRIBS_EXT__ 1
| #define __STDC_WANT_IEC_60559_BFP_EXT__ 1
| #define __STDC_WANT_IEC_60559_DFP_EXT__ 1
| #define __STDC_WANT_IEC_60559_EXT__ 1
| #define __STDC_WANT_IEC_60559_FUNCS_EXT__ 1
| #define __STDC_WANT_IEC_60559_TYPES_EXT__ 1
| #define __STDC_WANT_LIB_EXT2__ 1
| #define __STDC_WANT_MATH_SPEC_FUNCS__ 1
| #define _TANDEM_SOURCE 1
| #define __EXTENSIONS__ 1
| #define _Py_STACK_GROWS_DOWN 1
| #define PY_SUPPORT_TIER 1
| #define STDC_HEADERS 1
| #define HAVE_ALLOCA_H 1
| #define HAVE_ASM_TYPES_H 1
| #define HAVE_DLFCN_H 1
| #define HAVE_ENDIAN_H 1
| #define HAVE_ERRNO_H 1
| #define HAVE_FCNTL_H 1
| #define HAVE_GRP_H 1
| #define HAVE_LANGINFO_H 1
| #define HAVE_LIBINTL_H 1
| #define HAVE_LINUX_AUXVEC_H 1
| #define HAVE_SYS_AUXV_H 1
| #define HAVE_LINUX_FS_H 1
| #define HAVE_LINUX_LIMITS_H 1
| #define HAVE_LINUX_MEMFD_H 1
| #define HAVE_LINUX_NETFILTER_IPV4_H 1
| #define HAVE_LINUX_RANDOM_H 1
| #define HAVE_LINUX_SOUNDCARD_H 1
| #define HAVE_LINUX_SCHED_H 1
| #define HAVE_LINUX_TIPC_H 1
| #define HAVE_LINUX_WAIT_H 1
| #define HAVE_NETDB_H 1
| #define HAVE_NET_ETHERNET_H 1
| #define HAVE_NETINET_IN_H 1
| #define HAVE_NETPACKET_PACKET_H 1
| #define HAVE_POLL_H 1
| #define HAVE_PTHREAD_H 1
| #define HAVE_PTY_H 1
| #define HAVE_SCHED_H 1
| #define HAVE_SETJMP_H 1
| #define HAVE_SHADOW_H 1
| #define HAVE_SIGNAL_H 1
| #define HAVE_SPAWN_H 1
| #define HAVE_SYS_EPOLL_H 1
| #define HAVE_SYS_EVENTFD_H 1
| #define HAVE_SYS_FILE_H 1
| #define HAVE_SYS_IOCTL_H 1
| #define HAVE_SYS_MMAN_H 1
| #define HAVE_SYS_PARAM_H 1
| #define HAVE_SYS_POLL_H 1
| #define HAVE_SYS_RANDOM_H 1
| #define HAVE_SYS_RESOURCE_H 1
| #define HAVE_SYS_SELECT_H 1
| #define HAVE_SYS_SENDFILE_H 1
| #define HAVE_SYS_SOCKET_H 1
| #define HAVE_SYS_SOUNDCARD_H 1
| #define HAVE_SYS_STAT_H 1
| #define HAVE_SYS_STATVFS_H 1
| #define HAVE_SYS_SYSCALL_H 1
| #define HAVE_SYS_SYSMACROS_H 1
| #define HAVE_SYS_TIME_H 1
| #define HAVE_SYS_TIMES_H 1
| #define HAVE_SYS_TIMERFD_H 1
| #define HAVE_SYS_TYPES_H 1
| #define HAVE_SYS_UIO_H 1
| #define HAVE_SYS_UN_H 1
| #define HAVE_SYS_UTSNAME_H 1
| #define HAVE_SYS_WAIT_H 1
| #define HAVE_SYS_XATTR_H 1
| #define HAVE_SYSEXITS_H 1
| #define HAVE_SYSLOG_H 1
| #define HAVE_TERMIOS_H 1
| #define HAVE_UTIME_H 1
| #define HAVE_UTMP_H 1
| #define HAVE_DIRENT_H 1
| #define MAJOR_IN_SYSMACROS 1
| #define HAVE_NET_IF_H 1
| #define HAVE_LINUX_NETLINK_H 1
| #define HAVE_LINUX_QRTR_H 1
| #define HAVE_LINUX_VM_SOCKETS_H 1
| #define HAVE_LINUX_CAN_H 1
| #define HAVE_LINUX_CAN_BCM_H 1
| #define HAVE_LINUX_CAN_J1939_H 1
| #define HAVE_LINUX_CAN_RAW_H 1
| #define HAVE_CLOCK_T 1
| #define HAVE_MAKEDEV 1
| #define HAVE_HTOLE64 1
| #define _LARGEFILE_SOURCE 1
| #define _FILE_OFFSET_BITS 64
| #if defined(SCO_DS)
| #undef _OFF_T
| #endif
| #define RETSIGTYPE void
| #define HAVE_SSIZE_T 1
| #define HAVE___UINT128_T 1
| #define HAVE_GCC_UINT128_T 1
| #define SIZEOF_INT 4
| #define SIZEOF_LONG 8
| #define ALIGNOF_LONG 8
| #define SIZEOF_LONG_LONG 8
| #define SIZEOF_VOID_P 8
| #define SIZEOF_SHORT 2
| #define SIZEOF_FLOAT 4
| #define SIZEOF_DOUBLE 8
| #define SIZEOF_FPOS_T 16
| #define SIZEOF_SIZE_T 8
| #define ALIGNOF_SIZE_T 8
| #define SIZEOF_PID_T 4
| #define SIZEOF_UINTPTR_T 8
| #define ALIGNOF_MAX_ALIGN_T 16
| #define HAVE_LONG_DOUBLE 1
| #define SIZEOF_LONG_DOUBLE 16
| #define SIZEOF__BOOL 1
| #define SIZEOF_OFF_T 8
| #define SIZEOF_TIME_T 8
| #define SIZEOF_PTHREAD_T 8
| #define SIZEOF_PTHREAD_KEY_T 4
| #define PTHREAD_KEY_T_IS_COMPATIBLE_WITH_INT 1
| #define PY_HAVE_PERF_TRAMPOLINE 1
| #define HAVE_LIBDL 1
| #define HAVE_EXECINFO_H 1
| #define HAVE_BACKTRACE 1
| #define HAVE_DLADDR1 1
| #define HAVE_LINK_H 1
| #define HAVE_BACKTRACE 1
| #define HAVE_DLADDR1 1
| #define HAVE_DLFCN_H 1
| #define HAVE_BACKTRACE 1
| #define HAVE_DLADDR1 1
| #define HAVE_UUID_H 1
| #define HAVE_UUID_GENERATE_TIME_SAFE 1
| #define HAVE_FFI_PREP_CIF_VAR 1
| #define HAVE_FFI_PREP_CLOSURE_LOC 1
| #define HAVE_FFI_CLOSURE_ALLOC 1
| #define WITH_DECIMAL_CONTEXTVAR 1
| #define HAVE_LIBSQLITE3 1
| #define HAVE_LIBSQLITE3 1
| #define HAVE_LIBSQLITE3 1
| #define HAVE_LIBSQLITE3 1
| #define HAVE_LIBSQLITE3 1
| #define HAVE_LIBSQLITE3 1
| #define HAVE_LIBSQLITE3 1
| #define HAVE_LIBSQLITE3 1
| #define HAVE_LIBSQLITE3 1
| #define PY_SQLITE_HAVE_SERIALIZE 1
| #define PTHREAD_SYSTEM_SCHED_SUPPORTED 1
| #define HAVE_PTHREAD_SIGMASK 1
| #define HAVE_PTHREAD_GETCPUCLOCKID 1
| #define ENABLE_IPV6 1
| #define HAVE_LINUX_CAN_RAW_FD_FRAMES 1
| #define HAVE_LINUX_CAN_RAW_JOIN_FILTERS 1
| #define WITH_DOC_STRINGS 1
| #define HAVE_STD_ATOMIC 1
| #define HAVE_BUILTIN_ATOMIC 1
| #define WITH_MIMALLOC 1
| #define WITH_PYMALLOC 1
| #define PY_COERCE_C_LOCALE 1
| #define HAVE_DLOPEN 1
| #define HAVE_DYNAMIC_LOADING 1
| #define HAVE_ACCEPT4 1
| #define HAVE_ALARM 1
| #define HAVE_BIND_TEXTDOMAIN_CODESET 1
| #define HAVE_CHMOD 1
| #define HAVE_CHOWN 1
| #define HAVE_CLOCK 1
| #define HAVE_CONFSTR 1
| #define HAVE_COPY_FILE_RANGE 1
| #define HAVE_CTERMID 1
| #define HAVE_DLADDR 1
| #define HAVE_DUP 1
| #define HAVE_DUP3 1
| #define HAVE_EXECV 1
| #define HAVE_EXPLICIT_BZERO 1
| #define HAVE_FACCESSAT 1
| #define HAVE_FCHMOD 1
| #define HAVE_FCHMODAT 1
| #define HAVE_FCHOWN 1
| #define HAVE_FCHOWNAT 1
| #define HAVE_FDOPENDIR 1
| #define HAVE_FEXECVE 1
| #define HAVE_FORK 1
| #define HAVE_FPATHCONF 1
| #define HAVE_FSTATAT 1
| #define HAVE_FTIME 1
| #define HAVE_FTRUNCATE 1
| #define HAVE_FUTIMENS 1
| #define HAVE_FUTIMES 1
| #define HAVE_FUTIMESAT 1
| #define HAVE_GAI_STRERROR 1
| #define HAVE_GETEGID 1
| #define HAVE_GETEUID 1
| #define HAVE_GETGID 1
| #define HAVE_GETGRENT 1
| #define HAVE_GETGRGID 1
| #define HAVE_GETGRGID_R 1
| #define HAVE_GETGRNAM_R 1
| #define HAVE_GETGROUPLIST 1
| #define HAVE_GETHOSTNAME 1
| #define HAVE_GETITIMER 1
| #define HAVE_GETLOADAVG 1
| #define HAVE_GETLOGIN 1
| #define HAVE_GETLOGIN_R 1
| #define HAVE_GETPEERNAME 1
| #define HAVE_GETPGID 1
| #define HAVE_GETPID 1
| #define HAVE_GETPPID 1
| #define HAVE_GETPRIORITY 1
| #define HAVE_GETPWENT 1
| #define HAVE_GETPWNAM_R 1
| #define HAVE_GETPWUID 1
| #define HAVE_GETPWUID_R 1
| #define HAVE_GETRESGID 1
| #define HAVE_GETRESUID 1
| #define HAVE_GETRUSAGE 1
| #define HAVE_GETSID 1
| #define HAVE_GETSPENT 1
| #define HAVE_GETSPNAM 1
| #define HAVE_GETUID 1
| #define HAVE_GETWD 1
| #define HAVE_GRANTPT 1
| #define HAVE_IF_NAMEINDEX 1
| #define HAVE_INITGROUPS 1
| #define HAVE_KILL 1
| #define HAVE_KILLPG 1
| #define HAVE_LCHOWN 1
| #define HAVE_LINKAT 1
| #define HAVE_LOCKF 1
| #define HAVE_LSTAT 1
| #define HAVE_LUTIMES 1
| #define HAVE_MADVISE 1
| #define HAVE_MBRTOWC 1
| #define HAVE_MEMRCHR 1
| #define HAVE_MKDIRAT 1
| #define HAVE_MKFIFO 1
| #define HAVE_MKFIFOAT 1
| #define HAVE_MKNOD 1
| #define HAVE_MKNODAT 1
| #define HAVE_MKTIME 1
| #define HAVE_MMAP 1
| #define HAVE_MREMAP 1
| #define HAVE_NICE 1
| #define HAVE_OPENAT 1
| #define HAVE_OPENDIR 1
| #define HAVE_PATHCONF 1
| #define HAVE_PAUSE 1
| #define HAVE_PIPE 1
| #define HAVE_PIPE2 1
| #define HAVE_POLL 1
| #define HAVE_POSIX_FADVISE 1
| #define HAVE_POSIX_FALLOCATE 1
| #define HAVE_POSIX_OPENPT 1
| #define HAVE_POSIX_SPAWN 1
| #define HAVE_POSIX_SPAWNP 1
| #define HAVE_PREAD 1
| #define HAVE_PREADV 1
| #define HAVE_PREADV2 1
| #define HAVE_PROCESS_VM_READV 1
| #define HAVE_PTHREAD_CONDATTR_SETCLOCK 1
| #define HAVE_PTHREAD_KILL 1
| #define HAVE_PTHREAD_GETNAME_NP 1
| #define HAVE_PTHREAD_SETNAME_NP 1
| #define HAVE_PTHREAD_GETATTR_NP 1
| #define HAVE_PTSNAME 1
| #define HAVE_PTSNAME_R 1
| #define HAVE_PWRITE 1
| #define HAVE_PWRITEV 1
| #define HAVE_PWRITEV2 1
| #define HAVE_READLINK 1
| #define HAVE_READLINKAT 1
| #define HAVE_READV 1
| #define HAVE_REALPATH 1
| #define HAVE_RENAMEAT 1
| #define HAVE_SCHED_GET_PRIORITY_MAX 1
| #define HAVE_SCHED_RR_GET_INTERVAL 1
| #define HAVE_SCHED_SETAFFINITY 1
| #define HAVE_SCHED_SETPARAM 1
| #define HAVE_SCHED_SETSCHEDULER 1
| #define HAVE_SEM_CLOCKWAIT 1
| #define HAVE_SEM_GETVALUE 1
| #define HAVE_SEM_OPEN 1
| #define HAVE_SEM_TIMEDWAIT 1
| #define HAVE_SEM_UNLINK 1
| #define HAVE_SENDFILE 1
| #define HAVE_SETEGID 1
| #define HAVE_SETEUID 1
| #define HAVE_SETGID 1
| #define HAVE_SETHOSTNAME 1
| #define HAVE_SETITIMER 1
| #define HAVE_SETLOCALE 1
| #define HAVE_SETPGID 1
| #define HAVE_SETPGRP 1
| #define HAVE_SETPRIORITY 1
| #define HAVE_SETREGID 1
| #define HAVE_SETRESGID 1
| #define HAVE_SETRESUID 1
| #define HAVE_SETREUID 1
| #define HAVE_SETSID 1
| #define HAVE_SETUID 1
| #define HAVE_SETVBUF 1
| #define HAVE_SHUTDOWN 1
| #define HAVE_SIGACTION 1
| #define HAVE_SIGALTSTACK 1
| #define HAVE_SIGFILLSET 1
| #define HAVE_SIGINTERRUPT 1
| #define HAVE_SIGPENDING 1
| #define HAVE_SIGRELSE 1
| #define HAVE_SIGTIMEDWAIT 1
| #define HAVE_SIGWAIT 1
| #define HAVE_SIGWAITINFO 1
| #define HAVE_SNPRINTF 1
| #define HAVE_SPLICE 1
| #define HAVE_STRFTIME 1
| #define HAVE_STRSIGNAL 1
| #define HAVE_SYMLINKAT 1
| #define HAVE_SYNC 1
| #define HAVE_SYSCONF 1
| #define HAVE_TCGETPGRP 1
| #define HAVE_TCSETPGRP 1
| #define HAVE_TEMPNAM 1
| #define HAVE_TIMEGM 1
| #define HAVE_TIMES 1
| #define HAVE_TMPFILE 1
| #define HAVE_TMPNAM 1
| #define HAVE_TMPNAM_R 1
| #define HAVE_TRUNCATE 1
| #define HAVE_TTYNAME_R 1
| #define HAVE_UMASK 1
| #define HAVE_UNAME 1
| #define HAVE_UNLINKAT 1
| #define HAVE_UNLOCKPT 1
| #define HAVE_UTIMENSAT 1
| #define HAVE_UTIMES 1
| #define HAVE_VFORK 1
| #define HAVE_WAIT 1
| #define HAVE_WAIT3 1
| #define HAVE_WAIT4 1
| #define HAVE_WAITID 1
| #define HAVE_WAITPID 1
| #define HAVE_WCSCOLL 1
| #define HAVE_WCSFTIME 1
| #define HAVE_WCSXFRM 1
| #define HAVE_WMEMCMP 1
| #define HAVE_WRITEV 1
| #define HAVE_GETENTROPY 1
| #define HAVE_GETGROUPS 1
| #define HAVE_SYSTEM 1
| #define HAVE_DIRFD 1
| #define HAVE_CHROOT 1
| #define HAVE_LINK 1
| #define HAVE_SYMLINK 1
| #define HAVE_FCHDIR 1
| #define HAVE_FSYNC 1
| #define HAVE_FDATASYNC 1
| #define HAVE_EPOLL 1
| #define HAVE_EPOLL_CREATE1 1
| #define HAVE_PRLIMIT 1
| #define HAVE_MEMFD_CREATE 1
| #define HAVE_EVENTFD 1
| #define HAVE_TIMERFD_CREATE 1
| #define HAVE_FLOCK 1
| #define HAVE_GETPAGESIZE 1
| #define HAVE_ZLIB_COPY 1
| #define HAVE_HSTRERROR 1
| #define HAVE_GETSERVBYNAME 1
| #define HAVE_GETSERVBYPORT 1
| #define HAVE_GETHOSTBYNAME 1
| #define HAVE_GETHOSTBYADDR 1
| #define HAVE_GETPROTOBYNAME 1
| #define HAVE_INET_ATON 1
| #define HAVE_INET_NTOA 1
| #define HAVE_INET_PTON 1
| #define HAVE_GETPEERNAME 1
| #define HAVE_GETSOCKNAME 1
| #define HAVE_ACCEPT 1
| #define HAVE_BIND 1
| #define HAVE_CONNECT 1
| #define HAVE_LISTEN 1
| #define HAVE_RECVFROM 1
| #define HAVE_SENDTO 1
| #define HAVE_SETSOCKOPT 1
| #define HAVE_SOCKET 1
| #define HAVE_SETGROUPS 1
| #define HAVE_DECL_UT_NAMESIZE 1
| #define HAVE_UT_NAMESIZE 1
| #define HAVE_OPENPTY 1
| #define HAVE_LOGIN_TTY 1
| #define HAVE_FORKPTY 1
| /* end confdefs.h.  */
| /* Define fseek64 to an innocuous variant, in case <limits.h> declares fseek64.
|    For example, HP-UX 11i <limits.h> declares gettimeofday.  */
| #define fseek64 innocuous_fseek64
| 
| /* System header to define __stub macros and hopefully few prototypes,
|    which can conflict with char fseek64 (void); below.  */
| 
| #include <limits.h>
| #undef fseek64
| 
| /* Override any GCC internal prototype to avoid an error.
|    Use char because int might match the return type of a GCC
|    builtin and then its argument prototype would still apply.  */
| #ifdef __cplusplus
| extern "C"
| #endif
| char fseek64 (void);
| /* The GNU C library defines this for functions which it implements
|     to always fail with ENOSYS.  Some functions are actually named
|     something starting with __ and the normal name is an alias.  */
| #if defined __stub_fseek64 || defined __stub___fseek64
| choke me
| #endif
| 
| int
| main (void)
| {
| return fseek64 ();
|   ;
|   return 0;
| }
configure:24175: result: no
configure:24181: checking for fseeko
configure:24181: gcc -pthread -o conftest    conftest.c -lpthread -ldl  -lutil >&5
configure:24181: $? = 0
configure:24181: result: yes
configure:24187: checking for fstatvfs
configure:24187: gcc -pthread -o conftest    conftest.c -lpthread -ldl  -lutil >&5
configure:24187: $? = 0
configure:24187: result: yes
configure:24193: checking for ftell64
configure:24193: gcc -pthread -o conftest    conftest.c -lpthread -ldl  -lutil >&5
/usr/bin/ld: /tmp/cc7HGFDH.o: in function `main':
conftest.c:(.text+0x9): undefined reference to `ftell64'
collect2: error: ld returned 1 exit status
configure:24193: $? = 1
configure: failed program was:
| /* confdefs.h */
| #define _NETBSD_SOURCE 1
| #define __BSD_VISIBLE 1
| #define _DARWIN_C_SOURCE 1
| #define _PYTHONFRAMEWORK ""
| #define _XOPEN_SOURCE 700
| #define _XOPEN_SOURCE_EXTENDED 1
| #define _POSIX_C_SOURCE 200809L
| #define HAVE_STDIO_H 1
| #define HAVE_STDLIB_H 1
| #define HAVE_STRING_H 1
| #define HAVE_INTTYPES_H 1
| #define HAVE_STDINT_H 1
| #define HAVE_STRINGS_H 1
| #define HAVE_SYS_STAT_H 1
| #define HAVE_SYS_TYPES_H 1
| #define HAVE_UNISTD_H 1
| #define HAVE_WCHAR_H 1
| #define STDC_HEADERS 1
| #define _ALL_SOURCE 1
| #define _DARWIN_C_SOURCE 1
| #define _GNU_SOURCE 1
| #define _HPUX_ALT_XOPEN_SOCKET_API 1
| #define _NETBSD_SOURCE 1
| #define _OPENBSD_SOURCE 1
| #define _POSIX_PTHREAD_SEMANTICS 1
| #define __STDC_WANT_IEC_60559_ATTRIBS_EXT__ 1
| #define __STDC_WANT_IEC_60559_BFP_EXT__ 1
| #define __STDC_WANT_IEC_60559_DFP_EXT__ 1
| #define __STDC_WANT_IEC_60559_EXT__ 1
| #define __STDC_WANT_IEC_60559_FUNCS_EXT__ 1
| #define __STDC_WANT_IEC_60559_TYPES_EXT__ 1
| #define __STDC_WANT_LIB_EXT2__ 1
| #define __STDC_WANT_MATH_SPEC_FUNCS__ 1
| #define _TANDEM_SOURCE 1
| #define __EXTENSIONS__ 1
| #define _Py_STACK_GROWS_DOWN 1
| #define PY_SUPPORT_TIER 1
| #define STDC_HEADERS 1
| #define HAVE_ALLOCA_H 1
| #define HAVE_ASM_TYPES_H 1
| #define HAVE_DLFCN_H 1
| #define HAVE_ENDIAN_H 1
| #define HAVE_ERRNO_H 1
| #define HAVE_FCNTL_H 1
| #define HAVE_GRP_H 1
| #define HAVE_LANGINFO_H 1
| #define HAVE_LIBINTL_H 1
| #define HAVE_LINUX_AUXVEC_H 1
| #define HAVE_SYS_AUXV_H 1
| #define HAVE_LINUX_FS_H 1
| #define HAVE_LINUX_LIMITS_H 1
| #define HAVE_LINUX_MEMFD_H 1
| #define HAVE_LINUX_NETFILTER_IPV4_H 1
| #define HAVE_LINUX_RANDOM_H 1
| #define HAVE_LINUX_SOUNDCARD_H 1
| #define HAVE_LINUX_SCHED_H 1
| #define HAVE_LINUX_TIPC_H 1
| #define HAVE_LINUX_WAIT_H 1
| #define HAVE_NETDB_H 1
| #define HAVE_NET_ETHERNET_H 1
| #define HAVE_NETINET_IN_H 1
| #define HAVE_NETPACKET_PACKET_H 1
| #define HAVE_POLL_H 1
| #define HAVE_PTHREAD_H 1
| #define HAVE_PTY_H 1
| #define HAVE_SCHED_H 1
| #define HAVE_SETJMP_H 1
| #define HAVE_SHADOW_H 1
| #define HAVE_SIGNAL_H 1
| #define HAVE_SPAWN_H 1
| #define HAVE_SYS_EPOLL_H 1
| #define HAVE_SYS_EVENTFD_H 1
| #define HAVE_SYS_FILE_H 1
| #define HAVE_SYS_IOCTL_H 1
| #define HAVE_SYS_MMAN_H 1
| #define HAVE_SYS_PARAM_H 1
| #define HAVE_SYS_POLL_H 1
| #define HAVE_SYS_RANDOM_H 1
| #define HAVE_SYS_RESOURCE_H 1
| #define HAVE_SYS_SELECT_H 1
| #define HAVE_SYS_SENDFILE_H 1
| #define HAVE_SYS_SOCKET_H 1
| #define HAVE_SYS_SOUNDCARD_H 1
| #define HAVE_SYS_STAT_H 1
| #define HAVE_SYS_STATVFS_H 1
| #define HAVE_SYS_SYSCALL_H 1
| #define HAVE_SYS_SYSMACROS_H 1
| #define HAVE_SYS_TIME_H 1
| #define HAVE_SYS_TIMES_H 1
| #define HAVE_SYS_TIMERFD_H 1
| #define HAVE_SYS_TYPES_H 1
| #define HAVE_SYS_UIO_H 1
| #define HAVE_SYS_UN_H 1
| #define HAVE_SYS_UTSNAME_H 1
| #define HAVE_SYS_WAIT_H 1
| #define HAVE_SYS_XATTR_H 1
| #define HAVE_SYSEXITS_H 1
| #define HAVE_SYSLOG_H 1
| #define HAVE_TERMIOS_H 1
| #define HAVE_UTIME_H 1
| #define HAVE_UTMP_H 1
| #define HAVE_DIRENT_H 1
| #define MAJOR_IN_SYSMACROS 1
| #define HAVE_NET_IF_H 1
| #define HAVE_LINUX_NETLINK_H 1
| #define HAVE_LINUX_QRTR_H 1
| #define HAVE_LINUX_VM_SOCKETS_H 1
| #define HAVE_LINUX_CAN_H 1
| #define HAVE_LINUX_CAN_BCM_H 1
| #define HAVE_LINUX_CAN_J1939_H 1
| #define HAVE_LINUX_CAN_RAW_H 1
| #define HAVE_CLOCK_T 1
| #define HAVE_MAKEDEV 1
| #define HAVE_HTOLE64 1
| #define _LARGEFILE_SOURCE 1
| #define _FILE_OFFSET_BITS 64
| #if defined(SCO_DS)
| #undef _OFF_T
| #endif
| #define RETSIGTYPE void
| #define HAVE_SSIZE_T 1
| #define HAVE___UINT128_T 1
| #define HAVE_GCC_UINT128_T 1
| #define SIZEOF_INT 4
| #define SIZEOF_LONG 8
| #define ALIGNOF_LONG 8
| #define SIZEOF_LONG_LONG 8
| #define SIZEOF_VOID_P 8
| #define SIZEOF_SHORT 2
| #define SIZEOF_FLOAT 4
| #define SIZEOF_DOUBLE 8
| #define SIZEOF_FPOS_T 16
| #define SIZEOF_SIZE_T 8
| #define ALIGNOF_SIZE_T 8
| #define SIZEOF_PID_T 4
| #define SIZEOF_UINTPTR_T 8
| #define ALIGNOF_MAX_ALIGN_T 16
| #define HAVE_LONG_DOUBLE 1
| #define SIZEOF_LONG_DOUBLE 16
| #define SIZEOF__BOOL 1
| #define SIZEOF_OFF_T 8
| #define SIZEOF_TIME_T 8
| #define SIZEOF_PTHREAD_T 8
| #define SIZEOF_PTHREAD_KEY_T 4
| #define PTHREAD_KEY_T_IS_COMPATIBLE_WITH_INT 1
| #define PY_HAVE_PERF_TRAMPOLINE 1
| #define HAVE_LIBDL 1
| #define HAVE_EXECINFO_H 1
| #define HAVE_BACKTRACE 1
| #define HAVE_DLADDR1 1
| #define HAVE_LINK_H 1
| #define HAVE_BACKTRACE 1
| #define HAVE_DLADDR1 1
| #define HAVE_DLFCN_H 1
| #define HAVE_BACKTRACE 1
| #define HAVE_DLADDR1 1
| #define HAVE_UUID_H 1
| #define HAVE_UUID_GENERATE_TIME_SAFE 1
| #define HAVE_FFI_PREP_CIF_VAR 1
| #define HAVE_FFI_PREP_CLOSURE_LOC 1
| #define HAVE_FFI_CLOSURE_ALLOC 1
| #define WITH_DECIMAL_CONTEXTVAR 1
| #define HAVE_LIBSQLITE3 1
| #define HAVE_LIBSQLITE3 1
| #define HAVE_LIBSQLITE3 1
| #define HAVE_LIBSQLITE3 1
| #define HAVE_LIBSQLITE3 1
| #define HAVE_LIBSQLITE3 1
| #define HAVE_LIBSQLITE3 1
| #define HAVE_LIBSQLITE3 1
| #define HAVE_LIBSQLITE3 1
| #define PY_SQLITE_HAVE_SERIALIZE 1
| #define PTHREAD_SYSTEM_SCHED_SUPPORTED 1
| #define HAVE_PTHREAD_SIGMASK 1
| #define HAVE_PTHREAD_GETCPUCLOCKID 1
| #define ENABLE_IPV6 1
| #define HAVE_LINUX_CAN_RAW_FD_FRAMES 1
| #define HAVE_LINUX_CAN_RAW_JOIN_FILTERS 1
| #define WITH_DOC_STRINGS 1
| #define HAVE_STD_ATOMIC 1
| #define HAVE_BUILTIN_ATOMIC 1
| #define WITH_MIMALLOC 1
| #define WITH_PYMALLOC 1
| #define PY_COERCE_C_LOCALE 1
| #define HAVE_DLOPEN 1
| #define HAVE_DYNAMIC_LOADING 1
| #define HAVE_ACCEPT4 1
| #define HAVE_ALARM 1
| #define HAVE_BIND_TEXTDOMAIN_CODESET 1
| #define HAVE_CHMOD 1
| #define HAVE_CHOWN 1
| #define HAVE_CLOCK 1
| #define HAVE_CONFSTR 1
| #define HAVE_COPY_FILE_RANGE 1
| #define HAVE_CTERMID 1
| #define HAVE_DLADDR 1
| #define HAVE_DUP 1
| #define HAVE_DUP3 1
| #define HAVE_EXECV 1
| #define HAVE_EXPLICIT_BZERO 1
| #define HAVE_FACCESSAT 1
| #define HAVE_FCHMOD 1
| #define HAVE_FCHMODAT 1
| #define HAVE_FCHOWN 1
| #define HAVE_FCHOWNAT 1
| #define HAVE_FDOPENDIR 1
| #define HAVE_FEXECVE 1
| #define HAVE_FORK 1
| #define HAVE_FPATHCONF 1
| #define HAVE_FSTATAT 1
| #define HAVE_FTIME 1
| #define HAVE_FTRUNCATE 1
| #define HAVE_FUTIMENS 1
| #define HAVE_FUTIMES 1
| #define HAVE_FUTIMESAT 1
| #define HAVE_GAI_STRERROR 1
| #define HAVE_GETEGID 1
| #define HAVE_GETEUID 1
| #define HAVE_GETGID 1
| #define HAVE_GETGRENT 1
| #define HAVE_GETGRGID 1
| #define HAVE_GETGRGID_R 1
| #define HAVE_GETGRNAM_R 1
| #define HAVE_GETGROUPLIST 1
| #define HAVE_GETHOSTNAME 1
| #define HAVE_GETITIMER 1
| #define HAVE_GETLOADAVG 1
| #define HAVE_GETLOGIN 1
| #define HAVE_GETLOGIN_R 1
| #define HAVE_GETPEERNAME 1
| #define HAVE_GETPGID 1
| #define HAVE_GETPID 1
| #define HAVE_GETPPID 1
| #define HAVE_GETPRIORITY 1
| #define HAVE_GETPWENT 1
| #define HAVE_GETPWNAM_R 1
| #define HAVE_GETPWUID 1
| #define HAVE_GETPWUID_R 1
| #define HAVE_GETRESGID 1
| #define HAVE_GETRESUID 1
| #define HAVE_GETRUSAGE 1
| #define HAVE_GETSID 1
| #define HAVE_GETSPENT 1
| #define HAVE_GETSPNAM 1
| #define HAVE_GETUID 1
| #define HAVE_GETWD 1
| #define HAVE_GRANTPT 1
| #define HAVE_IF_NAMEINDEX 1
| #define HAVE_INITGROUPS 1
| #define HAVE_KILL 1
| #define HAVE_KILLPG 1
| #define HAVE_LCHOWN 1
| #define HAVE_LINKAT 1
| #define HAVE_LOCKF 1
| #define HAVE_LSTAT 1
| #define HAVE_LUTIMES 1
| #define HAVE_MADVISE 1
| #define HAVE_MBRTOWC 1
| #define HAVE_MEMRCHR 1
| #define HAVE_MKDIRAT 1
| #define HAVE_MKFIFO 1
| #define HAVE_MKFIFOAT 1
| #define HAVE_MKNOD 1
| #define HAVE_MKNODAT 1
| #define HAVE_MKTIME 1
| #define HAVE_MMAP 1
| #define HAVE_MREMAP 1
| #define HAVE_NICE 1
| #define HAVE_OPENAT 1
| #define HAVE_OPENDIR 1
| #define HAVE_PATHCONF 1
| #define HAVE_PAUSE 1
| #define HAVE_PIPE 1
| #define HAVE_PIPE2 1
| #define HAVE_POLL 1
| #define HAVE_POSIX_FADVISE 1
| #define HAVE_POSIX_FALLOCATE 1
| #define HAVE_POSIX_OPENPT 1
| #define HAVE_POSIX_SPAWN 1
| #define HAVE_POSIX_SPAWNP 1
| #define HAVE_PREAD 1
| #define HAVE_PREADV 1
| #define HAVE_PREADV2 1
| #define HAVE_PROCESS_VM_READV 1
| #define HAVE_PTHREAD_CONDATTR_SETCLOCK 1
| #define HAVE_PTHREAD_KILL 1
| #define HAVE_PTHREAD_GETNAME_NP 1
| #define HAVE_PTHREAD_SETNAME_NP 1
| #define HAVE_PTHREAD_GETATTR_NP 1
| #define HAVE_PTSNAME 1
| #define HAVE_PTSNAME_R 1
| #define HAVE_PWRITE 1
| #define HAVE_PWRITEV 1
| #define HAVE_PWRITEV2 1
| #define HAVE_READLINK 1
| #define HAVE_READLINKAT 1
| #define HAVE_READV 1
| #define HAVE_REALPATH 1
| #define HAVE_RENAMEAT 1
| #define HAVE_SCHED_GET_PRIORITY_MAX 1
| #define HAVE_SCHED_RR_GET_INTERVAL 1
| #define HAVE_SCHED_SETAFFINITY 1
| #define HAVE_SCHED_SETPARAM 1
| #define HAVE_SCHED_SETSCHEDULER 1
| #define HAVE_SEM_CLOCKWAIT 1
| #define HAVE_SEM_GETVALUE 1
| #define HAVE_SEM_OPEN 1
| #define HAVE_SEM_TIMEDWAIT 1
| #define HAVE_SEM_UNLINK 1
| #define HAVE_SENDFILE 1
| #define HAVE_SETEGID 1
| #define HAVE_SETEUID 1
| #define HAVE_SETGID 1
| #define HAVE_SETHOSTNAME 1
| #define HAVE_SETITIMER 1
| #define HAVE_SETLOCALE 1
| #define HAVE_SETPGID 1
| #define HAVE_SETPGRP 1
| #define HAVE_SETPRIORITY 1
| #define HAVE_SETREGID 1
| #define HAVE_SETRESGID 1
| #define HAVE_SETRESUID 1
| #define HAVE_SETREUID 1
| #define HAVE_SETSID 1
| #define HAVE_SETUID 1
| #define HAVE_SETVBUF 1
| #define HAVE_SHUTDOWN 1
| #define HAVE_SIGACTION 1
| #define HAVE_SIGALTSTACK 1
| #define HAVE_SIGFILLSET 1
| #define HAVE_SIGINTERRUPT 1
| #define HAVE_SIGPENDING 1
| #define HAVE_SIGRELSE 1
| #define HAVE_SIGTIMEDWAIT 1
| #define HAVE_SIGWAIT 1
| #define HAVE_SIGWAITINFO 1
| #define HAVE_SNPRINTF 1
| #define HAVE_SPLICE 1
| #define HAVE_STRFTIME 1
| #define HAVE_STRSIGNAL 1
| #define HAVE_SYMLINKAT 1
| #define HAVE_SYNC 1
| #define HAVE_SYSCONF 1
| #define HAVE_TCGETPGRP 1
| #define HAVE_TCSETPGRP 1
| #define HAVE_TEMPNAM 1
| #define HAVE_TIMEGM 1
| #define HAVE_TIMES 1
| #define HAVE_TMPFILE 1
| #define HAVE_TMPNAM 1
| #define HAVE_TMPNAM_R 1
| #define HAVE_TRUNCATE 1
| #define HAVE_TTYNAME_R 1
| #define HAVE_UMASK 1
| #define HAVE_UNAME 1
| #define HAVE_UNLINKAT 1
| #define HAVE_UNLOCKPT 1
| #define HAVE_UTIMENSAT 1
| #define HAVE_UTIMES 1
| #define HAVE_VFORK 1
| #define HAVE_WAIT 1
| #define HAVE_WAIT3 1
| #define HAVE_WAIT4 1
| #define HAVE_WAITID 1
| #define HAVE_WAITPID 1
| #define HAVE_WCSCOLL 1
| #define HAVE_WCSFTIME 1
| #define HAVE_WCSXFRM 1
| #define HAVE_WMEMCMP 1
| #define HAVE_WRITEV 1
| #define HAVE_GETENTROPY 1
| #define HAVE_GETGROUPS 1
| #define HAVE_SYSTEM 1
| #define HAVE_DIRFD 1
| #define HAVE_CHROOT 1
| #define HAVE_LINK 1
| #define HAVE_SYMLINK 1
| #define HAVE_FCHDIR 1
| #define HAVE_FSYNC 1
| #define HAVE_FDATASYNC 1
| #define HAVE_EPOLL 1
| #define HAVE_EPOLL_CREATE1 1
| #define HAVE_PRLIMIT 1
| #define HAVE_MEMFD_CREATE 1
| #define HAVE_EVENTFD 1
| #define HAVE_TIMERFD_CREATE 1
| #define HAVE_FLOCK 1
| #define HAVE_GETPAGESIZE 1
| #define HAVE_ZLIB_COPY 1
| #define HAVE_HSTRERROR 1
| #define HAVE_GETSERVBYNAME 1
| #define HAVE_GETSERVBYPORT 1
| #define HAVE_GETHOSTBYNAME 1
| #define HAVE_GETHOSTBYADDR 1
| #define HAVE_GETPROTOBYNAME 1
| #define HAVE_INET_ATON 1
| #define HAVE_INET_NTOA 1
| #define HAVE_INET_PTON 1
| #define HAVE_GETPEERNAME 1
| #define HAVE_GETSOCKNAME 1
| #define HAVE_ACCEPT 1
| #define HAVE_BIND 1
| #define HAVE_CONNECT 1
| #define HAVE_LISTEN 1
| #define HAVE_RECVFROM 1
| #define HAVE_SENDTO 1
| #define HAVE_SETSOCKOPT 1
| #define HAVE_SOCKET 1
| #define HAVE_SETGROUPS 1
| #define HAVE_DECL_UT_NAMESIZE 1
| #define HAVE_UT_NAMESIZE 1
| #define HAVE_OPENPTY 1
| #define HAVE_LOGIN_TTY 1
| #define HAVE_FORKPTY 1
| #define HAVE_FSEEKO 1
| #define HAVE_FSTATVFS 1
| /* end confdefs.h.  */
| /* Define ftell64 to an innocuous variant, in case <limits.h> declares ftell64.
|    For example, HP-UX 11i <limits.h> declares gettimeofday.  */
| #define ftell64 innocuous_ftell64
| 
| /* System header to define __stub macros and hopefully few prototypes,
|    which can conflict with char ftell64 (void); below.  */
| 
| #include <limits.h>
| #undef ftell64
| 
| /* Override any GCC internal prototype to avoid an error.
|    Use char because int might match the return type of a GCC
|    builtin and then its argument prototype would still apply.  */
| #ifdef __cplusplus
| extern "C"
| #endif
| char ftell64 (void);
| /* The GNU C library defines this for functions which it implements
|     to always fail with ENOSYS.  Some functions are actually named
|     something starting with __ and the normal name is an alias.  */
| #if defined __stub_ftell64 || defined __stub___ftell64
| choke me
| #endif
| 
| int
| main (void)
| {
| return ftell64 ();
|   ;
|   return 0;
| }
configure:24193: result: no
configure:24199: checking for ftello
configure:24199: gcc -pthread -o conftest    conftest.c -lpthread -ldl  -lutil >&5
configure:24199: $? = 0
configure:24199: result: yes
configure:24205: checking for statvfs
configure:24205: gcc -pthread -o conftest    conftest.c -lpthread -ldl  -lutil >&5
configure:24205: $? = 0
configure:24205: result: yes
configure:24213: checking for dup2
configure:24213: gcc -pthread -o conftest    conftest.c -lpthread -ldl  -lutil >&5
configure:24213: $? = 0
configure:24213: result: yes
configure:24231: checking for getpgrp
configure:24231: gcc -pthread -o conftest    conftest.c -lpthread -ldl  -lutil >&5
configure:24231: $? = 0
configure:24231: result: yes
configure:24246: gcc -pthread -c   conftest.c >&5
conftest.c: In function 'main':
conftest.c:427:1: error: too many arguments to function 'getpgrp'
  427 | getpgrp(0);
      | ^~~~~~~
In file included from conftest.c:423:
/usr/include/unistd.h:634:16: note: declared here
  634 | extern __pid_t getpgrp (void) __THROW;
      |                ^~~~~~~
configure:24246: $? = 1
configure: failed program was:
| /* confdefs.h */
| #define _NETBSD_SOURCE 1
| #define __BSD_VISIBLE 1
| #define _DARWIN_C_SOURCE 1
| #define _PYTHONFRAMEWORK ""
| #define _XOPEN_SOURCE 700
| #define _XOPEN_SOURCE_EXTENDED 1
| #define _POSIX_C_SOURCE 200809L
| #define HAVE_STDIO_H 1
| #define HAVE_STDLIB_H 1
| #define HAVE_STRING_H 1
| #define HAVE_INTTYPES_H 1
| #define HAVE_STDINT_H 1
| #define HAVE_STRINGS_H 1
| #define HAVE_SYS_STAT_H 1
| #define HAVE_SYS_TYPES_H 1
| #define HAVE_UNISTD_H 1
| #define HAVE_WCHAR_H 1
| #define STDC_HEADERS 1
| #define _ALL_SOURCE 1
| #define _DARWIN_C_SOURCE 1
| #define _GNU_SOURCE 1
| #define _HPUX_ALT_XOPEN_SOCKET_API 1
| #define _NETBSD_SOURCE 1
| #define _OPENBSD_SOURCE 1
| #define _POSIX_PTHREAD_SEMANTICS 1
| #define __STDC_WANT_IEC_60559_ATTRIBS_EXT__ 1
| #define __STDC_WANT_IEC_60559_BFP_EXT__ 1
| #define __STDC_WANT_IEC_60559_DFP_EXT__ 1
| #define __STDC_WANT_IEC_60559_EXT__ 1
| #define __STDC_WANT_IEC_60559_FUNCS_EXT__ 1
| #define __STDC_WANT_IEC_60559_TYPES_EXT__ 1
| #define __STDC_WANT_LIB_EXT2__ 1
| #define __STDC_WANT_MATH_SPEC_FUNCS__ 1
| #define _TANDEM_SOURCE 1
| #define __EXTENSIONS__ 1
| #define _Py_STACK_GROWS_DOWN 1
| #define PY_SUPPORT_TIER 1
| #define STDC_HEADERS 1
| #define HAVE_ALLOCA_H 1
| #define HAVE_ASM_TYPES_H 1
| #define HAVE_DLFCN_H 1
| #define HAVE_ENDIAN_H 1
| #define HAVE_ERRNO_H 1
| #define HAVE_FCNTL_H 1
| #define HAVE_GRP_H 1
| #define HAVE_LANGINFO_H 1
| #define HAVE_LIBINTL_H 1
| #define HAVE_LINUX_AUXVEC_H 1
| #define HAVE_SYS_AUXV_H 1
| #define HAVE_LINUX_FS_H 1
| #define HAVE_LINUX_LIMITS_H 1
| #define HAVE_LINUX_MEMFD_H 1
| #define HAVE_LINUX_NETFILTER_IPV4_H 1
| #define HAVE_LINUX_RANDOM_H 1
| #define HAVE_LINUX_SOUNDCARD_H 1
| #define HAVE_LINUX_SCHED_H 1
| #define HAVE_LINUX_TIPC_H 1
| #define HAVE_LINUX_WAIT_H 1
| #define HAVE_NETDB_H 1
| #define HAVE_NET_ETHERNET_H 1
| #define HAVE_NETINET_IN_H 1
| #define HAVE_NETPACKET_PACKET_H 1
| #define HAVE_POLL_H 1
| #define HAVE_PTHREAD_H 1
| #define HAVE_PTY_H 1
| #define HAVE_SCHED_H 1
| #define HAVE_SETJMP_H 1
| #define HAVE_SHADOW_H 1
| #define HAVE_SIGNAL_H 1
| #define HAVE_SPAWN_H 1
| #define HAVE_SYS_EPOLL_H 1
| #define HAVE_SYS_EVENTFD_H 1
| #define HAVE_SYS_FILE_H 1
| #define HAVE_SYS_IOCTL_H 1
| #define HAVE_SYS_MMAN_H 1
| #define HAVE_SYS_PARAM_H 1
| #define HAVE_SYS_POLL_H 1
| #define HAVE_SYS_RANDOM_H 1
| #define HAVE_SYS_RESOURCE_H 1
| #define HAVE_SYS_SELECT_H 1
| #define HAVE_SYS_SENDFILE_H 1
| #define HAVE_SYS_SOCKET_H 1
| #define HAVE_SYS_SOUNDCARD_H 1
| #define HAVE_SYS_STAT_H 1
| #define HAVE_SYS_STATVFS_H 1
| #define HAVE_SYS_SYSCALL_H 1
| #define HAVE_SYS_SYSMACROS_H 1
| #define HAVE_SYS_TIME_H 1
| #define HAVE_SYS_TIMES_H 1
| #define HAVE_SYS_TIMERFD_H 1
| #define HAVE_SYS_TYPES_H 1
| #define HAVE_SYS_UIO_H 1
| #define HAVE_SYS_UN_H 1
| #define HAVE_SYS_UTSNAME_H 1
| #define HAVE_SYS_WAIT_H 1
| #define HAVE_SYS_XATTR_H 1
| #define HAVE_SYSEXITS_H 1
| #define HAVE_SYSLOG_H 1
| #define HAVE_TERMIOS_H 1
| #define HAVE_UTIME_H 1
| #define HAVE_UTMP_H 1
| #define HAVE_DIRENT_H 1
| #define MAJOR_IN_SYSMACROS 1
| #define HAVE_NET_IF_H 1
| #define HAVE_LINUX_NETLINK_H 1
| #define HAVE_LINUX_QRTR_H 1
| #define HAVE_LINUX_VM_SOCKETS_H 1
| #define HAVE_LINUX_CAN_H 1
| #define HAVE_LINUX_CAN_BCM_H 1
| #define HAVE_LINUX_CAN_J1939_H 1
| #define HAVE_LINUX_CAN_RAW_H 1
| #define HAVE_CLOCK_T 1
| #define HAVE_MAKEDEV 1
| #define HAVE_HTOLE64 1
| #define _LARGEFILE_SOURCE 1
| #define _FILE_OFFSET_BITS 64
| #if defined(SCO_DS)
| #undef _OFF_T
| #endif
| #define RETSIGTYPE void
| #define HAVE_SSIZE_T 1
| #define HAVE___UINT128_T 1
| #define HAVE_GCC_UINT128_T 1
| #define SIZEOF_INT 4
| #define SIZEOF_LONG 8
| #define ALIGNOF_LONG 8
| #define SIZEOF_LONG_LONG 8
| #define SIZEOF_VOID_P 8
| #define SIZEOF_SHORT 2
| #define SIZEOF_FLOAT 4
| #define SIZEOF_DOUBLE 8
| #define SIZEOF_FPOS_T 16
| #define SIZEOF_SIZE_T 8
| #define ALIGNOF_SIZE_T 8
| #define SIZEOF_PID_T 4
| #define SIZEOF_UINTPTR_T 8
| #define ALIGNOF_MAX_ALIGN_T 16
| #define HAVE_LONG_DOUBLE 1
| #define SIZEOF_LONG_DOUBLE 16
| #define SIZEOF__BOOL 1
| #define SIZEOF_OFF_T 8
| #define SIZEOF_TIME_T 8
| #define SIZEOF_PTHREAD_T 8
| #define SIZEOF_PTHREAD_KEY_T 4
| #define PTHREAD_KEY_T_IS_COMPATIBLE_WITH_INT 1
| #define PY_HAVE_PERF_TRAMPOLINE 1
| #define HAVE_LIBDL 1
| #define HAVE_EXECINFO_H 1
| #define HAVE_BACKTRACE 1
| #define HAVE_DLADDR1 1
| #define HAVE_LINK_H 1
| #define HAVE_BACKTRACE 1
| #define HAVE_DLADDR1 1
| #define HAVE_DLFCN_H 1
| #define HAVE_BACKTRACE 1
| #define HAVE_DLADDR1 1
| #define HAVE_UUID_H 1
| #define HAVE_UUID_GENERATE_TIME_SAFE 1
| #define HAVE_FFI_PREP_CIF_VAR 1
| #define HAVE_FFI_PREP_CLOSURE_LOC 1
| #define HAVE_FFI_CLOSURE_ALLOC 1
| #define WITH_DECIMAL_CONTEXTVAR 1
| #define HAVE_LIBSQLITE3 1
| #define HAVE_LIBSQLITE3 1
| #define HAVE_LIBSQLITE3 1
| #define HAVE_LIBSQLITE3 1
| #define HAVE_LIBSQLITE3 1
| #define HAVE_LIBSQLITE3 1
| #define HAVE_LIBSQLITE3 1
| #define HAVE_LIBSQLITE3 1
| #define HAVE_LIBSQLITE3 1
| #define PY_SQLITE_HAVE_SERIALIZE 1
| #define PTHREAD_SYSTEM_SCHED_SUPPORTED 1
| #define HAVE_PTHREAD_SIGMASK 1
| #define HAVE_PTHREAD_GETCPUCLOCKID 1
| #define ENABLE_IPV6 1
| #define HAVE_LINUX_CAN_RAW_FD_FRAMES 1
| #define HAVE_LINUX_CAN_RAW_JOIN_FILTERS 1
| #define WITH_DOC_STRINGS 1
| #define HAVE_STD_ATOMIC 1
| #define HAVE_BUILTIN_ATOMIC 1
| #define WITH_MIMALLOC 1
| #define WITH_PYMALLOC 1
| #define PY_COERCE_C_LOCALE 1
| #define HAVE_DLOPEN 1
| #define HAVE_DYNAMIC_LOADING 1
| #define HAVE_ACCEPT4 1
| #define HAVE_ALARM 1
| #define HAVE_BIND_TEXTDOMAIN_CODESET 1
| #define HAVE_CHMOD 1
| #define HAVE_CHOWN 1
| #define HAVE_CLOCK 1
| #define HAVE_CONFSTR 1
| #define HAVE_COPY_FILE_RANGE 1
| #define HAVE_CTERMID 1
| #define HAVE_DLADDR 1
| #define HAVE_DUP 1
| #define HAVE_DUP3 1
| #define HAVE_EXECV 1
| #define HAVE_EXPLICIT_BZERO 1
| #define HAVE_FACCESSAT 1
| #define HAVE_FCHMOD 1
| #define HAVE_FCHMODAT 1
| #define HAVE_FCHOWN 1
| #define HAVE_FCHOWNAT 1
| #define HAVE_FDOPENDIR 1
| #define HAVE_FEXECVE 1
| #define HAVE_FORK 1
| #define HAVE_FPATHCONF 1
| #define HAVE_FSTATAT 1
| #define HAVE_FTIME 1
| #define HAVE_FTRUNCATE 1
| #define HAVE_FUTIMENS 1
| #define HAVE_FUTIMES 1
| #define HAVE_FUTIMESAT 1
| #define HAVE_GAI_STRERROR 1
| #define HAVE_GETEGID 1
| #define HAVE_GETEUID 1
| #define HAVE_GETGID 1
| #define HAVE_GETGRENT 1
| #define HAVE_GETGRGID 1
| #define HAVE_GETGRGID_R 1
| #define HAVE_GETGRNAM_R 1
| #define HAVE_GETGROUPLIST 1
| #define HAVE_GETHOSTNAME 1
| #define HAVE_GETITIMER 1
| #define HAVE_GETLOADAVG 1
| #define HAVE_GETLOGIN 1
| #define HAVE_GETLOGIN_R 1
| #define HAVE_GETPEERNAME 1
| #define HAVE_GETPGID 1
| #define HAVE_GETPID 1
| #define HAVE_GETPPID 1
| #define HAVE_GETPRIORITY 1
| #define HAVE_GETPWENT 1
| #define HAVE_GETPWNAM_R 1
| #define HAVE_GETPWUID 1
| #define HAVE_GETPWUID_R 1
| #define HAVE_GETRESGID 1
| #define HAVE_GETRESUID 1
| #define HAVE_GETRUSAGE 1
| #define HAVE_GETSID 1
| #define HAVE_GETSPENT 1
| #define HAVE_GETSPNAM 1
| #define HAVE_GETUID 1
| #define HAVE_GETWD 1
| #define HAVE_GRANTPT 1
| #define HAVE_IF_NAMEINDEX 1
| #define HAVE_INITGROUPS 1
| #define HAVE_KILL 1
| #define HAVE_KILLPG 1
| #define HAVE_LCHOWN 1
| #define HAVE_LINKAT 1
| #define HAVE_LOCKF 1
| #define HAVE_LSTAT 1
| #define HAVE_LUTIMES 1
| #define HAVE_MADVISE 1
| #define HAVE_MBRTOWC 1
| #define HAVE_MEMRCHR 1
| #define HAVE_MKDIRAT 1
| #define HAVE_MKFIFO 1
| #define HAVE_MKFIFOAT 1
| #define HAVE_MKNOD 1
| #define HAVE_MKNODAT 1
| #define HAVE_MKTIME 1
| #define HAVE_MMAP 1
| #define HAVE_MREMAP 1
| #define HAVE_NICE 1
| #define HAVE_OPENAT 1
| #define HAVE_OPENDIR 1
| #define HAVE_PATHCONF 1
| #define HAVE_PAUSE 1
| #define HAVE_PIPE 1
| #define HAVE_PIPE2 1
| #define HAVE_POLL 1
| #define HAVE_POSIX_FADVISE 1
| #define HAVE_POSIX_FALLOCATE 1
| #define HAVE_POSIX_OPENPT 1
| #define HAVE_POSIX_SPAWN 1
| #define HAVE_POSIX_SPAWNP 1
| #define HAVE_PREAD 1
| #define HAVE_PREADV 1
| #define HAVE_PREADV2 1
| #define HAVE_PROCESS_VM_READV 1
| #define HAVE_PTHREAD_CONDATTR_SETCLOCK 1
| #define HAVE_PTHREAD_KILL 1
| #define HAVE_PTHREAD_GETNAME_NP 1
| #define HAVE_PTHREAD_SETNAME_NP 1
| #define HAVE_PTHREAD_GETATTR_NP 1
| #define HAVE_PTSNAME 1
| #define HAVE_PTSNAME_R 1
| #define HAVE_PWRITE 1
| #define HAVE_PWRITEV 1
| #define HAVE_PWRITEV2 1
| #define HAVE_READLINK 1
| #define HAVE_READLINKAT 1
| #define HAVE_READV 1
| #define HAVE_REALPATH 1
| #define HAVE_RENAMEAT 1
| #define HAVE_SCHED_GET_PRIORITY_MAX 1
| #define HAVE_SCHED_RR_GET_INTERVAL 1
| #define HAVE_SCHED_SETAFFINITY 1
| #define HAVE_SCHED_SETPARAM 1
| #define HAVE_SCHED_SETSCHEDULER 1
| #define HAVE_SEM_CLOCKWAIT 1
| #define HAVE_SEM_GETVALUE 1
| #define HAVE_SEM_OPEN 1
| #define HAVE_SEM_TIMEDWAIT 1
| #define HAVE_SEM_UNLINK 1
| #define HAVE_SENDFILE 1
| #define HAVE_SETEGID 1
| #define HAVE_SETEUID 1
| #define HAVE_SETGID 1
| #define HAVE_SETHOSTNAME 1
| #define HAVE_SETITIMER 1
| #define HAVE_SETLOCALE 1
| #define HAVE_SETPGID 1
| #define HAVE_SETPGRP 1
| #define HAVE_SETPRIORITY 1
| #define HAVE_SETREGID 1
| #define HAVE_SETRESGID 1
| #define HAVE_SETRESUID 1
| #define HAVE_SETREUID 1
| #define HAVE_SETSID 1
| #define HAVE_SETUID 1
| #define HAVE_SETVBUF 1
| #define HAVE_SHUTDOWN 1
| #define HAVE_SIGACTION 1
| #define HAVE_SIGALTSTACK 1
| #define HAVE_SIGFILLSET 1
| #define HAVE_SIGINTERRUPT 1
| #define HAVE_SIGPENDING 1
| #define HAVE_SIGRELSE 1
| #define HAVE_SIGTIMEDWAIT 1
| #define HAVE_SIGWAIT 1
| #define HAVE_SIGWAITINFO 1
| #define HAVE_SNPRINTF 1
| #define HAVE_SPLICE 1
| #define HAVE_STRFTIME 1
| #define HAVE_STRSIGNAL 1
| #define HAVE_SYMLINKAT 1
| #define HAVE_SYNC 1
| #define HAVE_SYSCONF 1
| #define HAVE_TCGETPGRP 1
| #define HAVE_TCSETPGRP 1
| #define HAVE_TEMPNAM 1
| #define HAVE_TIMEGM 1
| #define HAVE_TIMES 1
| #define HAVE_TMPFILE 1
| #define HAVE_TMPNAM 1
| #define HAVE_TMPNAM_R 1
| #define HAVE_TRUNCATE 1
| #define HAVE_TTYNAME_R 1
| #define HAVE_UMASK 1
| #define HAVE_UNAME 1
| #define HAVE_UNLINKAT 1
| #define HAVE_UNLOCKPT 1
| #define HAVE_UTIMENSAT 1
| #define HAVE_UTIMES 1
| #define HAVE_VFORK 1
| #define HAVE_WAIT 1
| #define HAVE_WAIT3 1
| #define HAVE_WAIT4 1
| #define HAVE_WAITID 1
| #define HAVE_WAITPID 1
| #define HAVE_WCSCOLL 1
| #define HAVE_WCSFTIME 1
| #define HAVE_WCSXFRM 1
| #define HAVE_WMEMCMP 1
| #define HAVE_WRITEV 1
| #define HAVE_GETENTROPY 1
| #define HAVE_GETGROUPS 1
| #define HAVE_SYSTEM 1
| #define HAVE_DIRFD 1
| #define HAVE_CHROOT 1
| #define HAVE_LINK 1
| #define HAVE_SYMLINK 1
| #define HAVE_FCHDIR 1
| #define HAVE_FSYNC 1
| #define HAVE_FDATASYNC 1
| #define HAVE_EPOLL 1
| #define HAVE_EPOLL_CREATE1 1
| #define HAVE_PRLIMIT 1
| #define HAVE_MEMFD_CREATE 1
| #define HAVE_EVENTFD 1
| #define HAVE_TIMERFD_CREATE 1
| #define HAVE_FLOCK 1
| #define HAVE_GETPAGESIZE 1
| #define HAVE_ZLIB_COPY 1
| #define HAVE_HSTRERROR 1
| #define HAVE_GETSERVBYNAME 1
| #define HAVE_GETSERVBYPORT 1
| #define HAVE_GETHOSTBYNAME 1
| #define HAVE_GETHOSTBYADDR 1
| #define HAVE_GETPROTOBYNAME 1
| #define HAVE_INET_ATON 1
| #define HAVE_INET_NTOA 1
| #define HAVE_INET_PTON 1
| #define HAVE_GETPEERNAME 1
| #define HAVE_GETSOCKNAME 1
| #define HAVE_ACCEPT 1
| #define HAVE_BIND 1
| #define HAVE_CONNECT 1
| #define HAVE_LISTEN 1
| #define HAVE_RECVFROM 1
| #define HAVE_SENDTO 1
| #define HAVE_SETSOCKOPT 1
| #define HAVE_SOCKET 1
| #define HAVE_SETGROUPS 1
| #define HAVE_DECL_UT_NAMESIZE 1
| #define HAVE_UT_NAMESIZE 1
| #define HAVE_OPENPTY 1
| #define HAVE_LOGIN_TTY 1
| #define HAVE_FORKPTY 1
| #define HAVE_FSEEKO 1
| #define HAVE_FSTATVFS 1
| #define HAVE_FTELLO 1
| #define HAVE_STATVFS 1
| #define HAVE_DUP2 1
| #define HAVE_GETPGRP 1
| /* end confdefs.h.  */
| #include <unistd.h>
| int
| main (void)
| {
| getpgrp(0);
|   ;
|   return 0;
| }
configure:24259: checking for setpgrp
configure:24259: result: yes
configure:24274: gcc -pthread -c   conftest.c >&5
conftest.c: In function 'main':
conftest.c:428:1: error: too many arguments to function 'setpgrp'
  428 | setpgrp(0,0);
      | ^~~~~~~
In file included from conftest.c:424:
/usr/include/unistd.h:660:12: note: declared here
  660 | extern int setpgrp (void) __THROW;
      |            ^~~~~~~
configure:24274: $? = 1
configure: failed program was:
| /* confdefs.h */
| #define _NETBSD_SOURCE 1
| #define __BSD_VISIBLE 1
| #define _DARWIN_C_SOURCE 1
| #define _PYTHONFRAMEWORK ""
| #define _XOPEN_SOURCE 700
| #define _XOPEN_SOURCE_EXTENDED 1
| #define _POSIX_C_SOURCE 200809L
| #define HAVE_STDIO_H 1
| #define HAVE_STDLIB_H 1
| #define HAVE_STRING_H 1
| #define HAVE_INTTYPES_H 1
| #define HAVE_STDINT_H 1
| #define HAVE_STRINGS_H 1
| #define HAVE_SYS_STAT_H 1
| #define HAVE_SYS_TYPES_H 1
| #define HAVE_UNISTD_H 1
| #define HAVE_WCHAR_H 1
| #define STDC_HEADERS 1
| #define _ALL_SOURCE 1
| #define _DARWIN_C_SOURCE 1
| #define _GNU_SOURCE 1
| #define _HPUX_ALT_XOPEN_SOCKET_API 1
| #define _NETBSD_SOURCE 1
| #define _OPENBSD_SOURCE 1
| #define _POSIX_PTHREAD_SEMANTICS 1
| #define __STDC_WANT_IEC_60559_ATTRIBS_EXT__ 1
| #define __STDC_WANT_IEC_60559_BFP_EXT__ 1
| #define __STDC_WANT_IEC_60559_DFP_EXT__ 1
| #define __STDC_WANT_IEC_60559_EXT__ 1
| #define __STDC_WANT_IEC_60559_FUNCS_EXT__ 1
| #define __STDC_WANT_IEC_60559_TYPES_EXT__ 1
| #define __STDC_WANT_LIB_EXT2__ 1
| #define __STDC_WANT_MATH_SPEC_FUNCS__ 1
| #define _TANDEM_SOURCE 1
| #define __EXTENSIONS__ 1
| #define _Py_STACK_GROWS_DOWN 1
| #define PY_SUPPORT_TIER 1
| #define STDC_HEADERS 1
| #define HAVE_ALLOCA_H 1
| #define HAVE_ASM_TYPES_H 1
| #define HAVE_DLFCN_H 1
| #define HAVE_ENDIAN_H 1
| #define HAVE_ERRNO_H 1
| #define HAVE_FCNTL_H 1
| #define HAVE_GRP_H 1
| #define HAVE_LANGINFO_H 1
| #define HAVE_LIBINTL_H 1
| #define HAVE_LINUX_AUXVEC_H 1
| #define HAVE_SYS_AUXV_H 1
| #define HAVE_LINUX_FS_H 1
| #define HAVE_LINUX_LIMITS_H 1
| #define HAVE_LINUX_MEMFD_H 1
| #define HAVE_LINUX_NETFILTER_IPV4_H 1
| #define HAVE_LINUX_RANDOM_H 1
| #define HAVE_LINUX_SOUNDCARD_H 1
| #define HAVE_LINUX_SCHED_H 1
| #define HAVE_LINUX_TIPC_H 1
| #define HAVE_LINUX_WAIT_H 1
| #define HAVE_NETDB_H 1
| #define HAVE_NET_ETHERNET_H 1
| #define HAVE_NETINET_IN_H 1
| #define HAVE_NETPACKET_PACKET_H 1
| #define HAVE_POLL_H 1
| #define HAVE_PTHREAD_H 1
| #define HAVE_PTY_H 1
| #define HAVE_SCHED_H 1
| #define HAVE_SETJMP_H 1
| #define HAVE_SHADOW_H 1
| #define HAVE_SIGNAL_H 1
| #define HAVE_SPAWN_H 1
| #define HAVE_SYS_EPOLL_H 1
| #define HAVE_SYS_EVENTFD_H 1
| #define HAVE_SYS_FILE_H 1
| #define HAVE_SYS_IOCTL_H 1
| #define HAVE_SYS_MMAN_H 1
| #define HAVE_SYS_PARAM_H 1
| #define HAVE_SYS_POLL_H 1
| #define HAVE_SYS_RANDOM_H 1
| #define HAVE_SYS_RESOURCE_H 1
| #define HAVE_SYS_SELECT_H 1
| #define HAVE_SYS_SENDFILE_H 1
| #define HAVE_SYS_SOCKET_H 1
| #define HAVE_SYS_SOUNDCARD_H 1
| #define HAVE_SYS_STAT_H 1
| #define HAVE_SYS_STATVFS_H 1
| #define HAVE_SYS_SYSCALL_H 1
| #define HAVE_SYS_SYSMACROS_H 1
| #define HAVE_SYS_TIME_H 1
| #define HAVE_SYS_TIMES_H 1
| #define HAVE_SYS_TIMERFD_H 1
| #define HAVE_SYS_TYPES_H 1
| #define HAVE_SYS_UIO_H 1
| #define HAVE_SYS_UN_H 1
| #define HAVE_SYS_UTSNAME_H 1
| #define HAVE_SYS_WAIT_H 1
| #define HAVE_SYS_XATTR_H 1
| #define HAVE_SYSEXITS_H 1
| #define HAVE_SYSLOG_H 1
| #define HAVE_TERMIOS_H 1
| #define HAVE_UTIME_H 1
| #define HAVE_UTMP_H 1
| #define HAVE_DIRENT_H 1
| #define MAJOR_IN_SYSMACROS 1
| #define HAVE_NET_IF_H 1
| #define HAVE_LINUX_NETLINK_H 1
| #define HAVE_LINUX_QRTR_H 1
| #define HAVE_LINUX_VM_SOCKETS_H 1
| #define HAVE_LINUX_CAN_H 1
| #define HAVE_LINUX_CAN_BCM_H 1
| #define HAVE_LINUX_CAN_J1939_H 1
| #define HAVE_LINUX_CAN_RAW_H 1
| #define HAVE_CLOCK_T 1
| #define HAVE_MAKEDEV 1
| #define HAVE_HTOLE64 1
| #define _LARGEFILE_SOURCE 1
| #define _FILE_OFFSET_BITS 64
| #if defined(SCO_DS)
| #undef _OFF_T
| #endif
| #define RETSIGTYPE void
| #define HAVE_SSIZE_T 1
| #define HAVE___UINT128_T 1
| #define HAVE_GCC_UINT128_T 1
| #define SIZEOF_INT 4
| #define SIZEOF_LONG 8
| #define ALIGNOF_LONG 8
| #define SIZEOF_LONG_LONG 8
| #define SIZEOF_VOID_P 8
| #define SIZEOF_SHORT 2
| #define SIZEOF_FLOAT 4
| #define SIZEOF_DOUBLE 8
| #define SIZEOF_FPOS_T 16
| #define SIZEOF_SIZE_T 8
| #define ALIGNOF_SIZE_T 8
| #define SIZEOF_PID_T 4
| #define SIZEOF_UINTPTR_T 8
| #define ALIGNOF_MAX_ALIGN_T 16
| #define HAVE_LONG_DOUBLE 1
| #define SIZEOF_LONG_DOUBLE 16
| #define SIZEOF__BOOL 1
| #define SIZEOF_OFF_T 8
| #define SIZEOF_TIME_T 8
| #define SIZEOF_PTHREAD_T 8
| #define SIZEOF_PTHREAD_KEY_T 4
| #define PTHREAD_KEY_T_IS_COMPATIBLE_WITH_INT 1
| #define PY_HAVE_PERF_TRAMPOLINE 1
| #define HAVE_LIBDL 1
| #define HAVE_EXECINFO_H 1
| #define HAVE_BACKTRACE 1
| #define HAVE_DLADDR1 1
| #define HAVE_LINK_H 1
| #define HAVE_BACKTRACE 1
| #define HAVE_DLADDR1 1
| #define HAVE_DLFCN_H 1
| #define HAVE_BACKTRACE 1
| #define HAVE_DLADDR1 1
| #define HAVE_UUID_H 1
| #define HAVE_UUID_GENERATE_TIME_SAFE 1
| #define HAVE_FFI_PREP_CIF_VAR 1
| #define HAVE_FFI_PREP_CLOSURE_LOC 1
| #define HAVE_FFI_CLOSURE_ALLOC 1
| #define WITH_DECIMAL_CONTEXTVAR 1
| #define HAVE_LIBSQLITE3 1
| #define HAVE_LIBSQLITE3 1
| #define HAVE_LIBSQLITE3 1
| #define HAVE_LIBSQLITE3 1
| #define HAVE_LIBSQLITE3 1
| #define HAVE_LIBSQLITE3 1
| #define HAVE_LIBSQLITE3 1
| #define HAVE_LIBSQLITE3 1
| #define HAVE_LIBSQLITE3 1
| #define PY_SQLITE_HAVE_SERIALIZE 1
| #define PTHREAD_SYSTEM_SCHED_SUPPORTED 1
| #define HAVE_PTHREAD_SIGMASK 1
| #define HAVE_PTHREAD_GETCPUCLOCKID 1
| #define ENABLE_IPV6 1
| #define HAVE_LINUX_CAN_RAW_FD_FRAMES 1
| #define HAVE_LINUX_CAN_RAW_JOIN_FILTERS 1
| #define WITH_DOC_STRINGS 1
| #define HAVE_STD_ATOMIC 1
| #define HAVE_BUILTIN_ATOMIC 1
| #define WITH_MIMALLOC 1
| #define WITH_PYMALLOC 1
| #define PY_COERCE_C_LOCALE 1
| #define HAVE_DLOPEN 1
| #define HAVE_DYNAMIC_LOADING 1
| #define HAVE_ACCEPT4 1
| #define HAVE_ALARM 1
| #define HAVE_BIND_TEXTDOMAIN_CODESET 1
| #define HAVE_CHMOD 1
| #define HAVE_CHOWN 1
| #define HAVE_CLOCK 1
| #define HAVE_CONFSTR 1
| #define HAVE_COPY_FILE_RANGE 1
| #define HAVE_CTERMID 1
| #define HAVE_DLADDR 1
| #define HAVE_DUP 1
| #define HAVE_DUP3 1
| #define HAVE_EXECV 1
| #define HAVE_EXPLICIT_BZERO 1
| #define HAVE_FACCESSAT 1
| #define HAVE_FCHMOD 1
| #define HAVE_FCHMODAT 1
| #define HAVE_FCHOWN 1
| #define HAVE_FCHOWNAT 1
| #define HAVE_FDOPENDIR 1
| #define HAVE_FEXECVE 1
| #define HAVE_FORK 1
| #define HAVE_FPATHCONF 1
| #define HAVE_FSTATAT 1
| #define HAVE_FTIME 1
| #define HAVE_FTRUNCATE 1
| #define HAVE_FUTIMENS 1
| #define HAVE_FUTIMES 1
| #define HAVE_FUTIMESAT 1
| #define HAVE_GAI_STRERROR 1
| #define HAVE_GETEGID 1
| #define HAVE_GETEUID 1
| #define HAVE_GETGID 1
| #define HAVE_GETGRENT 1
| #define HAVE_GETGRGID 1
| #define HAVE_GETGRGID_R 1
| #define HAVE_GETGRNAM_R 1
| #define HAVE_GETGROUPLIST 1
| #define HAVE_GETHOSTNAME 1
| #define HAVE_GETITIMER 1
| #define HAVE_GETLOADAVG 1
| #define HAVE_GETLOGIN 1
| #define HAVE_GETLOGIN_R 1
| #define HAVE_GETPEERNAME 1
| #define HAVE_GETPGID 1
| #define HAVE_GETPID 1
| #define HAVE_GETPPID 1
| #define HAVE_GETPRIORITY 1
| #define HAVE_GETPWENT 1
| #define HAVE_GETPWNAM_R 1
| #define HAVE_GETPWUID 1
| #define HAVE_GETPWUID_R 1
| #define HAVE_GETRESGID 1
| #define HAVE_GETRESUID 1
| #define HAVE_GETRUSAGE 1
| #define HAVE_GETSID 1
| #define HAVE_GETSPENT 1
| #define HAVE_GETSPNAM 1
| #define HAVE_GETUID 1
| #define HAVE_GETWD 1
| #define HAVE_GRANTPT 1
| #define HAVE_IF_NAMEINDEX 1
| #define HAVE_INITGROUPS 1
| #define HAVE_KILL 1
| #define HAVE_KILLPG 1
| #define HAVE_LCHOWN 1
| #define HAVE_LINKAT 1
| #define HAVE_LOCKF 1
| #define HAVE_LSTAT 1
| #define HAVE_LUTIMES 1
| #define HAVE_MADVISE 1
| #define HAVE_MBRTOWC 1
| #define HAVE_MEMRCHR 1
| #define HAVE_MKDIRAT 1
| #define HAVE_MKFIFO 1
| #define HAVE_MKFIFOAT 1
| #define HAVE_MKNOD 1
| #define HAVE_MKNODAT 1
| #define HAVE_MKTIME 1
| #define HAVE_MMAP 1
| #define HAVE_MREMAP 1
| #define HAVE_NICE 1
| #define HAVE_OPENAT 1
| #define HAVE_OPENDIR 1
| #define HAVE_PATHCONF 1
| #define HAVE_PAUSE 1
| #define HAVE_PIPE 1
| #define HAVE_PIPE2 1
| #define HAVE_POLL 1
| #define HAVE_POSIX_FADVISE 1
| #define HAVE_POSIX_FALLOCATE 1
| #define HAVE_POSIX_OPENPT 1
| #define HAVE_POSIX_SPAWN 1
| #define HAVE_POSIX_SPAWNP 1
| #define HAVE_PREAD 1
| #define HAVE_PREADV 1
| #define HAVE_PREADV2 1
| #define HAVE_PROCESS_VM_READV 1
| #define HAVE_PTHREAD_CONDATTR_SETCLOCK 1
| #define HAVE_PTHREAD_KILL 1
| #define HAVE_PTHREAD_GETNAME_NP 1
| #define HAVE_PTHREAD_SETNAME_NP 1
| #define HAVE_PTHREAD_GETATTR_NP 1
| #define HAVE_PTSNAME 1
| #define HAVE_PTSNAME_R 1
| #define HAVE_PWRITE 1
| #define HAVE_PWRITEV 1
| #define HAVE_PWRITEV2 1
| #define HAVE_READLINK 1
| #define HAVE_READLINKAT 1
| #define HAVE_READV 1
| #define HAVE_REALPATH 1
| #define HAVE_RENAMEAT 1
| #define HAVE_SCHED_GET_PRIORITY_MAX 1
| #define HAVE_SCHED_RR_GET_INTERVAL 1
| #define HAVE_SCHED_SETAFFINITY 1
| #define HAVE_SCHED_SETPARAM 1
| #define HAVE_SCHED_SETSCHEDULER 1
| #define HAVE_SEM_CLOCKWAIT 1
| #define HAVE_SEM_GETVALUE 1
| #define HAVE_SEM_OPEN 1
| #define HAVE_SEM_TIMEDWAIT 1
| #define HAVE_SEM_UNLINK 1
| #define HAVE_SENDFILE 1
| #define HAVE_SETEGID 1
| #define HAVE_SETEUID 1
| #define HAVE_SETGID 1
| #define HAVE_SETHOSTNAME 1
| #define HAVE_SETITIMER 1
| #define HAVE_SETLOCALE 1
| #define HAVE_SETPGID 1
| #define HAVE_SETPGRP 1
| #define HAVE_SETPRIORITY 1
| #define HAVE_SETREGID 1
| #define HAVE_SETRESGID 1
| #define HAVE_SETRESUID 1
| #define HAVE_SETREUID 1
| #define HAVE_SETSID 1
| #define HAVE_SETUID 1
| #define HAVE_SETVBUF 1
| #define HAVE_SHUTDOWN 1
| #define HAVE_SIGACTION 1
| #define HAVE_SIGALTSTACK 1
| #define HAVE_SIGFILLSET 1
| #define HAVE_SIGINTERRUPT 1
| #define HAVE_SIGPENDING 1
| #define HAVE_SIGRELSE 1
| #define HAVE_SIGTIMEDWAIT 1
| #define HAVE_SIGWAIT 1
| #define HAVE_SIGWAITINFO 1
| #define HAVE_SNPRINTF 1
| #define HAVE_SPLICE 1
| #define HAVE_STRFTIME 1
| #define HAVE_STRSIGNAL 1
| #define HAVE_SYMLINKAT 1
| #define HAVE_SYNC 1
| #define HAVE_SYSCONF 1
| #define HAVE_TCGETPGRP 1
| #define HAVE_TCSETPGRP 1
| #define HAVE_TEMPNAM 1
| #define HAVE_TIMEGM 1
| #define HAVE_TIMES 1
| #define HAVE_TMPFILE 1
| #define HAVE_TMPNAM 1
| #define HAVE_TMPNAM_R 1
| #define HAVE_TRUNCATE 1
| #define HAVE_TTYNAME_R 1
| #define HAVE_UMASK 1
| #define HAVE_UNAME 1
| #define HAVE_UNLINKAT 1
| #define HAVE_UNLOCKPT 1
| #define HAVE_UTIMENSAT 1
| #define HAVE_UTIMES 1
| #define HAVE_VFORK 1
| #define HAVE_WAIT 1
| #define HAVE_WAIT3 1
| #define HAVE_WAIT4 1
| #define HAVE_WAITID 1
| #define HAVE_WAITPID 1
| #define HAVE_WCSCOLL 1
| #define HAVE_WCSFTIME 1
| #define HAVE_WCSXFRM 1
| #define HAVE_WMEMCMP 1
| #define HAVE_WRITEV 1
| #define HAVE_GETENTROPY 1
| #define HAVE_GETGROUPS 1
| #define HAVE_SYSTEM 1
| #define HAVE_DIRFD 1
| #define HAVE_CHROOT 1
| #define HAVE_LINK 1
| #define HAVE_SYMLINK 1
| #define HAVE_FCHDIR 1
| #define HAVE_FSYNC 1
| #define HAVE_FDATASYNC 1
| #define HAVE_EPOLL 1
| #define HAVE_EPOLL_CREATE1 1
| #define HAVE_PRLIMIT 1
| #define HAVE_MEMFD_CREATE 1
| #define HAVE_EVENTFD 1
| #define HAVE_TIMERFD_CREATE 1
| #define HAVE_FLOCK 1
| #define HAVE_GETPAGESIZE 1
| #define HAVE_ZLIB_COPY 1
| #define HAVE_HSTRERROR 1
| #define HAVE_GETSERVBYNAME 1
| #define HAVE_GETSERVBYPORT 1
| #define HAVE_GETHOSTBYNAME 1
| #define HAVE_GETHOSTBYADDR 1
| #define HAVE_GETPROTOBYNAME 1
| #define HAVE_INET_ATON 1
| #define HAVE_INET_NTOA 1
| #define HAVE_INET_PTON 1
| #define HAVE_GETPEERNAME 1
| #define HAVE_GETSOCKNAME 1
| #define HAVE_ACCEPT 1
| #define HAVE_BIND 1
| #define HAVE_CONNECT 1
| #define HAVE_LISTEN 1
| #define HAVE_RECVFROM 1
| #define HAVE_SENDTO 1
| #define HAVE_SETSOCKOPT 1
| #define HAVE_SOCKET 1
| #define HAVE_SETGROUPS 1
| #define HAVE_DECL_UT_NAMESIZE 1
| #define HAVE_UT_NAMESIZE 1
| #define HAVE_OPENPTY 1
| #define HAVE_LOGIN_TTY 1
| #define HAVE_FORKPTY 1
| #define HAVE_FSEEKO 1
| #define HAVE_FSTATVFS 1
| #define HAVE_FTELLO 1
| #define HAVE_STATVFS 1
| #define HAVE_DUP2 1
| #define HAVE_GETPGRP 1
| #define HAVE_SETPGRP 1
| /* end confdefs.h.  */
| #include <unistd.h>
| int
| main (void)
| {
| setpgrp(0,0);
|   ;
|   return 0;
| }
configure:24286: checking for setns
configure:24286: gcc -pthread -o conftest    conftest.c -lpthread -ldl  -lutil >&5
configure:24286: $? = 0
configure:24286: result: yes
configure:24292: checking for unshare
configure:24292: gcc -pthread -o conftest    conftest.c -lpthread -ldl  -lutil >&5
configure:24292: $? = 0
configure:24292: result: yes
configure:24303: checking for clock_gettime
configure:24303: gcc -pthread -o conftest    conftest.c -lpthread -ldl  -lutil >&5
configure:24303: $? = 0
configure:24303: result: yes
configure:24374: checking for clock_getres
configure:24374: gcc -pthread -o conftest    conftest.c -lpthread -ldl  -lutil >&5
configure:24374: $? = 0
configure:24374: result: yes
configure:24446: checking for clock_settime
configure:24446: gcc -pthread -o conftest    conftest.c -lpthread -ldl  -lutil >&5
configure:24446: $? = 0
configure:24446: result: yes
configure:24518: checking for clock_nanosleep
configure:24518: gcc -pthread -o conftest    conftest.c -lpthread -ldl  -lutil >&5
configure:24518: $? = 0
configure:24518: result: yes
configure:24586: checking for nanosleep
configure:24586: gcc -pthread -o conftest    conftest.c -lpthread -ldl  -lutil >&5
configure:24586: $? = 0
configure:24586: result: yes
configure:24650: checking for major, minor, and makedev
configure:24679: gcc -pthread -o conftest    conftest.c -lpthread -ldl  -lutil >&5
configure:24679: $? = 0
configure:24691: result: yes
configure:24708: checking for getaddrinfo
configure:24731: gcc -pthread -o conftest    conftest.c -lpthread -ldl  -lutil >&5
configure:24731: $? = 0
configure:24743: result: yes
configure:24749: checking getaddrinfo bug
configure:24859: gcc -pthread -o conftest    conftest.c -lpthread -ldl  -lutil >&5
configure:24859: $? = 0
configure:24859: ./conftest
configure:24859: $? = 0
configure:24873: result: no
configure:24893: checking for getnameinfo
configure:24893: gcc -pthread -o conftest    conftest.c -lpthread -ldl  -lutil >&5
configure:24893: $? = 0
configure:24893: result: yes
configure:24902: checking whether struct tm is in sys/time.h or time.h
configure:24923: gcc -pthread -c   conftest.c >&5
configure:24923: $? = 0
configure:24933: result: time.h
configure:24941: checking for struct tm.tm_zone
configure:24941: gcc -pthread -c   conftest.c >&5
configure:24941: $? = 0
configure:24941: result: yes
configure:25010: checking for struct stat.st_rdev
configure:25010: gcc -pthread -c   conftest.c >&5
configure:25010: $? = 0
configure:25010: result: yes
configure:25019: checking for struct stat.st_blksize
configure:25019: gcc -pthread -c   conftest.c >&5
configure:25019: $? = 0
configure:25019: result: yes
configure:25028: checking for struct stat.st_flags
configure:25028: gcc -pthread -c   conftest.c >&5
conftest.c: In function 'main':
conftest.c:471:12: error: 'struct stat' has no member named 'st_flags'
  471 | if (ac_aggr.st_flags)
      |            ^
configure:25028: $? = 1
configure: failed program was:
| /* confdefs.h */
| #define _NETBSD_SOURCE 1
| #define __BSD_VISIBLE 1
| #define _DARWIN_C_SOURCE 1
| #define _PYTHONFRAMEWORK ""
| #define _XOPEN_SOURCE 700
| #define _XOPEN_SOURCE_EXTENDED 1
| #define _POSIX_C_SOURCE 200809L
| #define HAVE_STDIO_H 1
| #define HAVE_STDLIB_H 1
| #define HAVE_STRING_H 1
| #define HAVE_INTTYPES_H 1
| #define HAVE_STDINT_H 1
| #define HAVE_STRINGS_H 1
| #define HAVE_SYS_STAT_H 1
| #define HAVE_SYS_TYPES_H 1
| #define HAVE_UNISTD_H 1
| #define HAVE_WCHAR_H 1
| #define STDC_HEADERS 1
| #define _ALL_SOURCE 1
| #define _DARWIN_C_SOURCE 1
| #define _GNU_SOURCE 1
| #define _HPUX_ALT_XOPEN_SOCKET_API 1
| #define _NETBSD_SOURCE 1
| #define _OPENBSD_SOURCE 1
| #define _POSIX_PTHREAD_SEMANTICS 1
| #define __STDC_WANT_IEC_60559_ATTRIBS_EXT__ 1
| #define __STDC_WANT_IEC_60559_BFP_EXT__ 1
| #define __STDC_WANT_IEC_60559_DFP_EXT__ 1
| #define __STDC_WANT_IEC_60559_EXT__ 1
| #define __STDC_WANT_IEC_60559_FUNCS_EXT__ 1
| #define __STDC_WANT_IEC_60559_TYPES_EXT__ 1
| #define __STDC_WANT_LIB_EXT2__ 1
| #define __STDC_WANT_MATH_SPEC_FUNCS__ 1
| #define _TANDEM_SOURCE 1
| #define __EXTENSIONS__ 1
| #define _Py_STACK_GROWS_DOWN 1
| #define PY_SUPPORT_TIER 1
| #define STDC_HEADERS 1
| #define HAVE_ALLOCA_H 1
| #define HAVE_ASM_TYPES_H 1
| #define HAVE_DLFCN_H 1
| #define HAVE_ENDIAN_H 1
| #define HAVE_ERRNO_H 1
| #define HAVE_FCNTL_H 1
| #define HAVE_GRP_H 1
| #define HAVE_LANGINFO_H 1
| #define HAVE_LIBINTL_H 1
| #define HAVE_LINUX_AUXVEC_H 1
| #define HAVE_SYS_AUXV_H 1
| #define HAVE_LINUX_FS_H 1
| #define HAVE_LINUX_LIMITS_H 1
| #define HAVE_LINUX_MEMFD_H 1
| #define HAVE_LINUX_NETFILTER_IPV4_H 1
| #define HAVE_LINUX_RANDOM_H 1
| #define HAVE_LINUX_SOUNDCARD_H 1
| #define HAVE_LINUX_SCHED_H 1
| #define HAVE_LINUX_TIPC_H 1
| #define HAVE_LINUX_WAIT_H 1
| #define HAVE_NETDB_H 1
| #define HAVE_NET_ETHERNET_H 1
| #define HAVE_NETINET_IN_H 1
| #define HAVE_NETPACKET_PACKET_H 1
| #define HAVE_POLL_H 1
| #define HAVE_PTHREAD_H 1
| #define HAVE_PTY_H 1
| #define HAVE_SCHED_H 1
| #define HAVE_SETJMP_H 1
| #define HAVE_SHADOW_H 1
| #define HAVE_SIGNAL_H 1
| #define HAVE_SPAWN_H 1
| #define HAVE_SYS_EPOLL_H 1
| #define HAVE_SYS_EVENTFD_H 1
| #define HAVE_SYS_FILE_H 1
| #define HAVE_SYS_IOCTL_H 1
| #define HAVE_SYS_MMAN_H 1
| #define HAVE_SYS_PARAM_H 1
| #define HAVE_SYS_POLL_H 1
| #define HAVE_SYS_RANDOM_H 1
| #define HAVE_SYS_RESOURCE_H 1
| #define HAVE_SYS_SELECT_H 1
| #define HAVE_SYS_SENDFILE_H 1
| #define HAVE_SYS_SOCKET_H 1
| #define HAVE_SYS_SOUNDCARD_H 1
| #define HAVE_SYS_STAT_H 1
| #define HAVE_SYS_STATVFS_H 1
| #define HAVE_SYS_SYSCALL_H 1
| #define HAVE_SYS_SYSMACROS_H 1
| #define HAVE_SYS_TIME_H 1
| #define HAVE_SYS_TIMES_H 1
| #define HAVE_SYS_TIMERFD_H 1
| #define HAVE_SYS_TYPES_H 1
| #define HAVE_SYS_UIO_H 1
| #define HAVE_SYS_UN_H 1
| #define HAVE_SYS_UTSNAME_H 1
| #define HAVE_SYS_WAIT_H 1
| #define HAVE_SYS_XATTR_H 1
| #define HAVE_SYSEXITS_H 1
| #define HAVE_SYSLOG_H 1
| #define HAVE_TERMIOS_H 1
| #define HAVE_UTIME_H 1
| #define HAVE_UTMP_H 1
| #define HAVE_DIRENT_H 1
| #define MAJOR_IN_SYSMACROS 1
| #define HAVE_NET_IF_H 1
| #define HAVE_LINUX_NETLINK_H 1
| #define HAVE_LINUX_QRTR_H 1
| #define HAVE_LINUX_VM_SOCKETS_H 1
| #define HAVE_LINUX_CAN_H 1
| #define HAVE_LINUX_CAN_BCM_H 1
| #define HAVE_LINUX_CAN_J1939_H 1
| #define HAVE_LINUX_CAN_RAW_H 1
| #define HAVE_CLOCK_T 1
| #define HAVE_MAKEDEV 1
| #define HAVE_HTOLE64 1
| #define _LARGEFILE_SOURCE 1
| #define _FILE_OFFSET_BITS 64
| #if defined(SCO_DS)
| #undef _OFF_T
| #endif
| #define RETSIGTYPE void
| #define HAVE_SSIZE_T 1
| #define HAVE___UINT128_T 1
| #define HAVE_GCC_UINT128_T 1
| #define SIZEOF_INT 4
| #define SIZEOF_LONG 8
| #define ALIGNOF_LONG 8
| #define SIZEOF_LONG_LONG 8
| #define SIZEOF_VOID_P 8
| #define SIZEOF_SHORT 2
| #define SIZEOF_FLOAT 4
| #define SIZEOF_DOUBLE 8
| #define SIZEOF_FPOS_T 16
| #define SIZEOF_SIZE_T 8
| #define ALIGNOF_SIZE_T 8
| #define SIZEOF_PID_T 4
| #define SIZEOF_UINTPTR_T 8
| #define ALIGNOF_MAX_ALIGN_T 16
| #define HAVE_LONG_DOUBLE 1
| #define SIZEOF_LONG_DOUBLE 16
| #define SIZEOF__BOOL 1
| #define SIZEOF_OFF_T 8
| #define SIZEOF_TIME_T 8
| #define SIZEOF_PTHREAD_T 8
| #define SIZEOF_PTHREAD_KEY_T 4
| #define PTHREAD_KEY_T_IS_COMPATIBLE_WITH_INT 1
| #define PY_HAVE_PERF_TRAMPOLINE 1
| #define HAVE_LIBDL 1
| #define HAVE_EXECINFO_H 1
| #define HAVE_BACKTRACE 1
| #define HAVE_DLADDR1 1
| #define HAVE_LINK_H 1
| #define HAVE_BACKTRACE 1
| #define HAVE_DLADDR1 1
| #define HAVE_DLFCN_H 1
| #define HAVE_BACKTRACE 1
| #define HAVE_DLADDR1 1
| #define HAVE_UUID_H 1
| #define HAVE_UUID_GENERATE_TIME_SAFE 1
| #define HAVE_FFI_PREP_CIF_VAR 1
| #define HAVE_FFI_PREP_CLOSURE_LOC 1
| #define HAVE_FFI_CLOSURE_ALLOC 1
| #define WITH_DECIMAL_CONTEXTVAR 1
| #define HAVE_LIBSQLITE3 1
| #define HAVE_LIBSQLITE3 1
| #define HAVE_LIBSQLITE3 1
| #define HAVE_LIBSQLITE3 1
| #define HAVE_LIBSQLITE3 1
| #define HAVE_LIBSQLITE3 1
| #define HAVE_LIBSQLITE3 1
| #define HAVE_LIBSQLITE3 1
| #define HAVE_LIBSQLITE3 1
| #define PY_SQLITE_HAVE_SERIALIZE 1
| #define PTHREAD_SYSTEM_SCHED_SUPPORTED 1
| #define HAVE_PTHREAD_SIGMASK 1
| #define HAVE_PTHREAD_GETCPUCLOCKID 1
| #define ENABLE_IPV6 1
| #define HAVE_LINUX_CAN_RAW_FD_FRAMES 1
| #define HAVE_LINUX_CAN_RAW_JOIN_FILTERS 1
| #define WITH_DOC_STRINGS 1
| #define HAVE_STD_ATOMIC 1
| #define HAVE_BUILTIN_ATOMIC 1
| #define WITH_MIMALLOC 1
| #define WITH_PYMALLOC 1
| #define PY_COERCE_C_LOCALE 1
| #define HAVE_DLOPEN 1
| #define HAVE_DYNAMIC_LOADING 1
| #define HAVE_ACCEPT4 1
| #define HAVE_ALARM 1
| #define HAVE_BIND_TEXTDOMAIN_CODESET 1
| #define HAVE_CHMOD 1
| #define HAVE_CHOWN 1
| #define HAVE_CLOCK 1
| #define HAVE_CONFSTR 1
| #define HAVE_COPY_FILE_RANGE 1
| #define HAVE_CTERMID 1
| #define HAVE_DLADDR 1
| #define HAVE_DUP 1
| #define HAVE_DUP3 1
| #define HAVE_EXECV 1
| #define HAVE_EXPLICIT_BZERO 1
| #define HAVE_FACCESSAT 1
| #define HAVE_FCHMOD 1
| #define HAVE_FCHMODAT 1
| #define HAVE_FCHOWN 1
| #define HAVE_FCHOWNAT 1
| #define HAVE_FDOPENDIR 1
| #define HAVE_FEXECVE 1
| #define HAVE_FORK 1
| #define HAVE_FPATHCONF 1
| #define HAVE_FSTATAT 1
| #define HAVE_FTIME 1
| #define HAVE_FTRUNCATE 1
| #define HAVE_FUTIMENS 1
| #define HAVE_FUTIMES 1
| #define HAVE_FUTIMESAT 1
| #define HAVE_GAI_STRERROR 1
| #define HAVE_GETEGID 1
| #define HAVE_GETEUID 1
| #define HAVE_GETGID 1
| #define HAVE_GETGRENT 1
| #define HAVE_GETGRGID 1
| #define HAVE_GETGRGID_R 1
| #define HAVE_GETGRNAM_R 1
| #define HAVE_GETGROUPLIST 1
| #define HAVE_GETHOSTNAME 1
| #define HAVE_GETITIMER 1
| #define HAVE_GETLOADAVG 1
| #define HAVE_GETLOGIN 1
| #define HAVE_GETLOGIN_R 1
| #define HAVE_GETPEERNAME 1
| #define HAVE_GETPGID 1
| #define HAVE_GETPID 1
| #define HAVE_GETPPID 1
| #define HAVE_GETPRIORITY 1
| #define HAVE_GETPWENT 1
| #define HAVE_GETPWNAM_R 1
| #define HAVE_GETPWUID 1
| #define HAVE_GETPWUID_R 1
| #define HAVE_GETRESGID 1
| #define HAVE_GETRESUID 1
| #define HAVE_GETRUSAGE 1
| #define HAVE_GETSID 1
| #define HAVE_GETSPENT 1
| #define HAVE_GETSPNAM 1
| #define HAVE_GETUID 1
| #define HAVE_GETWD 1
| #define HAVE_GRANTPT 1
| #define HAVE_IF_NAMEINDEX 1
| #define HAVE_INITGROUPS 1
| #define HAVE_KILL 1
| #define HAVE_KILLPG 1
| #define HAVE_LCHOWN 1
| #define HAVE_LINKAT 1
| #define HAVE_LOCKF 1
| #define HAVE_LSTAT 1
| #define HAVE_LUTIMES 1
| #define HAVE_MADVISE 1
| #define HAVE_MBRTOWC 1
| #define HAVE_MEMRCHR 1
| #define HAVE_MKDIRAT 1
| #define HAVE_MKFIFO 1
| #define HAVE_MKFIFOAT 1
| #define HAVE_MKNOD 1
| #define HAVE_MKNODAT 1
| #define HAVE_MKTIME 1
| #define HAVE_MMAP 1
| #define HAVE_MREMAP 1
| #define HAVE_NICE 1
| #define HAVE_OPENAT 1
| #define HAVE_OPENDIR 1
| #define HAVE_PATHCONF 1
| #define HAVE_PAUSE 1
| #define HAVE_PIPE 1
| #define HAVE_PIPE2 1
| #define HAVE_POLL 1
| #define HAVE_POSIX_FADVISE 1
| #define HAVE_POSIX_FALLOCATE 1
| #define HAVE_POSIX_OPENPT 1
| #define HAVE_POSIX_SPAWN 1
| #define HAVE_POSIX_SPAWNP 1
| #define HAVE_PREAD 1
| #define HAVE_PREADV 1
| #define HAVE_PREADV2 1
| #define HAVE_PROCESS_VM_READV 1
| #define HAVE_PTHREAD_CONDATTR_SETCLOCK 1
| #define HAVE_PTHREAD_KILL 1
| #define HAVE_PTHREAD_GETNAME_NP 1
| #define HAVE_PTHREAD_SETNAME_NP 1
| #define HAVE_PTHREAD_GETATTR_NP 1
| #define HAVE_PTSNAME 1
| #define HAVE_PTSNAME_R 1
| #define HAVE_PWRITE 1
| #define HAVE_PWRITEV 1
| #define HAVE_PWRITEV2 1
| #define HAVE_READLINK 1
| #define HAVE_READLINKAT 1
| #define HAVE_READV 1
| #define HAVE_REALPATH 1
| #define HAVE_RENAMEAT 1
| #define HAVE_SCHED_GET_PRIORITY_MAX 1
| #define HAVE_SCHED_RR_GET_INTERVAL 1
| #define HAVE_SCHED_SETAFFINITY 1
| #define HAVE_SCHED_SETPARAM 1
| #define HAVE_SCHED_SETSCHEDULER 1
| #define HAVE_SEM_CLOCKWAIT 1
| #define HAVE_SEM_GETVALUE 1
| #define HAVE_SEM_OPEN 1
| #define HAVE_SEM_TIMEDWAIT 1
| #define HAVE_SEM_UNLINK 1
| #define HAVE_SENDFILE 1
| #define HAVE_SETEGID 1
| #define HAVE_SETEUID 1
| #define HAVE_SETGID 1
| #define HAVE_SETHOSTNAME 1
| #define HAVE_SETITIMER 1
| #define HAVE_SETLOCALE 1
| #define HAVE_SETPGID 1
| #define HAVE_SETPGRP 1
| #define HAVE_SETPRIORITY 1
| #define HAVE_SETREGID 1
| #define HAVE_SETRESGID 1
| #define HAVE_SETRESUID 1
| #define HAVE_SETREUID 1
| #define HAVE_SETSID 1
| #define HAVE_SETUID 1
| #define HAVE_SETVBUF 1
| #define HAVE_SHUTDOWN 1
| #define HAVE_SIGACTION 1
| #define HAVE_SIGALTSTACK 1
| #define HAVE_SIGFILLSET 1
| #define HAVE_SIGINTERRUPT 1
| #define HAVE_SIGPENDING 1
| #define HAVE_SIGRELSE 1
| #define HAVE_SIGTIMEDWAIT 1
| #define HAVE_SIGWAIT 1
| #define HAVE_SIGWAITINFO 1
| #define HAVE_SNPRINTF 1
| #define HAVE_SPLICE 1
| #define HAVE_STRFTIME 1
| #define HAVE_STRSIGNAL 1
| #define HAVE_SYMLINKAT 1
| #define HAVE_SYNC 1
| #define HAVE_SYSCONF 1
| #define HAVE_TCGETPGRP 1
| #define HAVE_TCSETPGRP 1
| #define HAVE_TEMPNAM 1
| #define HAVE_TIMEGM 1
| #define HAVE_TIMES 1
| #define HAVE_TMPFILE 1
| #define HAVE_TMPNAM 1
| #define HAVE_TMPNAM_R 1
| #define HAVE_TRUNCATE 1
| #define HAVE_TTYNAME_R 1
| #define HAVE_UMASK 1
| #define HAVE_UNAME 1
| #define HAVE_UNLINKAT 1
| #define HAVE_UNLOCKPT 1
| #define HAVE_UTIMENSAT 1
| #define HAVE_UTIMES 1
| #define HAVE_VFORK 1
| #define HAVE_WAIT 1
| #define HAVE_WAIT3 1
| #define HAVE_WAIT4 1
| #define HAVE_WAITID 1
| #define HAVE_WAITPID 1
| #define HAVE_WCSCOLL 1
| #define HAVE_WCSFTIME 1
| #define HAVE_WCSXFRM 1
| #define HAVE_WMEMCMP 1
| #define HAVE_WRITEV 1
| #define HAVE_GETENTROPY 1
| #define HAVE_GETGROUPS 1
| #define HAVE_SYSTEM 1
| #define HAVE_DIRFD 1
| #define HAVE_CHROOT 1
| #define HAVE_LINK 1
| #define HAVE_SYMLINK 1
| #define HAVE_FCHDIR 1
| #define HAVE_FSYNC 1
| #define HAVE_FDATASYNC 1
| #define HAVE_EPOLL 1
| #define HAVE_EPOLL_CREATE1 1
| #define HAVE_PRLIMIT 1
| #define HAVE_MEMFD_CREATE 1
| #define HAVE_EVENTFD 1
| #define HAVE_TIMERFD_CREATE 1
| #define HAVE_FLOCK 1
| #define HAVE_GETPAGESIZE 1
| #define HAVE_ZLIB_COPY 1
| #define HAVE_HSTRERROR 1
| #define HAVE_GETSERVBYNAME 1
| #define HAVE_GETSERVBYPORT 1
| #define HAVE_GETHOSTBYNAME 1
| #define HAVE_GETHOSTBYADDR 1
| #define HAVE_GETPROTOBYNAME 1
| #define HAVE_INET_ATON 1
| #define HAVE_INET_NTOA 1
| #define HAVE_INET_PTON 1
| #define HAVE_GETPEERNAME 1
| #define HAVE_GETSOCKNAME 1
| #define HAVE_ACCEPT 1
| #define HAVE_BIND 1
| #define HAVE_CONNECT 1
| #define HAVE_LISTEN 1
| #define HAVE_RECVFROM 1
| #define HAVE_SENDTO 1
| #define HAVE_SETSOCKOPT 1
| #define HAVE_SOCKET 1
| #define HAVE_SETGROUPS 1
| #define HAVE_DECL_UT_NAMESIZE 1
| #define HAVE_UT_NAMESIZE 1
| #define HAVE_OPENPTY 1
| #define HAVE_LOGIN_TTY 1
| #define HAVE_FORKPTY 1
| #define HAVE_FSEEKO 1
| #define HAVE_FSTATVFS 1
| #define HAVE_FTELLO 1
| #define HAVE_STATVFS 1
| #define HAVE_DUP2 1
| #define HAVE_GETPGRP 1
| #define HAVE_SETPGRP 1
| #define HAVE_SETNS 1
| #define HAVE_UNSHARE 1
| #define HAVE_CLOCK_GETTIME 1
| #define HAVE_CLOCK_GETRES 1
| #define HAVE_CLOCK_SETTIME 1
| #define HAVE_CLOCK_NANOSLEEP 1
| #define HAVE_NANOSLEEP 1
| #define HAVE_DEVICE_MACROS 1
| #define SYS_SELECT_WITH_SYS_TIME 1
| #define HAVE_GETADDRINFO 1
| #define HAVE_GETNAMEINFO 1
| #define HAVE_STRUCT_TM_TM_ZONE 1
| #define HAVE_TM_ZONE 1
| #define HAVE_STRUCT_STAT_ST_RDEV 1
| #define HAVE_STRUCT_STAT_ST_BLKSIZE 1
| /* end confdefs.h.  */
| #include <stddef.h>
| #ifdef HAVE_STDIO_H
| # include <stdio.h>
| #endif
| #ifdef HAVE_STDLIB_H
| # include <stdlib.h>
| #endif
| #ifdef HAVE_STRING_H
| # include <string.h>
| #endif
| #ifdef HAVE_INTTYPES_H
| # include <inttypes.h>
| #endif
| #ifdef HAVE_STDINT_H
| # include <stdint.h>
| #endif
| #ifdef HAVE_STRINGS_H
| # include <strings.h>
| #endif
| #ifdef HAVE_SYS_TYPES_H
| # include <sys/types.h>
| #endif
| #ifdef HAVE_SYS_STAT_H
| # include <sys/stat.h>
| #endif
| #ifdef HAVE_UNISTD_H
| # include <unistd.h>
| #endif
| int
| main (void)
| {
| static struct stat ac_aggr;
| if (ac_aggr.st_flags)
| return 0;
|   ;
|   return 0;
| }
configure:25028: gcc -pthread -c   conftest.c >&5
conftest.c: In function 'main':
conftest.c:471:19: error: 'struct stat' has no member named 'st_flags'
  471 | if (sizeof ac_aggr.st_flags)
      |                   ^
configure:25028: $? = 1
configure: failed program was:
| /* confdefs.h */
| #define _NETBSD_SOURCE 1
| #define __BSD_VISIBLE 1
| #define _DARWIN_C_SOURCE 1
| #define _PYTHONFRAMEWORK ""
| #define _XOPEN_SOURCE 700
| #define _XOPEN_SOURCE_EXTENDED 1
| #define _POSIX_C_SOURCE 200809L
| #define HAVE_STDIO_H 1
| #define HAVE_STDLIB_H 1
| #define HAVE_STRING_H 1
| #define HAVE_INTTYPES_H 1
| #define HAVE_STDINT_H 1
| #define HAVE_STRINGS_H 1
| #define HAVE_SYS_STAT_H 1
| #define HAVE_SYS_TYPES_H 1
| #define HAVE_UNISTD_H 1
| #define HAVE_WCHAR_H 1
| #define STDC_HEADERS 1
| #define _ALL_SOURCE 1
| #define _DARWIN_C_SOURCE 1
| #define _GNU_SOURCE 1
| #define _HPUX_ALT_XOPEN_SOCKET_API 1
| #define _NETBSD_SOURCE 1
| #define _OPENBSD_SOURCE 1
| #define _POSIX_PTHREAD_SEMANTICS 1
| #define __STDC_WANT_IEC_60559_ATTRIBS_EXT__ 1
| #define __STDC_WANT_IEC_60559_BFP_EXT__ 1
| #define __STDC_WANT_IEC_60559_DFP_EXT__ 1
| #define __STDC_WANT_IEC_60559_EXT__ 1
| #define __STDC_WANT_IEC_60559_FUNCS_EXT__ 1
| #define __STDC_WANT_IEC_60559_TYPES_EXT__ 1
| #define __STDC_WANT_LIB_EXT2__ 1
| #define __STDC_WANT_MATH_SPEC_FUNCS__ 1
| #define _TANDEM_SOURCE 1
| #define __EXTENSIONS__ 1
| #define _Py_STACK_GROWS_DOWN 1
| #define PY_SUPPORT_TIER 1
| #define STDC_HEADERS 1
| #define HAVE_ALLOCA_H 1
| #define HAVE_ASM_TYPES_H 1
| #define HAVE_DLFCN_H 1
| #define HAVE_ENDIAN_H 1
| #define HAVE_ERRNO_H 1
| #define HAVE_FCNTL_H 1
| #define HAVE_GRP_H 1
| #define HAVE_LANGINFO_H 1
| #define HAVE_LIBINTL_H 1
| #define HAVE_LINUX_AUXVEC_H 1
| #define HAVE_SYS_AUXV_H 1
| #define HAVE_LINUX_FS_H 1
| #define HAVE_LINUX_LIMITS_H 1
| #define HAVE_LINUX_MEMFD_H 1
| #define HAVE_LINUX_NETFILTER_IPV4_H 1
| #define HAVE_LINUX_RANDOM_H 1
| #define HAVE_LINUX_SOUNDCARD_H 1
| #define HAVE_LINUX_SCHED_H 1
| #define HAVE_LINUX_TIPC_H 1
| #define HAVE_LINUX_WAIT_H 1
| #define HAVE_NETDB_H 1
| #define HAVE_NET_ETHERNET_H 1
| #define HAVE_NETINET_IN_H 1
| #define HAVE_NETPACKET_PACKET_H 1
| #define HAVE_POLL_H 1
| #define HAVE_PTHREAD_H 1
| #define HAVE_PTY_H 1
| #define HAVE_SCHED_H 1
| #define HAVE_SETJMP_H 1
| #define HAVE_SHADOW_H 1
| #define HAVE_SIGNAL_H 1
| #define HAVE_SPAWN_H 1
| #define HAVE_SYS_EPOLL_H 1
| #define HAVE_SYS_EVENTFD_H 1
| #define HAVE_SYS_FILE_H 1
| #define HAVE_SYS_IOCTL_H 1
| #define HAVE_SYS_MMAN_H 1
| #define HAVE_SYS_PARAM_H 1
| #define HAVE_SYS_POLL_H 1
| #define HAVE_SYS_RANDOM_H 1
| #define HAVE_SYS_RESOURCE_H 1
| #define HAVE_SYS_SELECT_H 1
| #define HAVE_SYS_SENDFILE_H 1
| #define HAVE_SYS_SOCKET_H 1
| #define HAVE_SYS_SOUNDCARD_H 1
| #define HAVE_SYS_STAT_H 1
| #define HAVE_SYS_STATVFS_H 1
| #define HAVE_SYS_SYSCALL_H 1
| #define HAVE_SYS_SYSMACROS_H 1
| #define HAVE_SYS_TIME_H 1
| #define HAVE_SYS_TIMES_H 1
| #define HAVE_SYS_TIMERFD_H 1
| #define HAVE_SYS_TYPES_H 1
| #define HAVE_SYS_UIO_H 1
| #define HAVE_SYS_UN_H 1
| #define HAVE_SYS_UTSNAME_H 1
| #define HAVE_SYS_WAIT_H 1
| #define HAVE_SYS_XATTR_H 1
| #define HAVE_SYSEXITS_H 1
| #define HAVE_SYSLOG_H 1
| #define HAVE_TERMIOS_H 1
| #define HAVE_UTIME_H 1
| #define HAVE_UTMP_H 1
| #define HAVE_DIRENT_H 1
| #define MAJOR_IN_SYSMACROS 1
| #define HAVE_NET_IF_H 1
| #define HAVE_LINUX_NETLINK_H 1
| #define HAVE_LINUX_QRTR_H 1
| #define HAVE_LINUX_VM_SOCKETS_H 1
| #define HAVE_LINUX_CAN_H 1
| #define HAVE_LINUX_CAN_BCM_H 1
| #define HAVE_LINUX_CAN_J1939_H 1
| #define HAVE_LINUX_CAN_RAW_H 1
| #define HAVE_CLOCK_T 1
| #define HAVE_MAKEDEV 1
| #define HAVE_HTOLE64 1
| #define _LARGEFILE_SOURCE 1
| #define _FILE_OFFSET_BITS 64
| #if defined(SCO_DS)
| #undef _OFF_T
| #endif
| #define RETSIGTYPE void
| #define HAVE_SSIZE_T 1
| #define HAVE___UINT128_T 1
| #define HAVE_GCC_UINT128_T 1
| #define SIZEOF_INT 4
| #define SIZEOF_LONG 8
| #define ALIGNOF_LONG 8
| #define SIZEOF_LONG_LONG 8
| #define SIZEOF_VOID_P 8
| #define SIZEOF_SHORT 2
| #define SIZEOF_FLOAT 4
| #define SIZEOF_DOUBLE 8
| #define SIZEOF_FPOS_T 16
| #define SIZEOF_SIZE_T 8
| #define ALIGNOF_SIZE_T 8
| #define SIZEOF_PID_T 4
| #define SIZEOF_UINTPTR_T 8
| #define ALIGNOF_MAX_ALIGN_T 16
| #define HAVE_LONG_DOUBLE 1
| #define SIZEOF_LONG_DOUBLE 16
| #define SIZEOF__BOOL 1
| #define SIZEOF_OFF_T 8
| #define SIZEOF_TIME_T 8
| #define SIZEOF_PTHREAD_T 8
| #define SIZEOF_PTHREAD_KEY_T 4
| #define PTHREAD_KEY_T_IS_COMPATIBLE_WITH_INT 1
| #define PY_HAVE_PERF_TRAMPOLINE 1
| #define HAVE_LIBDL 1
| #define HAVE_EXECINFO_H 1
| #define HAVE_BACKTRACE 1
| #define HAVE_DLADDR1 1
| #define HAVE_LINK_H 1
| #define HAVE_BACKTRACE 1
| #define HAVE_DLADDR1 1
| #define HAVE_DLFCN_H 1
| #define HAVE_BACKTRACE 1
| #define HAVE_DLADDR1 1
| #define HAVE_UUID_H 1
| #define HAVE_UUID_GENERATE_TIME_SAFE 1
| #define HAVE_FFI_PREP_CIF_VAR 1
| #define HAVE_FFI_PREP_CLOSURE_LOC 1
| #define HAVE_FFI_CLOSURE_ALLOC 1
| #define WITH_DECIMAL_CONTEXTVAR 1
| #define HAVE_LIBSQLITE3 1
| #define HAVE_LIBSQLITE3 1
| #define HAVE_LIBSQLITE3 1
| #define HAVE_LIBSQLITE3 1
| #define HAVE_LIBSQLITE3 1
| #define HAVE_LIBSQLITE3 1
| #define HAVE_LIBSQLITE3 1
| #define HAVE_LIBSQLITE3 1
| #define HAVE_LIBSQLITE3 1
| #define PY_SQLITE_HAVE_SERIALIZE 1
| #define PTHREAD_SYSTEM_SCHED_SUPPORTED 1
| #define HAVE_PTHREAD_SIGMASK 1
| #define HAVE_PTHREAD_GETCPUCLOCKID 1
| #define ENABLE_IPV6 1
| #define HAVE_LINUX_CAN_RAW_FD_FRAMES 1
| #define HAVE_LINUX_CAN_RAW_JOIN_FILTERS 1
| #define WITH_DOC_STRINGS 1
| #define HAVE_STD_ATOMIC 1
| #define HAVE_BUILTIN_ATOMIC 1
| #define WITH_MIMALLOC 1
| #define WITH_PYMALLOC 1
| #define PY_COERCE_C_LOCALE 1
| #define HAVE_DLOPEN 1
| #define HAVE_DYNAMIC_LOADING 1
| #define HAVE_ACCEPT4 1
| #define HAVE_ALARM 1
| #define HAVE_BIND_TEXTDOMAIN_CODESET 1
| #define HAVE_CHMOD 1
| #define HAVE_CHOWN 1
| #define HAVE_CLOCK 1
| #define HAVE_CONFSTR 1
| #define HAVE_COPY_FILE_RANGE 1
| #define HAVE_CTERMID 1
| #define HAVE_DLADDR 1
| #define HAVE_DUP 1
| #define HAVE_DUP3 1
| #define HAVE_EXECV 1
| #define HAVE_EXPLICIT_BZERO 1
| #define HAVE_FACCESSAT 1
| #define HAVE_FCHMOD 1
| #define HAVE_FCHMODAT 1
| #define HAVE_FCHOWN 1
| #define HAVE_FCHOWNAT 1
| #define HAVE_FDOPENDIR 1
| #define HAVE_FEXECVE 1
| #define HAVE_FORK 1
| #define HAVE_FPATHCONF 1
| #define HAVE_FSTATAT 1
| #define HAVE_FTIME 1
| #define HAVE_FTRUNCATE 1
| #define HAVE_FUTIMENS 1
| #define HAVE_FUTIMES 1
| #define HAVE_FUTIMESAT 1
| #define HAVE_GAI_STRERROR 1
| #define HAVE_GETEGID 1
| #define HAVE_GETEUID 1
| #define HAVE_GETGID 1
| #define HAVE_GETGRENT 1
| #define HAVE_GETGRGID 1
| #define HAVE_GETGRGID_R 1
| #define HAVE_GETGRNAM_R 1
| #define HAVE_GETGROUPLIST 1
| #define HAVE_GETHOSTNAME 1
| #define HAVE_GETITIMER 1
| #define HAVE_GETLOADAVG 1
| #define HAVE_GETLOGIN 1
| #define HAVE_GETLOGIN_R 1
| #define HAVE_GETPEERNAME 1
| #define HAVE_GETPGID 1
| #define HAVE_GETPID 1
| #define HAVE_GETPPID 1
| #define HAVE_GETPRIORITY 1
| #define HAVE_GETPWENT 1
| #define HAVE_GETPWNAM_R 1
| #define HAVE_GETPWUID 1
| #define HAVE_GETPWUID_R 1
| #define HAVE_GETRESGID 1
| #define HAVE_GETRESUID 1
| #define HAVE_GETRUSAGE 1
| #define HAVE_GETSID 1
| #define HAVE_GETSPENT 1
| #define HAVE_GETSPNAM 1
| #define HAVE_GETUID 1
| #define HAVE_GETWD 1
| #define HAVE_GRANTPT 1
| #define HAVE_IF_NAMEINDEX 1
| #define HAVE_INITGROUPS 1
| #define HAVE_KILL 1
| #define HAVE_KILLPG 1
| #define HAVE_LCHOWN 1
| #define HAVE_LINKAT 1
| #define HAVE_LOCKF 1
| #define HAVE_LSTAT 1
| #define HAVE_LUTIMES 1
| #define HAVE_MADVISE 1
| #define HAVE_MBRTOWC 1
| #define HAVE_MEMRCHR 1
| #define HAVE_MKDIRAT 1
| #define HAVE_MKFIFO 1
| #define HAVE_MKFIFOAT 1
| #define HAVE_MKNOD 1
| #define HAVE_MKNODAT 1
| #define HAVE_MKTIME 1
| #define HAVE_MMAP 1
| #define HAVE_MREMAP 1
| #define HAVE_NICE 1
| #define HAVE_OPENAT 1
| #define HAVE_OPENDIR 1
| #define HAVE_PATHCONF 1
| #define HAVE_PAUSE 1
| #define HAVE_PIPE 1
| #define HAVE_PIPE2 1
| #define HAVE_POLL 1
| #define HAVE_POSIX_FADVISE 1
| #define HAVE_POSIX_FALLOCATE 1
| #define HAVE_POSIX_OPENPT 1
| #define HAVE_POSIX_SPAWN 1
| #define HAVE_POSIX_SPAWNP 1
| #define HAVE_PREAD 1
| #define HAVE_PREADV 1
| #define HAVE_PREADV2 1
| #define HAVE_PROCESS_VM_READV 1
| #define HAVE_PTHREAD_CONDATTR_SETCLOCK 1
| #define HAVE_PTHREAD_KILL 1
| #define HAVE_PTHREAD_GETNAME_NP 1
| #define HAVE_PTHREAD_SETNAME_NP 1
| #define HAVE_PTHREAD_GETATTR_NP 1
| #define HAVE_PTSNAME 1
| #define HAVE_PTSNAME_R 1
| #define HAVE_PWRITE 1
| #define HAVE_PWRITEV 1
| #define HAVE_PWRITEV2 1
| #define HAVE_READLINK 1
| #define HAVE_READLINKAT 1
| #define HAVE_READV 1
| #define HAVE_REALPATH 1
| #define HAVE_RENAMEAT 1
| #define HAVE_SCHED_GET_PRIORITY_MAX 1
| #define HAVE_SCHED_RR_GET_INTERVAL 1
| #define HAVE_SCHED_SETAFFINITY 1
| #define HAVE_SCHED_SETPARAM 1
| #define HAVE_SCHED_SETSCHEDULER 1
| #define HAVE_SEM_CLOCKWAIT 1
| #define HAVE_SEM_GETVALUE 1
| #define HAVE_SEM_OPEN 1
| #define HAVE_SEM_TIMEDWAIT 1
| #define HAVE_SEM_UNLINK 1
| #define HAVE_SENDFILE 1
| #define HAVE_SETEGID 1
| #define HAVE_SETEUID 1
| #define HAVE_SETGID 1
| #define HAVE_SETHOSTNAME 1
| #define HAVE_SETITIMER 1
| #define HAVE_SETLOCALE 1
| #define HAVE_SETPGID 1
| #define HAVE_SETPGRP 1
| #define HAVE_SETPRIORITY 1
| #define HAVE_SETREGID 1
| #define HAVE_SETRESGID 1
| #define HAVE_SETRESUID 1
| #define HAVE_SETREUID 1
| #define HAVE_SETSID 1
| #define HAVE_SETUID 1
| #define HAVE_SETVBUF 1
| #define HAVE_SHUTDOWN 1
| #define HAVE_SIGACTION 1
| #define HAVE_SIGALTSTACK 1
| #define HAVE_SIGFILLSET 1
| #define HAVE_SIGINTERRUPT 1
| #define HAVE_SIGPENDING 1
| #define HAVE_SIGRELSE 1
| #define HAVE_SIGTIMEDWAIT 1
| #define HAVE_SIGWAIT 1
| #define HAVE_SIGWAITINFO 1
| #define HAVE_SNPRINTF 1
| #define HAVE_SPLICE 1
| #define HAVE_STRFTIME 1
| #define HAVE_STRSIGNAL 1
| #define HAVE_SYMLINKAT 1
| #define HAVE_SYNC 1
| #define HAVE_SYSCONF 1
| #define HAVE_TCGETPGRP 1
| #define HAVE_TCSETPGRP 1
| #define HAVE_TEMPNAM 1
| #define HAVE_TIMEGM 1
| #define HAVE_TIMES 1
| #define HAVE_TMPFILE 1
| #define HAVE_TMPNAM 1
| #define HAVE_TMPNAM_R 1
| #define HAVE_TRUNCATE 1
| #define HAVE_TTYNAME_R 1
| #define HAVE_UMASK 1
| #define HAVE_UNAME 1
| #define HAVE_UNLINKAT 1
| #define HAVE_UNLOCKPT 1
| #define HAVE_UTIMENSAT 1
| #define HAVE_UTIMES 1
| #define HAVE_VFORK 1
| #define HAVE_WAIT 1
| #define HAVE_WAIT3 1
| #define HAVE_WAIT4 1
| #define HAVE_WAITID 1
| #define HAVE_WAITPID 1
| #define HAVE_WCSCOLL 1
| #define HAVE_WCSFTIME 1
| #define HAVE_WCSXFRM 1
| #define HAVE_WMEMCMP 1
| #define HAVE_WRITEV 1
| #define HAVE_GETENTROPY 1
| #define HAVE_GETGROUPS 1
| #define HAVE_SYSTEM 1
| #define HAVE_DIRFD 1
| #define HAVE_CHROOT 1
| #define HAVE_LINK 1
| #define HAVE_SYMLINK 1
| #define HAVE_FCHDIR 1
| #define HAVE_FSYNC 1
| #define HAVE_FDATASYNC 1
| #define HAVE_EPOLL 1
| #define HAVE_EPOLL_CREATE1 1
| #define HAVE_PRLIMIT 1
| #define HAVE_MEMFD_CREATE 1
| #define HAVE_EVENTFD 1
| #define HAVE_TIMERFD_CREATE 1
| #define HAVE_FLOCK 1
| #define HAVE_GETPAGESIZE 1
| #define HAVE_ZLIB_COPY 1
| #define HAVE_HSTRERROR 1
| #define HAVE_GETSERVBYNAME 1
| #define HAVE_GETSERVBYPORT 1
| #define HAVE_GETHOSTBYNAME 1
| #define HAVE_GETHOSTBYADDR 1
| #define HAVE_GETPROTOBYNAME 1
| #define HAVE_INET_ATON 1
| #define HAVE_INET_NTOA 1
| #define HAVE_INET_PTON 1
| #define HAVE_GETPEERNAME 1
| #define HAVE_GETSOCKNAME 1
| #define HAVE_ACCEPT 1
| #define HAVE_BIND 1
| #define HAVE_CONNECT 1
| #define HAVE_LISTEN 1
| #define HAVE_RECVFROM 1
| #define HAVE_SENDTO 1
| #define HAVE_SETSOCKOPT 1
| #define HAVE_SOCKET 1
| #define HAVE_SETGROUPS 1
| #define HAVE_DECL_UT_NAMESIZE 1
| #define HAVE_UT_NAMESIZE 1
| #define HAVE_OPENPTY 1
| #define HAVE_LOGIN_TTY 1
| #define HAVE_FORKPTY 1
| #define HAVE_FSEEKO 1
| #define HAVE_FSTATVFS 1
| #define HAVE_FTELLO 1
| #define HAVE_STATVFS 1
| #define HAVE_DUP2 1
| #define HAVE_GETPGRP 1
| #define HAVE_SETPGRP 1
| #define HAVE_SETNS 1
| #define HAVE_UNSHARE 1
| #define HAVE_CLOCK_GETTIME 1
| #define HAVE_CLOCK_GETRES 1
| #define HAVE_CLOCK_SETTIME 1
| #define HAVE_CLOCK_NANOSLEEP 1
| #define HAVE_NANOSLEEP 1
| #define HAVE_DEVICE_MACROS 1
| #define SYS_SELECT_WITH_SYS_TIME 1
| #define HAVE_GETADDRINFO 1
| #define HAVE_GETNAMEINFO 1
| #define HAVE_STRUCT_TM_TM_ZONE 1
| #define HAVE_TM_ZONE 1
| #define HAVE_STRUCT_STAT_ST_RDEV 1
| #define HAVE_STRUCT_STAT_ST_BLKSIZE 1
| /* end confdefs.h.  */
| #include <stddef.h>
| #ifdef HAVE_STDIO_H
| # include <stdio.h>
| #endif
| #ifdef HAVE_STDLIB_H
| # include <stdlib.h>
| #endif
| #ifdef HAVE_STRING_H
| # include <string.h>
| #endif
| #ifdef HAVE_INTTYPES_H
| # include <inttypes.h>
| #endif
| #ifdef HAVE_STDINT_H
| # include <stdint.h>
| #endif
| #ifdef HAVE_STRINGS_H
| # include <strings.h>
| #endif
| #ifdef HAVE_SYS_TYPES_H
| # include <sys/types.h>
| #endif
| #ifdef HAVE_SYS_STAT_H
| # include <sys/stat.h>
| #endif
| #ifdef HAVE_UNISTD_H
| # include <unistd.h>
| #endif
| int
| main (void)
| {
| static struct stat ac_aggr;
| if (sizeof ac_aggr.st_flags)
| return 0;
|   ;
|   return 0;
| }
configure:25028: result: no
configure:25037: checking for struct stat.st_gen
configure:25037: gcc -pthread -c   conftest.c >&5
conftest.c: In function 'main':
conftest.c:471:13: error: 'struct stat' has no member named 'st_gen'; did you mean 'st_dev'?
  471 | if (ac_aggr.st_gen)
      |             ^~~~~~
      |             st_dev
configure:25037: $? = 1
configure: failed program was:
| /* confdefs.h */
| #define _NETBSD_SOURCE 1
| #define __BSD_VISIBLE 1
| #define _DARWIN_C_SOURCE 1
| #define _PYTHONFRAMEWORK ""
| #define _XOPEN_SOURCE 700
| #define _XOPEN_SOURCE_EXTENDED 1
| #define _POSIX_C_SOURCE 200809L
| #define HAVE_STDIO_H 1
| #define HAVE_STDLIB_H 1
| #define HAVE_STRING_H 1
| #define HAVE_INTTYPES_H 1
| #define HAVE_STDINT_H 1
| #define HAVE_STRINGS_H 1
| #define HAVE_SYS_STAT_H 1
| #define HAVE_SYS_TYPES_H 1
| #define HAVE_UNISTD_H 1
| #define HAVE_WCHAR_H 1
| #define STDC_HEADERS 1
| #define _ALL_SOURCE 1
| #define _DARWIN_C_SOURCE 1
| #define _GNU_SOURCE 1
| #define _HPUX_ALT_XOPEN_SOCKET_API 1
| #define _NETBSD_SOURCE 1
| #define _OPENBSD_SOURCE 1
| #define _POSIX_PTHREAD_SEMANTICS 1
| #define __STDC_WANT_IEC_60559_ATTRIBS_EXT__ 1
| #define __STDC_WANT_IEC_60559_BFP_EXT__ 1
| #define __STDC_WANT_IEC_60559_DFP_EXT__ 1
| #define __STDC_WANT_IEC_60559_EXT__ 1
| #define __STDC_WANT_IEC_60559_FUNCS_EXT__ 1
| #define __STDC_WANT_IEC_60559_TYPES_EXT__ 1
| #define __STDC_WANT_LIB_EXT2__ 1
| #define __STDC_WANT_MATH_SPEC_FUNCS__ 1
| #define _TANDEM_SOURCE 1
| #define __EXTENSIONS__ 1
| #define _Py_STACK_GROWS_DOWN 1
| #define PY_SUPPORT_TIER 1
| #define STDC_HEADERS 1
| #define HAVE_ALLOCA_H 1
| #define HAVE_ASM_TYPES_H 1
| #define HAVE_DLFCN_H 1
| #define HAVE_ENDIAN_H 1
| #define HAVE_ERRNO_H 1
| #define HAVE_FCNTL_H 1
| #define HAVE_GRP_H 1
| #define HAVE_LANGINFO_H 1
| #define HAVE_LIBINTL_H 1
| #define HAVE_LINUX_AUXVEC_H 1
| #define HAVE_SYS_AUXV_H 1
| #define HAVE_LINUX_FS_H 1
| #define HAVE_LINUX_LIMITS_H 1
| #define HAVE_LINUX_MEMFD_H 1
| #define HAVE_LINUX_NETFILTER_IPV4_H 1
| #define HAVE_LINUX_RANDOM_H 1
| #define HAVE_LINUX_SOUNDCARD_H 1
| #define HAVE_LINUX_SCHED_H 1
| #define HAVE_LINUX_TIPC_H 1
| #define HAVE_LINUX_WAIT_H 1
| #define HAVE_NETDB_H 1
| #define HAVE_NET_ETHERNET_H 1
| #define HAVE_NETINET_IN_H 1
| #define HAVE_NETPACKET_PACKET_H 1
| #define HAVE_POLL_H 1
| #define HAVE_PTHREAD_H 1
| #define HAVE_PTY_H 1
| #define HAVE_SCHED_H 1
| #define HAVE_SETJMP_H 1
| #define HAVE_SHADOW_H 1
| #define HAVE_SIGNAL_H 1
| #define HAVE_SPAWN_H 1
| #define HAVE_SYS_EPOLL_H 1
| #define HAVE_SYS_EVENTFD_H 1
| #define HAVE_SYS_FILE_H 1
| #define HAVE_SYS_IOCTL_H 1
| #define HAVE_SYS_MMAN_H 1
| #define HAVE_SYS_PARAM_H 1
| #define HAVE_SYS_POLL_H 1
| #define HAVE_SYS_RANDOM_H 1
| #define HAVE_SYS_RESOURCE_H 1
| #define HAVE_SYS_SELECT_H 1
| #define HAVE_SYS_SENDFILE_H 1
| #define HAVE_SYS_SOCKET_H 1
| #define HAVE_SYS_SOUNDCARD_H 1
| #define HAVE_SYS_STAT_H 1
| #define HAVE_SYS_STATVFS_H 1
| #define HAVE_SYS_SYSCALL_H 1
| #define HAVE_SYS_SYSMACROS_H 1
| #define HAVE_SYS_TIME_H 1
| #define HAVE_SYS_TIMES_H 1
| #define HAVE_SYS_TIMERFD_H 1
| #define HAVE_SYS_TYPES_H 1
| #define HAVE_SYS_UIO_H 1
| #define HAVE_SYS_UN_H 1
| #define HAVE_SYS_UTSNAME_H 1
| #define HAVE_SYS_WAIT_H 1
| #define HAVE_SYS_XATTR_H 1
| #define HAVE_SYSEXITS_H 1
| #define HAVE_SYSLOG_H 1
| #define HAVE_TERMIOS_H 1
| #define HAVE_UTIME_H 1
| #define HAVE_UTMP_H 1
| #define HAVE_DIRENT_H 1
| #define MAJOR_IN_SYSMACROS 1
| #define HAVE_NET_IF_H 1
| #define HAVE_LINUX_NETLINK_H 1
| #define HAVE_LINUX_QRTR_H 1
| #define HAVE_LINUX_VM_SOCKETS_H 1
| #define HAVE_LINUX_CAN_H 1
| #define HAVE_LINUX_CAN_BCM_H 1
| #define HAVE_LINUX_CAN_J1939_H 1
| #define HAVE_LINUX_CAN_RAW_H 1
| #define HAVE_CLOCK_T 1
| #define HAVE_MAKEDEV 1
| #define HAVE_HTOLE64 1
| #define _LARGEFILE_SOURCE 1
| #define _FILE_OFFSET_BITS 64
| #if defined(SCO_DS)
| #undef _OFF_T
| #endif
| #define RETSIGTYPE void
| #define HAVE_SSIZE_T 1
| #define HAVE___UINT128_T 1
| #define HAVE_GCC_UINT128_T 1
| #define SIZEOF_INT 4
| #define SIZEOF_LONG 8
| #define ALIGNOF_LONG 8
| #define SIZEOF_LONG_LONG 8
| #define SIZEOF_VOID_P 8
| #define SIZEOF_SHORT 2
| #define SIZEOF_FLOAT 4
| #define SIZEOF_DOUBLE 8
| #define SIZEOF_FPOS_T 16
| #define SIZEOF_SIZE_T 8
| #define ALIGNOF_SIZE_T 8
| #define SIZEOF_PID_T 4
| #define SIZEOF_UINTPTR_T 8
| #define ALIGNOF_MAX_ALIGN_T 16
| #define HAVE_LONG_DOUBLE 1
| #define SIZEOF_LONG_DOUBLE 16
| #define SIZEOF__BOOL 1
| #define SIZEOF_OFF_T 8
| #define SIZEOF_TIME_T 8
| #define SIZEOF_PTHREAD_T 8
| #define SIZEOF_PTHREAD_KEY_T 4
| #define PTHREAD_KEY_T_IS_COMPATIBLE_WITH_INT 1
| #define PY_HAVE_PERF_TRAMPOLINE 1
| #define HAVE_LIBDL 1
| #define HAVE_EXECINFO_H 1
| #define HAVE_BACKTRACE 1
| #define HAVE_DLADDR1 1
| #define HAVE_LINK_H 1
| #define HAVE_BACKTRACE 1
| #define HAVE_DLADDR1 1
| #define HAVE_DLFCN_H 1
| #define HAVE_BACKTRACE 1
| #define HAVE_DLADDR1 1
| #define HAVE_UUID_H 1
| #define HAVE_UUID_GENERATE_TIME_SAFE 1
| #define HAVE_FFI_PREP_CIF_VAR 1
| #define HAVE_FFI_PREP_CLOSURE_LOC 1
| #define HAVE_FFI_CLOSURE_ALLOC 1
| #define WITH_DECIMAL_CONTEXTVAR 1
| #define HAVE_LIBSQLITE3 1
| #define HAVE_LIBSQLITE3 1
| #define HAVE_LIBSQLITE3 1
| #define HAVE_LIBSQLITE3 1
| #define HAVE_LIBSQLITE3 1
| #define HAVE_LIBSQLITE3 1
| #define HAVE_LIBSQLITE3 1
| #define HAVE_LIBSQLITE3 1
| #define HAVE_LIBSQLITE3 1
| #define PY_SQLITE_HAVE_SERIALIZE 1
| #define PTHREAD_SYSTEM_SCHED_SUPPORTED 1
| #define HAVE_PTHREAD_SIGMASK 1
| #define HAVE_PTHREAD_GETCPUCLOCKID 1
| #define ENABLE_IPV6 1
| #define HAVE_LINUX_CAN_RAW_FD_FRAMES 1
| #define HAVE_LINUX_CAN_RAW_JOIN_FILTERS 1
| #define WITH_DOC_STRINGS 1
| #define HAVE_STD_ATOMIC 1
| #define HAVE_BUILTIN_ATOMIC 1
| #define WITH_MIMALLOC 1
| #define WITH_PYMALLOC 1
| #define PY_COERCE_C_LOCALE 1
| #define HAVE_DLOPEN 1
| #define HAVE_DYNAMIC_LOADING 1
| #define HAVE_ACCEPT4 1
| #define HAVE_ALARM 1
| #define HAVE_BIND_TEXTDOMAIN_CODESET 1
| #define HAVE_CHMOD 1
| #define HAVE_CHOWN 1
| #define HAVE_CLOCK 1
| #define HAVE_CONFSTR 1
| #define HAVE_COPY_FILE_RANGE 1
| #define HAVE_CTERMID 1
| #define HAVE_DLADDR 1
| #define HAVE_DUP 1
| #define HAVE_DUP3 1
| #define HAVE_EXECV 1
| #define HAVE_EXPLICIT_BZERO 1
| #define HAVE_FACCESSAT 1
| #define HAVE_FCHMOD 1
| #define HAVE_FCHMODAT 1
| #define HAVE_FCHOWN 1
| #define HAVE_FCHOWNAT 1
| #define HAVE_FDOPENDIR 1
| #define HAVE_FEXECVE 1
| #define HAVE_FORK 1
| #define HAVE_FPATHCONF 1
| #define HAVE_FSTATAT 1
| #define HAVE_FTIME 1
| #define HAVE_FTRUNCATE 1
| #define HAVE_FUTIMENS 1
| #define HAVE_FUTIMES 1
| #define HAVE_FUTIMESAT 1
| #define HAVE_GAI_STRERROR 1
| #define HAVE_GETEGID 1
| #define HAVE_GETEUID 1
| #define HAVE_GETGID 1
| #define HAVE_GETGRENT 1
| #define HAVE_GETGRGID 1
| #define HAVE_GETGRGID_R 1
| #define HAVE_GETGRNAM_R 1
| #define HAVE_GETGROUPLIST 1
| #define HAVE_GETHOSTNAME 1
| #define HAVE_GETITIMER 1
| #define HAVE_GETLOADAVG 1
| #define HAVE_GETLOGIN 1
| #define HAVE_GETLOGIN_R 1
| #define HAVE_GETPEERNAME 1
| #define HAVE_GETPGID 1
| #define HAVE_GETPID 1
| #define HAVE_GETPPID 1
| #define HAVE_GETPRIORITY 1
| #define HAVE_GETPWENT 1
| #define HAVE_GETPWNAM_R 1
| #define HAVE_GETPWUID 1
| #define HAVE_GETPWUID_R 1
| #define HAVE_GETRESGID 1
| #define HAVE_GETRESUID 1
| #define HAVE_GETRUSAGE 1
| #define HAVE_GETSID 1
| #define HAVE_GETSPENT 1
| #define HAVE_GETSPNAM 1
| #define HAVE_GETUID 1
| #define HAVE_GETWD 1
| #define HAVE_GRANTPT 1
| #define HAVE_IF_NAMEINDEX 1
| #define HAVE_INITGROUPS 1
| #define HAVE_KILL 1
| #define HAVE_KILLPG 1
| #define HAVE_LCHOWN 1
| #define HAVE_LINKAT 1
| #define HAVE_LOCKF 1
| #define HAVE_LSTAT 1
| #define HAVE_LUTIMES 1
| #define HAVE_MADVISE 1
| #define HAVE_MBRTOWC 1
| #define HAVE_MEMRCHR 1
| #define HAVE_MKDIRAT 1
| #define HAVE_MKFIFO 1
| #define HAVE_MKFIFOAT 1
| #define HAVE_MKNOD 1
| #define HAVE_MKNODAT 1
| #define HAVE_MKTIME 1
| #define HAVE_MMAP 1
| #define HAVE_MREMAP 1
| #define HAVE_NICE 1
| #define HAVE_OPENAT 1
| #define HAVE_OPENDIR 1
| #define HAVE_PATHCONF 1
| #define HAVE_PAUSE 1
| #define HAVE_PIPE 1
| #define HAVE_PIPE2 1
| #define HAVE_POLL 1
| #define HAVE_POSIX_FADVISE 1
| #define HAVE_POSIX_FALLOCATE 1
| #define HAVE_POSIX_OPENPT 1
| #define HAVE_POSIX_SPAWN 1
| #define HAVE_POSIX_SPAWNP 1
| #define HAVE_PREAD 1
| #define HAVE_PREADV 1
| #define HAVE_PREADV2 1
| #define HAVE_PROCESS_VM_READV 1
| #define HAVE_PTHREAD_CONDATTR_SETCLOCK 1
| #define HAVE_PTHREAD_KILL 1
| #define HAVE_PTHREAD_GETNAME_NP 1
| #define HAVE_PTHREAD_SETNAME_NP 1
| #define HAVE_PTHREAD_GETATTR_NP 1
| #define HAVE_PTSNAME 1
| #define HAVE_PTSNAME_R 1
| #define HAVE_PWRITE 1
| #define HAVE_PWRITEV 1
| #define HAVE_PWRITEV2 1
| #define HAVE_READLINK 1
| #define HAVE_READLINKAT 1
| #define HAVE_READV 1
| #define HAVE_REALPATH 1
| #define HAVE_RENAMEAT 1
| #define HAVE_SCHED_GET_PRIORITY_MAX 1
| #define HAVE_SCHED_RR_GET_INTERVAL 1
| #define HAVE_SCHED_SETAFFINITY 1
| #define HAVE_SCHED_SETPARAM 1
| #define HAVE_SCHED_SETSCHEDULER 1
| #define HAVE_SEM_CLOCKWAIT 1
| #define HAVE_SEM_GETVALUE 1
| #define HAVE_SEM_OPEN 1
| #define HAVE_SEM_TIMEDWAIT 1
| #define HAVE_SEM_UNLINK 1
| #define HAVE_SENDFILE 1
| #define HAVE_SETEGID 1
| #define HAVE_SETEUID 1
| #define HAVE_SETGID 1
| #define HAVE_SETHOSTNAME 1
| #define HAVE_SETITIMER 1
| #define HAVE_SETLOCALE 1
| #define HAVE_SETPGID 1
| #define HAVE_SETPGRP 1
| #define HAVE_SETPRIORITY 1
| #define HAVE_SETREGID 1
| #define HAVE_SETRESGID 1
| #define HAVE_SETRESUID 1
| #define HAVE_SETREUID 1
| #define HAVE_SETSID 1
| #define HAVE_SETUID 1
| #define HAVE_SETVBUF 1
| #define HAVE_SHUTDOWN 1
| #define HAVE_SIGACTION 1
| #define HAVE_SIGALTSTACK 1
| #define HAVE_SIGFILLSET 1
| #define HAVE_SIGINTERRUPT 1
| #define HAVE_SIGPENDING 1
| #define HAVE_SIGRELSE 1
| #define HAVE_SIGTIMEDWAIT 1
| #define HAVE_SIGWAIT 1
| #define HAVE_SIGWAITINFO 1
| #define HAVE_SNPRINTF 1
| #define HAVE_SPLICE 1
| #define HAVE_STRFTIME 1
| #define HAVE_STRSIGNAL 1
| #define HAVE_SYMLINKAT 1
| #define HAVE_SYNC 1
| #define HAVE_SYSCONF 1
| #define HAVE_TCGETPGRP 1
| #define HAVE_TCSETPGRP 1
| #define HAVE_TEMPNAM 1
| #define HAVE_TIMEGM 1
| #define HAVE_TIMES 1
| #define HAVE_TMPFILE 1
| #define HAVE_TMPNAM 1
| #define HAVE_TMPNAM_R 1
| #define HAVE_TRUNCATE 1
| #define HAVE_TTYNAME_R 1
| #define HAVE_UMASK 1
| #define HAVE_UNAME 1
| #define HAVE_UNLINKAT 1
| #define HAVE_UNLOCKPT 1
| #define HAVE_UTIMENSAT 1
| #define HAVE_UTIMES 1
| #define HAVE_VFORK 1
| #define HAVE_WAIT 1
| #define HAVE_WAIT3 1
| #define HAVE_WAIT4 1
| #define HAVE_WAITID 1
| #define HAVE_WAITPID 1
| #define HAVE_WCSCOLL 1
| #define HAVE_WCSFTIME 1
| #define HAVE_WCSXFRM 1
| #define HAVE_WMEMCMP 1
| #define HAVE_WRITEV 1
| #define HAVE_GETENTROPY 1
| #define HAVE_GETGROUPS 1
| #define HAVE_SYSTEM 1
| #define HAVE_DIRFD 1
| #define HAVE_CHROOT 1
| #define HAVE_LINK 1
| #define HAVE_SYMLINK 1
| #define HAVE_FCHDIR 1
| #define HAVE_FSYNC 1
| #define HAVE_FDATASYNC 1
| #define HAVE_EPOLL 1
| #define HAVE_EPOLL_CREATE1 1
| #define HAVE_PRLIMIT 1
| #define HAVE_MEMFD_CREATE 1
| #define HAVE_EVENTFD 1
| #define HAVE_TIMERFD_CREATE 1
| #define HAVE_FLOCK 1
| #define HAVE_GETPAGESIZE 1
| #define HAVE_ZLIB_COPY 1
| #define HAVE_HSTRERROR 1
| #define HAVE_GETSERVBYNAME 1
| #define HAVE_GETSERVBYPORT 1
| #define HAVE_GETHOSTBYNAME 1
| #define HAVE_GETHOSTBYADDR 1
| #define HAVE_GETPROTOBYNAME 1
| #define HAVE_INET_ATON 1
| #define HAVE_INET_NTOA 1
| #define HAVE_INET_PTON 1
| #define HAVE_GETPEERNAME 1
| #define HAVE_GETSOCKNAME 1
| #define HAVE_ACCEPT 1
| #define HAVE_BIND 1
| #define HAVE_CONNECT 1
| #define HAVE_LISTEN 1
| #define HAVE_RECVFROM 1
| #define HAVE_SENDTO 1
| #define HAVE_SETSOCKOPT 1
| #define HAVE_SOCKET 1
| #define HAVE_SETGROUPS 1
| #define HAVE_DECL_UT_NAMESIZE 1
| #define HAVE_UT_NAMESIZE 1
| #define HAVE_OPENPTY 1
| #define HAVE_LOGIN_TTY 1
| #define HAVE_FORKPTY 1
| #define HAVE_FSEEKO 1
| #define HAVE_FSTATVFS 1
| #define HAVE_FTELLO 1
| #define HAVE_STATVFS 1
| #define HAVE_DUP2 1
| #define HAVE_GETPGRP 1
| #define HAVE_SETPGRP 1
| #define HAVE_SETNS 1
| #define HAVE_UNSHARE 1
| #define HAVE_CLOCK_GETTIME 1
| #define HAVE_CLOCK_GETRES 1
| #define HAVE_CLOCK_SETTIME 1
| #define HAVE_CLOCK_NANOSLEEP 1
| #define HAVE_NANOSLEEP 1
| #define HAVE_DEVICE_MACROS 1
| #define SYS_SELECT_WITH_SYS_TIME 1
| #define HAVE_GETADDRINFO 1
| #define HAVE_GETNAMEINFO 1
| #define HAVE_STRUCT_TM_TM_ZONE 1
| #define HAVE_TM_ZONE 1
| #define HAVE_STRUCT_STAT_ST_RDEV 1
| #define HAVE_STRUCT_STAT_ST_BLKSIZE 1
| /* end confdefs.h.  */
| #include <stddef.h>
| #ifdef HAVE_STDIO_H
| # include <stdio.h>
| #endif
| #ifdef HAVE_STDLIB_H
| # include <stdlib.h>
| #endif
| #ifdef HAVE_STRING_H
| # include <string.h>
| #endif
| #ifdef HAVE_INTTYPES_H
| # include <inttypes.h>
| #endif
| #ifdef HAVE_STDINT_H
| # include <stdint.h>
| #endif
| #ifdef HAVE_STRINGS_H
| # include <strings.h>
| #endif
| #ifdef HAVE_SYS_TYPES_H
| # include <sys/types.h>
| #endif
| #ifdef HAVE_SYS_STAT_H
| # include <sys/stat.h>
| #endif
| #ifdef HAVE_UNISTD_H
| # include <unistd.h>
| #endif
| int
| main (void)
| {
| static struct stat ac_aggr;
| if (ac_aggr.st_gen)
| return 0;
|   ;
|   return 0;
| }
configure:25037: gcc -pthread -c   conftest.c >&5
conftest.c: In function 'main':
conftest.c:471:20: error: 'struct stat' has no member named 'st_gen'; did you mean 'st_dev'?
  471 | if (sizeof ac_aggr.st_gen)
      |                    ^~~~~~
      |                    st_dev
configure:25037: $? = 1
configure: failed program was:
| /* confdefs.h */
| #define _NETBSD_SOURCE 1
| #define __BSD_VISIBLE 1
| #define _DARWIN_C_SOURCE 1
| #define _PYTHONFRAMEWORK ""
| #define _XOPEN_SOURCE 700
| #define _XOPEN_SOURCE_EXTENDED 1
| #define _POSIX_C_SOURCE 200809L
| #define HAVE_STDIO_H 1
| #define HAVE_STDLIB_H 1
| #define HAVE_STRING_H 1
| #define HAVE_INTTYPES_H 1
| #define HAVE_STDINT_H 1
| #define HAVE_STRINGS_H 1
| #define HAVE_SYS_STAT_H 1
| #define HAVE_SYS_TYPES_H 1
| #define HAVE_UNISTD_H 1
| #define HAVE_WCHAR_H 1
| #define STDC_HEADERS 1
| #define _ALL_SOURCE 1
| #define _DARWIN_C_SOURCE 1
| #define _GNU_SOURCE 1
| #define _HPUX_ALT_XOPEN_SOCKET_API 1
| #define _NETBSD_SOURCE 1
| #define _OPENBSD_SOURCE 1
| #define _POSIX_PTHREAD_SEMANTICS 1
| #define __STDC_WANT_IEC_60559_ATTRIBS_EXT__ 1
| #define __STDC_WANT_IEC_60559_BFP_EXT__ 1
| #define __STDC_WANT_IEC_60559_DFP_EXT__ 1
| #define __STDC_WANT_IEC_60559_EXT__ 1
| #define __STDC_WANT_IEC_60559_FUNCS_EXT__ 1
| #define __STDC_WANT_IEC_60559_TYPES_EXT__ 1
| #define __STDC_WANT_LIB_EXT2__ 1
| #define __STDC_WANT_MATH_SPEC_FUNCS__ 1
| #define _TANDEM_SOURCE 1
| #define __EXTENSIONS__ 1
| #define _Py_STACK_GROWS_DOWN 1
| #define PY_SUPPORT_TIER 1
| #define STDC_HEADERS 1
| #define HAVE_ALLOCA_H 1
| #define HAVE_ASM_TYPES_H 1
| #define HAVE_DLFCN_H 1
| #define HAVE_ENDIAN_H 1
| #define HAVE_ERRNO_H 1
| #define HAVE_FCNTL_H 1
| #define HAVE_GRP_H 1
| #define HAVE_LANGINFO_H 1
| #define HAVE_LIBINTL_H 1
| #define HAVE_LINUX_AUXVEC_H 1
| #define HAVE_SYS_AUXV_H 1
| #define HAVE_LINUX_FS_H 1
| #define HAVE_LINUX_LIMITS_H 1
| #define HAVE_LINUX_MEMFD_H 1
| #define HAVE_LINUX_NETFILTER_IPV4_H 1
| #define HAVE_LINUX_RANDOM_H 1
| #define HAVE_LINUX_SOUNDCARD_H 1
| #define HAVE_LINUX_SCHED_H 1
| #define HAVE_LINUX_TIPC_H 1
| #define HAVE_LINUX_WAIT_H 1
| #define HAVE_NETDB_H 1
| #define HAVE_NET_ETHERNET_H 1
| #define HAVE_NETINET_IN_H 1
| #define HAVE_NETPACKET_PACKET_H 1
| #define HAVE_POLL_H 1
| #define HAVE_PTHREAD_H 1
| #define HAVE_PTY_H 1
| #define HAVE_SCHED_H 1
| #define HAVE_SETJMP_H 1
| #define HAVE_SHADOW_H 1
| #define HAVE_SIGNAL_H 1
| #define HAVE_SPAWN_H 1
| #define HAVE_SYS_EPOLL_H 1
| #define HAVE_SYS_EVENTFD_H 1
| #define HAVE_SYS_FILE_H 1
| #define HAVE_SYS_IOCTL_H 1
| #define HAVE_SYS_MMAN_H 1
| #define HAVE_SYS_PARAM_H 1
| #define HAVE_SYS_POLL_H 1
| #define HAVE_SYS_RANDOM_H 1
| #define HAVE_SYS_RESOURCE_H 1
| #define HAVE_SYS_SELECT_H 1
| #define HAVE_SYS_SENDFILE_H 1
| #define HAVE_SYS_SOCKET_H 1
| #define HAVE_SYS_SOUNDCARD_H 1
| #define HAVE_SYS_STAT_H 1
| #define HAVE_SYS_STATVFS_H 1
| #define HAVE_SYS_SYSCALL_H 1
| #define HAVE_SYS_SYSMACROS_H 1
| #define HAVE_SYS_TIME_H 1
| #define HAVE_SYS_TIMES_H 1
| #define HAVE_SYS_TIMERFD_H 1
| #define HAVE_SYS_TYPES_H 1
| #define HAVE_SYS_UIO_H 1
| #define HAVE_SYS_UN_H 1
| #define HAVE_SYS_UTSNAME_H 1
| #define HAVE_SYS_WAIT_H 1
| #define HAVE_SYS_XATTR_H 1
| #define HAVE_SYSEXITS_H 1
| #define HAVE_SYSLOG_H 1
| #define HAVE_TERMIOS_H 1
| #define HAVE_UTIME_H 1
| #define HAVE_UTMP_H 1
| #define HAVE_DIRENT_H 1
| #define MAJOR_IN_SYSMACROS 1
| #define HAVE_NET_IF_H 1
| #define HAVE_LINUX_NETLINK_H 1
| #define HAVE_LINUX_QRTR_H 1
| #define HAVE_LINUX_VM_SOCKETS_H 1
| #define HAVE_LINUX_CAN_H 1
| #define HAVE_LINUX_CAN_BCM_H 1
| #define HAVE_LINUX_CAN_J1939_H 1
| #define HAVE_LINUX_CAN_RAW_H 1
| #define HAVE_CLOCK_T 1
| #define HAVE_MAKEDEV 1
| #define HAVE_HTOLE64 1
| #define _LARGEFILE_SOURCE 1
| #define _FILE_OFFSET_BITS 64
| #if defined(SCO_DS)
| #undef _OFF_T
| #endif
| #define RETSIGTYPE void
| #define HAVE_SSIZE_T 1
| #define HAVE___UINT128_T 1
| #define HAVE_GCC_UINT128_T 1
| #define SIZEOF_INT 4
| #define SIZEOF_LONG 8
| #define ALIGNOF_LONG 8
| #define SIZEOF_LONG_LONG 8
| #define SIZEOF_VOID_P 8
| #define SIZEOF_SHORT 2
| #define SIZEOF_FLOAT 4
| #define SIZEOF_DOUBLE 8
| #define SIZEOF_FPOS_T 16
| #define SIZEOF_SIZE_T 8
| #define ALIGNOF_SIZE_T 8
| #define SIZEOF_PID_T 4
| #define SIZEOF_UINTPTR_T 8
| #define ALIGNOF_MAX_ALIGN_T 16
| #define HAVE_LONG_DOUBLE 1
| #define SIZEOF_LONG_DOUBLE 16
| #define SIZEOF__BOOL 1
| #define SIZEOF_OFF_T 8
| #define SIZEOF_TIME_T 8
| #define SIZEOF_PTHREAD_T 8
| #define SIZEOF_PTHREAD_KEY_T 4
| #define PTHREAD_KEY_T_IS_COMPATIBLE_WITH_INT 1
| #define PY_HAVE_PERF_TRAMPOLINE 1
| #define HAVE_LIBDL 1
| #define HAVE_EXECINFO_H 1
| #define HAVE_BACKTRACE 1
| #define HAVE_DLADDR1 1
| #define HAVE_LINK_H 1
| #define HAVE_BACKTRACE 1
| #define HAVE_DLADDR1 1
| #define HAVE_DLFCN_H 1
| #define HAVE_BACKTRACE 1
| #define HAVE_DLADDR1 1
| #define HAVE_UUID_H 1
| #define HAVE_UUID_GENERATE_TIME_SAFE 1
| #define HAVE_FFI_PREP_CIF_VAR 1
| #define HAVE_FFI_PREP_CLOSURE_LOC 1
| #define HAVE_FFI_CLOSURE_ALLOC 1
| #define WITH_DECIMAL_CONTEXTVAR 1
| #define HAVE_LIBSQLITE3 1
| #define HAVE_LIBSQLITE3 1
| #define HAVE_LIBSQLITE3 1
| #define HAVE_LIBSQLITE3 1
| #define HAVE_LIBSQLITE3 1
| #define HAVE_LIBSQLITE3 1
| #define HAVE_LIBSQLITE3 1
| #define HAVE_LIBSQLITE3 1
| #define HAVE_LIBSQLITE3 1
| #define PY_SQLITE_HAVE_SERIALIZE 1
| #define PTHREAD_SYSTEM_SCHED_SUPPORTED 1
| #define HAVE_PTHREAD_SIGMASK 1
| #define HAVE_PTHREAD_GETCPUCLOCKID 1
| #define ENABLE_IPV6 1
| #define HAVE_LINUX_CAN_RAW_FD_FRAMES 1
| #define HAVE_LINUX_CAN_RAW_JOIN_FILTERS 1
| #define WITH_DOC_STRINGS 1
| #define HAVE_STD_ATOMIC 1
| #define HAVE_BUILTIN_ATOMIC 1
| #define WITH_MIMALLOC 1
| #define WITH_PYMALLOC 1
| #define PY_COERCE_C_LOCALE 1
| #define HAVE_DLOPEN 1
| #define HAVE_DYNAMIC_LOADING 1
| #define HAVE_ACCEPT4 1
| #define HAVE_ALARM 1
| #define HAVE_BIND_TEXTDOMAIN_CODESET 1
| #define HAVE_CHMOD 1
| #define HAVE_CHOWN 1
| #define HAVE_CLOCK 1
| #define HAVE_CONFSTR 1
| #define HAVE_COPY_FILE_RANGE 1
| #define HAVE_CTERMID 1
| #define HAVE_DLADDR 1
| #define HAVE_DUP 1
| #define HAVE_DUP3 1
| #define HAVE_EXECV 1
| #define HAVE_EXPLICIT_BZERO 1
| #define HAVE_FACCESSAT 1
| #define HAVE_FCHMOD 1
| #define HAVE_FCHMODAT 1
| #define HAVE_FCHOWN 1
| #define HAVE_FCHOWNAT 1
| #define HAVE_FDOPENDIR 1
| #define HAVE_FEXECVE 1
| #define HAVE_FORK 1
| #define HAVE_FPATHCONF 1
| #define HAVE_FSTATAT 1
| #define HAVE_FTIME 1
| #define HAVE_FTRUNCATE 1
| #define HAVE_FUTIMENS 1
| #define HAVE_FUTIMES 1
| #define HAVE_FUTIMESAT 1
| #define HAVE_GAI_STRERROR 1
| #define HAVE_GETEGID 1
| #define HAVE_GETEUID 1
| #define HAVE_GETGID 1
| #define HAVE_GETGRENT 1
| #define HAVE_GETGRGID 1
| #define HAVE_GETGRGID_R 1
| #define HAVE_GETGRNAM_R 1
| #define HAVE_GETGROUPLIST 1
| #define HAVE_GETHOSTNAME 1
| #define HAVE_GETITIMER 1
| #define HAVE_GETLOADAVG 1
| #define HAVE_GETLOGIN 1
| #define HAVE_GETLOGIN_R 1
| #define HAVE_GETPEERNAME 1
| #define HAVE_GETPGID 1
| #define HAVE_GETPID 1
| #define HAVE_GETPPID 1
| #define HAVE_GETPRIORITY 1
| #define HAVE_GETPWENT 1
| #define HAVE_GETPWNAM_R 1
| #define HAVE_GETPWUID 1
| #define HAVE_GETPWUID_R 1
| #define HAVE_GETRESGID 1
| #define HAVE_GETRESUID 1
| #define HAVE_GETRUSAGE 1
| #define HAVE_GETSID 1
| #define HAVE_GETSPENT 1
| #define HAVE_GETSPNAM 1
| #define HAVE_GETUID 1
| #define HAVE_GETWD 1
| #define HAVE_GRANTPT 1
| #define HAVE_IF_NAMEINDEX 1
| #define HAVE_INITGROUPS 1
| #define HAVE_KILL 1
| #define HAVE_KILLPG 1
| #define HAVE_LCHOWN 1
| #define HAVE_LINKAT 1
| #define HAVE_LOCKF 1
| #define HAVE_LSTAT 1
| #define HAVE_LUTIMES 1
| #define HAVE_MADVISE 1
| #define HAVE_MBRTOWC 1
| #define HAVE_MEMRCHR 1
| #define HAVE_MKDIRAT 1
| #define HAVE_MKFIFO 1
| #define HAVE_MKFIFOAT 1
| #define HAVE_MKNOD 1
| #define HAVE_MKNODAT 1
| #define HAVE_MKTIME 1
| #define HAVE_MMAP 1
| #define HAVE_MREMAP 1
| #define HAVE_NICE 1
| #define HAVE_OPENAT 1
| #define HAVE_OPENDIR 1
| #define HAVE_PATHCONF 1
| #define HAVE_PAUSE 1
| #define HAVE_PIPE 1
| #define HAVE_PIPE2 1
| #define HAVE_POLL 1
| #define HAVE_POSIX_FADVISE 1
| #define HAVE_POSIX_FALLOCATE 1
| #define HAVE_POSIX_OPENPT 1
| #define HAVE_POSIX_SPAWN 1
| #define HAVE_POSIX_SPAWNP 1
| #define HAVE_PREAD 1
| #define HAVE_PREADV 1
| #define HAVE_PREADV2 1
| #define HAVE_PROCESS_VM_READV 1
| #define HAVE_PTHREAD_CONDATTR_SETCLOCK 1
| #define HAVE_PTHREAD_KILL 1
| #define HAVE_PTHREAD_GETNAME_NP 1
| #define HAVE_PTHREAD_SETNAME_NP 1
| #define HAVE_PTHREAD_GETATTR_NP 1
| #define HAVE_PTSNAME 1
| #define HAVE_PTSNAME_R 1
| #define HAVE_PWRITE 1
| #define HAVE_PWRITEV 1
| #define HAVE_PWRITEV2 1
| #define HAVE_READLINK 1
| #define HAVE_READLINKAT 1
| #define HAVE_READV 1
| #define HAVE_REALPATH 1
| #define HAVE_RENAMEAT 1
| #define HAVE_SCHED_GET_PRIORITY_MAX 1
| #define HAVE_SCHED_RR_GET_INTERVAL 1
| #define HAVE_SCHED_SETAFFINITY 1
| #define HAVE_SCHED_SETPARAM 1
| #define HAVE_SCHED_SETSCHEDULER 1
| #define HAVE_SEM_CLOCKWAIT 1
| #define HAVE_SEM_GETVALUE 1
| #define HAVE_SEM_OPEN 1
| #define HAVE_SEM_TIMEDWAIT 1
| #define HAVE_SEM_UNLINK 1
| #define HAVE_SENDFILE 1
| #define HAVE_SETEGID 1
| #define HAVE_SETEUID 1
| #define HAVE_SETGID 1
| #define HAVE_SETHOSTNAME 1
| #define HAVE_SETITIMER 1
| #define HAVE_SETLOCALE 1
| #define HAVE_SETPGID 1
| #define HAVE_SETPGRP 1
| #define HAVE_SETPRIORITY 1
| #define HAVE_SETREGID 1
| #define HAVE_SETRESGID 1
| #define HAVE_SETRESUID 1
| #define HAVE_SETREUID 1
| #define HAVE_SETSID 1
| #define HAVE_SETUID 1
| #define HAVE_SETVBUF 1
| #define HAVE_SHUTDOWN 1
| #define HAVE_SIGACTION 1
| #define HAVE_SIGALTSTACK 1
| #define HAVE_SIGFILLSET 1
| #define HAVE_SIGINTERRUPT 1
| #define HAVE_SIGPENDING 1
| #define HAVE_SIGRELSE 1
| #define HAVE_SIGTIMEDWAIT 1
| #define HAVE_SIGWAIT 1
| #define HAVE_SIGWAITINFO 1
| #define HAVE_SNPRINTF 1
| #define HAVE_SPLICE 1
| #define HAVE_STRFTIME 1
| #define HAVE_STRSIGNAL 1
| #define HAVE_SYMLINKAT 1
| #define HAVE_SYNC 1
| #define HAVE_SYSCONF 1
| #define HAVE_TCGETPGRP 1
| #define HAVE_TCSETPGRP 1
| #define HAVE_TEMPNAM 1
| #define HAVE_TIMEGM 1
| #define HAVE_TIMES 1
| #define HAVE_TMPFILE 1
| #define HAVE_TMPNAM 1
| #define HAVE_TMPNAM_R 1
| #define HAVE_TRUNCATE 1
| #define HAVE_TTYNAME_R 1
| #define HAVE_UMASK 1
| #define HAVE_UNAME 1
| #define HAVE_UNLINKAT 1
| #define HAVE_UNLOCKPT 1
| #define HAVE_UTIMENSAT 1
| #define HAVE_UTIMES 1
| #define HAVE_VFORK 1
| #define HAVE_WAIT 1
| #define HAVE_WAIT3 1
| #define HAVE_WAIT4 1
| #define HAVE_WAITID 1
| #define HAVE_WAITPID 1
| #define HAVE_WCSCOLL 1
| #define HAVE_WCSFTIME 1
| #define HAVE_WCSXFRM 1
| #define HAVE_WMEMCMP 1
| #define HAVE_WRITEV 1
| #define HAVE_GETENTROPY 1
| #define HAVE_GETGROUPS 1
| #define HAVE_SYSTEM 1
| #define HAVE_DIRFD 1
| #define HAVE_CHROOT 1
| #define HAVE_LINK 1
| #define HAVE_SYMLINK 1
| #define HAVE_FCHDIR 1
| #define HAVE_FSYNC 1
| #define HAVE_FDATASYNC 1
| #define HAVE_EPOLL 1
| #define HAVE_EPOLL_CREATE1 1
| #define HAVE_PRLIMIT 1
| #define HAVE_MEMFD_CREATE 1
| #define HAVE_EVENTFD 1
| #define HAVE_TIMERFD_CREATE 1
| #define HAVE_FLOCK 1
| #define HAVE_GETPAGESIZE 1
| #define HAVE_ZLIB_COPY 1
| #define HAVE_HSTRERROR 1
| #define HAVE_GETSERVBYNAME 1
| #define HAVE_GETSERVBYPORT 1
| #define HAVE_GETHOSTBYNAME 1
| #define HAVE_GETHOSTBYADDR 1
| #define HAVE_GETPROTOBYNAME 1
| #define HAVE_INET_ATON 1
| #define HAVE_INET_NTOA 1
| #define HAVE_INET_PTON 1
| #define HAVE_GETPEERNAME 1
| #define HAVE_GETSOCKNAME 1
| #define HAVE_ACCEPT 1
| #define HAVE_BIND 1
| #define HAVE_CONNECT 1
| #define HAVE_LISTEN 1
| #define HAVE_RECVFROM 1
| #define HAVE_SENDTO 1
| #define HAVE_SETSOCKOPT 1
| #define HAVE_SOCKET 1
| #define HAVE_SETGROUPS 1
| #define HAVE_DECL_UT_NAMESIZE 1
| #define HAVE_UT_NAMESIZE 1
| #define HAVE_OPENPTY 1
| #define HAVE_LOGIN_TTY 1
| #define HAVE_FORKPTY 1
| #define HAVE_FSEEKO 1
| #define HAVE_FSTATVFS 1
| #define HAVE_FTELLO 1
| #define HAVE_STATVFS 1
| #define HAVE_DUP2 1
| #define HAVE_GETPGRP 1
| #define HAVE_SETPGRP 1
| #define HAVE_SETNS 1
| #define HAVE_UNSHARE 1
| #define HAVE_CLOCK_GETTIME 1
| #define HAVE_CLOCK_GETRES 1
| #define HAVE_CLOCK_SETTIME 1
| #define HAVE_CLOCK_NANOSLEEP 1
| #define HAVE_NANOSLEEP 1
| #define HAVE_DEVICE_MACROS 1
| #define SYS_SELECT_WITH_SYS_TIME 1
| #define HAVE_GETADDRINFO 1
| #define HAVE_GETNAMEINFO 1
| #define HAVE_STRUCT_TM_TM_ZONE 1
| #define HAVE_TM_ZONE 1
| #define HAVE_STRUCT_STAT_ST_RDEV 1
| #define HAVE_STRUCT_STAT_ST_BLKSIZE 1
| /* end confdefs.h.  */
| #include <stddef.h>
| #ifdef HAVE_STDIO_H
| # include <stdio.h>
| #endif
| #ifdef HAVE_STDLIB_H
| # include <stdlib.h>
| #endif
| #ifdef HAVE_STRING_H
| # include <string.h>
| #endif
| #ifdef HAVE_INTTYPES_H
| # include <inttypes.h>
| #endif
| #ifdef HAVE_STDINT_H
| # include <stdint.h>
| #endif
| #ifdef HAVE_STRINGS_H
| # include <strings.h>
| #endif
| #ifdef HAVE_SYS_TYPES_H
| # include <sys/types.h>
| #endif
| #ifdef HAVE_SYS_STAT_H
| # include <sys/stat.h>
| #endif
| #ifdef HAVE_UNISTD_H
| # include <unistd.h>
| #endif
| int
| main (void)
| {
| static struct stat ac_aggr;
| if (sizeof ac_aggr.st_gen)
| return 0;
|   ;
|   return 0;
| }
configure:25037: result: no
configure:25046: checking for struct stat.st_birthtime
configure:25046: gcc -pthread -c   conftest.c >&5
conftest.c: In function 'main':
conftest.c:471:12: error: 'struct stat' has no member named 'st_birthtime'
  471 | if (ac_aggr.st_birthtime)
      |            ^
configure:25046: $? = 1
configure: failed program was:
| /* confdefs.h */
| #define _NETBSD_SOURCE 1
| #define __BSD_VISIBLE 1
| #define _DARWIN_C_SOURCE 1
| #define _PYTHONFRAMEWORK ""
| #define _XOPEN_SOURCE 700
| #define _XOPEN_SOURCE_EXTENDED 1
| #define _POSIX_C_SOURCE 200809L
| #define HAVE_STDIO_H 1
| #define HAVE_STDLIB_H 1
| #define HAVE_STRING_H 1
| #define HAVE_INTTYPES_H 1
| #define HAVE_STDINT_H 1
| #define HAVE_STRINGS_H 1
| #define HAVE_SYS_STAT_H 1
| #define HAVE_SYS_TYPES_H 1
| #define HAVE_UNISTD_H 1
| #define HAVE_WCHAR_H 1
| #define STDC_HEADERS 1
| #define _ALL_SOURCE 1
| #define _DARWIN_C_SOURCE 1
| #define _GNU_SOURCE 1
| #define _HPUX_ALT_XOPEN_SOCKET_API 1
| #define _NETBSD_SOURCE 1
| #define _OPENBSD_SOURCE 1
| #define _POSIX_PTHREAD_SEMANTICS 1
| #define __STDC_WANT_IEC_60559_ATTRIBS_EXT__ 1
| #define __STDC_WANT_IEC_60559_BFP_EXT__ 1
| #define __STDC_WANT_IEC_60559_DFP_EXT__ 1
| #define __STDC_WANT_IEC_60559_EXT__ 1
| #define __STDC_WANT_IEC_60559_FUNCS_EXT__ 1
| #define __STDC_WANT_IEC_60559_TYPES_EXT__ 1
| #define __STDC_WANT_LIB_EXT2__ 1
| #define __STDC_WANT_MATH_SPEC_FUNCS__ 1
| #define _TANDEM_SOURCE 1
| #define __EXTENSIONS__ 1
| #define _Py_STACK_GROWS_DOWN 1
| #define PY_SUPPORT_TIER 1
| #define STDC_HEADERS 1
| #define HAVE_ALLOCA_H 1
| #define HAVE_ASM_TYPES_H 1
| #define HAVE_DLFCN_H 1
| #define HAVE_ENDIAN_H 1
| #define HAVE_ERRNO_H 1
| #define HAVE_FCNTL_H 1
| #define HAVE_GRP_H 1
| #define HAVE_LANGINFO_H 1
| #define HAVE_LIBINTL_H 1
| #define HAVE_LINUX_AUXVEC_H 1
| #define HAVE_SYS_AUXV_H 1
| #define HAVE_LINUX_FS_H 1
| #define HAVE_LINUX_LIMITS_H 1
| #define HAVE_LINUX_MEMFD_H 1
| #define HAVE_LINUX_NETFILTER_IPV4_H 1
| #define HAVE_LINUX_RANDOM_H 1
| #define HAVE_LINUX_SOUNDCARD_H 1
| #define HAVE_LINUX_SCHED_H 1
| #define HAVE_LINUX_TIPC_H 1
| #define HAVE_LINUX_WAIT_H 1
| #define HAVE_NETDB_H 1
| #define HAVE_NET_ETHERNET_H 1
| #define HAVE_NETINET_IN_H 1
| #define HAVE_NETPACKET_PACKET_H 1
| #define HAVE_POLL_H 1
| #define HAVE_PTHREAD_H 1
| #define HAVE_PTY_H 1
| #define HAVE_SCHED_H 1
| #define HAVE_SETJMP_H 1
| #define HAVE_SHADOW_H 1
| #define HAVE_SIGNAL_H 1
| #define HAVE_SPAWN_H 1
| #define HAVE_SYS_EPOLL_H 1
| #define HAVE_SYS_EVENTFD_H 1
| #define HAVE_SYS_FILE_H 1
| #define HAVE_SYS_IOCTL_H 1
| #define HAVE_SYS_MMAN_H 1
| #define HAVE_SYS_PARAM_H 1
| #define HAVE_SYS_POLL_H 1
| #define HAVE_SYS_RANDOM_H 1
| #define HAVE_SYS_RESOURCE_H 1
| #define HAVE_SYS_SELECT_H 1
| #define HAVE_SYS_SENDFILE_H 1
| #define HAVE_SYS_SOCKET_H 1
| #define HAVE_SYS_SOUNDCARD_H 1
| #define HAVE_SYS_STAT_H 1
| #define HAVE_SYS_STATVFS_H 1
| #define HAVE_SYS_SYSCALL_H 1
| #define HAVE_SYS_SYSMACROS_H 1
| #define HAVE_SYS_TIME_H 1
| #define HAVE_SYS_TIMES_H 1
| #define HAVE_SYS_TIMERFD_H 1
| #define HAVE_SYS_TYPES_H 1
| #define HAVE_SYS_UIO_H 1
| #define HAVE_SYS_UN_H 1
| #define HAVE_SYS_UTSNAME_H 1
| #define HAVE_SYS_WAIT_H 1
| #define HAVE_SYS_XATTR_H 1
| #define HAVE_SYSEXITS_H 1
| #define HAVE_SYSLOG_H 1
| #define HAVE_TERMIOS_H 1
| #define HAVE_UTIME_H 1
| #define HAVE_UTMP_H 1
| #define HAVE_DIRENT_H 1
| #define MAJOR_IN_SYSMACROS 1
| #define HAVE_NET_IF_H 1
| #define HAVE_LINUX_NETLINK_H 1
| #define HAVE_LINUX_QRTR_H 1
| #define HAVE_LINUX_VM_SOCKETS_H 1
| #define HAVE_LINUX_CAN_H 1
| #define HAVE_LINUX_CAN_BCM_H 1
| #define HAVE_LINUX_CAN_J1939_H 1
| #define HAVE_LINUX_CAN_RAW_H 1
| #define HAVE_CLOCK_T 1
| #define HAVE_MAKEDEV 1
| #define HAVE_HTOLE64 1
| #define _LARGEFILE_SOURCE 1
| #define _FILE_OFFSET_BITS 64
| #if defined(SCO_DS)
| #undef _OFF_T
| #endif
| #define RETSIGTYPE void
| #define HAVE_SSIZE_T 1
| #define HAVE___UINT128_T 1
| #define HAVE_GCC_UINT128_T 1
| #define SIZEOF_INT 4
| #define SIZEOF_LONG 8
| #define ALIGNOF_LONG 8
| #define SIZEOF_LONG_LONG 8
| #define SIZEOF_VOID_P 8
| #define SIZEOF_SHORT 2
| #define SIZEOF_FLOAT 4
| #define SIZEOF_DOUBLE 8
| #define SIZEOF_FPOS_T 16
| #define SIZEOF_SIZE_T 8
| #define ALIGNOF_SIZE_T 8
| #define SIZEOF_PID_T 4
| #define SIZEOF_UINTPTR_T 8
| #define ALIGNOF_MAX_ALIGN_T 16
| #define HAVE_LONG_DOUBLE 1
| #define SIZEOF_LONG_DOUBLE 16
| #define SIZEOF__BOOL 1
| #define SIZEOF_OFF_T 8
| #define SIZEOF_TIME_T 8
| #define SIZEOF_PTHREAD_T 8
| #define SIZEOF_PTHREAD_KEY_T 4
| #define PTHREAD_KEY_T_IS_COMPATIBLE_WITH_INT 1
| #define PY_HAVE_PERF_TRAMPOLINE 1
| #define HAVE_LIBDL 1
| #define HAVE_EXECINFO_H 1
| #define HAVE_BACKTRACE 1
| #define HAVE_DLADDR1 1
| #define HAVE_LINK_H 1
| #define HAVE_BACKTRACE 1
| #define HAVE_DLADDR1 1
| #define HAVE_DLFCN_H 1
| #define HAVE_BACKTRACE 1
| #define HAVE_DLADDR1 1
| #define HAVE_UUID_H 1
| #define HAVE_UUID_GENERATE_TIME_SAFE 1
| #define HAVE_FFI_PREP_CIF_VAR 1
| #define HAVE_FFI_PREP_CLOSURE_LOC 1
| #define HAVE_FFI_CLOSURE_ALLOC 1
| #define WITH_DECIMAL_CONTEXTVAR 1
| #define HAVE_LIBSQLITE3 1
| #define HAVE_LIBSQLITE3 1
| #define HAVE_LIBSQLITE3 1
| #define HAVE_LIBSQLITE3 1
| #define HAVE_LIBSQLITE3 1
| #define HAVE_LIBSQLITE3 1
| #define HAVE_LIBSQLITE3 1
| #define HAVE_LIBSQLITE3 1
| #define HAVE_LIBSQLITE3 1
| #define PY_SQLITE_HAVE_SERIALIZE 1
| #define PTHREAD_SYSTEM_SCHED_SUPPORTED 1
| #define HAVE_PTHREAD_SIGMASK 1
| #define HAVE_PTHREAD_GETCPUCLOCKID 1
| #define ENABLE_IPV6 1
| #define HAVE_LINUX_CAN_RAW_FD_FRAMES 1
| #define HAVE_LINUX_CAN_RAW_JOIN_FILTERS 1
| #define WITH_DOC_STRINGS 1
| #define HAVE_STD_ATOMIC 1
| #define HAVE_BUILTIN_ATOMIC 1
| #define WITH_MIMALLOC 1
| #define WITH_PYMALLOC 1
| #define PY_COERCE_C_LOCALE 1
| #define HAVE_DLOPEN 1
| #define HAVE_DYNAMIC_LOADING 1
| #define HAVE_ACCEPT4 1
| #define HAVE_ALARM 1
| #define HAVE_BIND_TEXTDOMAIN_CODESET 1
| #define HAVE_CHMOD 1
| #define HAVE_CHOWN 1
| #define HAVE_CLOCK 1
| #define HAVE_CONFSTR 1
| #define HAVE_COPY_FILE_RANGE 1
| #define HAVE_CTERMID 1
| #define HAVE_DLADDR 1
| #define HAVE_DUP 1
| #define HAVE_DUP3 1
| #define HAVE_EXECV 1
| #define HAVE_EXPLICIT_BZERO 1
| #define HAVE_FACCESSAT 1
| #define HAVE_FCHMOD 1
| #define HAVE_FCHMODAT 1
| #define HAVE_FCHOWN 1
| #define HAVE_FCHOWNAT 1
| #define HAVE_FDOPENDIR 1
| #define HAVE_FEXECVE 1
| #define HAVE_FORK 1
| #define HAVE_FPATHCONF 1
| #define HAVE_FSTATAT 1
| #define HAVE_FTIME 1
| #define HAVE_FTRUNCATE 1
| #define HAVE_FUTIMENS 1
| #define HAVE_FUTIMES 1
| #define HAVE_FUTIMESAT 1
| #define HAVE_GAI_STRERROR 1
| #define HAVE_GETEGID 1
| #define HAVE_GETEUID 1
| #define HAVE_GETGID 1
| #define HAVE_GETGRENT 1
| #define HAVE_GETGRGID 1
| #define HAVE_GETGRGID_R 1
| #define HAVE_GETGRNAM_R 1
| #define HAVE_GETGROUPLIST 1
| #define HAVE_GETHOSTNAME 1
| #define HAVE_GETITIMER 1
| #define HAVE_GETLOADAVG 1
| #define HAVE_GETLOGIN 1
| #define HAVE_GETLOGIN_R 1
| #define HAVE_GETPEERNAME 1
| #define HAVE_GETPGID 1
| #define HAVE_GETPID 1
| #define HAVE_GETPPID 1
| #define HAVE_GETPRIORITY 1
| #define HAVE_GETPWENT 1
| #define HAVE_GETPWNAM_R 1
| #define HAVE_GETPWUID 1
| #define HAVE_GETPWUID_R 1
| #define HAVE_GETRESGID 1
| #define HAVE_GETRESUID 1
| #define HAVE_GETRUSAGE 1
| #define HAVE_GETSID 1
| #define HAVE_GETSPENT 1
| #define HAVE_GETSPNAM 1
| #define HAVE_GETUID 1
| #define HAVE_GETWD 1
| #define HAVE_GRANTPT 1
| #define HAVE_IF_NAMEINDEX 1
| #define HAVE_INITGROUPS 1
| #define HAVE_KILL 1
| #define HAVE_KILLPG 1
| #define HAVE_LCHOWN 1
| #define HAVE_LINKAT 1
| #define HAVE_LOCKF 1
| #define HAVE_LSTAT 1
| #define HAVE_LUTIMES 1
| #define HAVE_MADVISE 1
| #define HAVE_MBRTOWC 1
| #define HAVE_MEMRCHR 1
| #define HAVE_MKDIRAT 1
| #define HAVE_MKFIFO 1
| #define HAVE_MKFIFOAT 1
| #define HAVE_MKNOD 1
| #define HAVE_MKNODAT 1
| #define HAVE_MKTIME 1
| #define HAVE_MMAP 1
| #define HAVE_MREMAP 1
| #define HAVE_NICE 1
| #define HAVE_OPENAT 1
| #define HAVE_OPENDIR 1
| #define HAVE_PATHCONF 1
| #define HAVE_PAUSE 1
| #define HAVE_PIPE 1
| #define HAVE_PIPE2 1
| #define HAVE_POLL 1
| #define HAVE_POSIX_FADVISE 1
| #define HAVE_POSIX_FALLOCATE 1
| #define HAVE_POSIX_OPENPT 1
| #define HAVE_POSIX_SPAWN 1
| #define HAVE_POSIX_SPAWNP 1
| #define HAVE_PREAD 1
| #define HAVE_PREADV 1
| #define HAVE_PREADV2 1
| #define HAVE_PROCESS_VM_READV 1
| #define HAVE_PTHREAD_CONDATTR_SETCLOCK 1
| #define HAVE_PTHREAD_KILL 1
| #define HAVE_PTHREAD_GETNAME_NP 1
| #define HAVE_PTHREAD_SETNAME_NP 1
| #define HAVE_PTHREAD_GETATTR_NP 1
| #define HAVE_PTSNAME 1
| #define HAVE_PTSNAME_R 1
| #define HAVE_PWRITE 1
| #define HAVE_PWRITEV 1
| #define HAVE_PWRITEV2 1
| #define HAVE_READLINK 1
| #define HAVE_READLINKAT 1
| #define HAVE_READV 1
| #define HAVE_REALPATH 1
| #define HAVE_RENAMEAT 1
| #define HAVE_SCHED_GET_PRIORITY_MAX 1
| #define HAVE_SCHED_RR_GET_INTERVAL 1
| #define HAVE_SCHED_SETAFFINITY 1
| #define HAVE_SCHED_SETPARAM 1
| #define HAVE_SCHED_SETSCHEDULER 1
| #define HAVE_SEM_CLOCKWAIT 1
| #define HAVE_SEM_GETVALUE 1
| #define HAVE_SEM_OPEN 1
| #define HAVE_SEM_TIMEDWAIT 1
| #define HAVE_SEM_UNLINK 1
| #define HAVE_SENDFILE 1
| #define HAVE_SETEGID 1
| #define HAVE_SETEUID 1
| #define HAVE_SETGID 1
| #define HAVE_SETHOSTNAME 1
| #define HAVE_SETITIMER 1
| #define HAVE_SETLOCALE 1
| #define HAVE_SETPGID 1
| #define HAVE_SETPGRP 1
| #define HAVE_SETPRIORITY 1
| #define HAVE_SETREGID 1
| #define HAVE_SETRESGID 1
| #define HAVE_SETRESUID 1
| #define HAVE_SETREUID 1
| #define HAVE_SETSID 1
| #define HAVE_SETUID 1
| #define HAVE_SETVBUF 1
| #define HAVE_SHUTDOWN 1
| #define HAVE_SIGACTION 1
| #define HAVE_SIGALTSTACK 1
| #define HAVE_SIGFILLSET 1
| #define HAVE_SIGINTERRUPT 1
| #define HAVE_SIGPENDING 1
| #define HAVE_SIGRELSE 1
| #define HAVE_SIGTIMEDWAIT 1
| #define HAVE_SIGWAIT 1
| #define HAVE_SIGWAITINFO 1
| #define HAVE_SNPRINTF 1
| #define HAVE_SPLICE 1
| #define HAVE_STRFTIME 1
| #define HAVE_STRSIGNAL 1
| #define HAVE_SYMLINKAT 1
| #define HAVE_SYNC 1
| #define HAVE_SYSCONF 1
| #define HAVE_TCGETPGRP 1
| #define HAVE_TCSETPGRP 1
| #define HAVE_TEMPNAM 1
| #define HAVE_TIMEGM 1
| #define HAVE_TIMES 1
| #define HAVE_TMPFILE 1
| #define HAVE_TMPNAM 1
| #define HAVE_TMPNAM_R 1
| #define HAVE_TRUNCATE 1
| #define HAVE_TTYNAME_R 1
| #define HAVE_UMASK 1
| #define HAVE_UNAME 1
| #define HAVE_UNLINKAT 1
| #define HAVE_UNLOCKPT 1
| #define HAVE_UTIMENSAT 1
| #define HAVE_UTIMES 1
| #define HAVE_VFORK 1
| #define HAVE_WAIT 1
| #define HAVE_WAIT3 1
| #define HAVE_WAIT4 1
| #define HAVE_WAITID 1
| #define HAVE_WAITPID 1
| #define HAVE_WCSCOLL 1
| #define HAVE_WCSFTIME 1
| #define HAVE_WCSXFRM 1
| #define HAVE_WMEMCMP 1
| #define HAVE_WRITEV 1
| #define HAVE_GETENTROPY 1
| #define HAVE_GETGROUPS 1
| #define HAVE_SYSTEM 1
| #define HAVE_DIRFD 1
| #define HAVE_CHROOT 1
| #define HAVE_LINK 1
| #define HAVE_SYMLINK 1
| #define HAVE_FCHDIR 1
| #define HAVE_FSYNC 1
| #define HAVE_FDATASYNC 1
| #define HAVE_EPOLL 1
| #define HAVE_EPOLL_CREATE1 1
| #define HAVE_PRLIMIT 1
| #define HAVE_MEMFD_CREATE 1
| #define HAVE_EVENTFD 1
| #define HAVE_TIMERFD_CREATE 1
| #define HAVE_FLOCK 1
| #define HAVE_GETPAGESIZE 1
| #define HAVE_ZLIB_COPY 1
| #define HAVE_HSTRERROR 1
| #define HAVE_GETSERVBYNAME 1
| #define HAVE_GETSERVBYPORT 1
| #define HAVE_GETHOSTBYNAME 1
| #define HAVE_GETHOSTBYADDR 1
| #define HAVE_GETPROTOBYNAME 1
| #define HAVE_INET_ATON 1
| #define HAVE_INET_NTOA 1
| #define HAVE_INET_PTON 1
| #define HAVE_GETPEERNAME 1
| #define HAVE_GETSOCKNAME 1
| #define HAVE_ACCEPT 1
| #define HAVE_BIND 1
| #define HAVE_CONNECT 1
| #define HAVE_LISTEN 1
| #define HAVE_RECVFROM 1
| #define HAVE_SENDTO 1
| #define HAVE_SETSOCKOPT 1
| #define HAVE_SOCKET 1
| #define HAVE_SETGROUPS 1
| #define HAVE_DECL_UT_NAMESIZE 1
| #define HAVE_UT_NAMESIZE 1
| #define HAVE_OPENPTY 1
| #define HAVE_LOGIN_TTY 1
| #define HAVE_FORKPTY 1
| #define HAVE_FSEEKO 1
| #define HAVE_FSTATVFS 1
| #define HAVE_FTELLO 1
| #define HAVE_STATVFS 1
| #define HAVE_DUP2 1
| #define HAVE_GETPGRP 1
| #define HAVE_SETPGRP 1
| #define HAVE_SETNS 1
| #define HAVE_UNSHARE 1
| #define HAVE_CLOCK_GETTIME 1
| #define HAVE_CLOCK_GETRES 1
| #define HAVE_CLOCK_SETTIME 1
| #define HAVE_CLOCK_NANOSLEEP 1
| #define HAVE_NANOSLEEP 1
| #define HAVE_DEVICE_MACROS 1
| #define SYS_SELECT_WITH_SYS_TIME 1
| #define HAVE_GETADDRINFO 1
| #define HAVE_GETNAMEINFO 1
| #define HAVE_STRUCT_TM_TM_ZONE 1
| #define HAVE_TM_ZONE 1
| #define HAVE_STRUCT_STAT_ST_RDEV 1
| #define HAVE_STRUCT_STAT_ST_BLKSIZE 1
| /* end confdefs.h.  */
| #include <stddef.h>
| #ifdef HAVE_STDIO_H
| # include <stdio.h>
| #endif
| #ifdef HAVE_STDLIB_H
| # include <stdlib.h>
| #endif
| #ifdef HAVE_STRING_H
| # include <string.h>
| #endif
| #ifdef HAVE_INTTYPES_H
| # include <inttypes.h>
| #endif
| #ifdef HAVE_STDINT_H
| # include <stdint.h>
| #endif
| #ifdef HAVE_STRINGS_H
| # include <strings.h>
| #endif
| #ifdef HAVE_SYS_TYPES_H
| # include <sys/types.h>
| #endif
| #ifdef HAVE_SYS_STAT_H
| # include <sys/stat.h>
| #endif
| #ifdef HAVE_UNISTD_H
| # include <unistd.h>
| #endif
| int
| main (void)
| {
| static struct stat ac_aggr;
| if (ac_aggr.st_birthtime)
| return 0;
|   ;
|   return 0;
| }
configure:25046: gcc -pthread -c   conftest.c >&5
conftest.c: In function 'main':
conftest.c:471:19: error: 'struct stat' has no member named 'st_birthtime'
  471 | if (sizeof ac_aggr.st_birthtime)
      |                   ^
configure:25046: $? = 1
configure: failed program was:
| /* confdefs.h */
| #define _NETBSD_SOURCE 1
| #define __BSD_VISIBLE 1
| #define _DARWIN_C_SOURCE 1
| #define _PYTHONFRAMEWORK ""
| #define _XOPEN_SOURCE 700
| #define _XOPEN_SOURCE_EXTENDED 1
| #define _POSIX_C_SOURCE 200809L
| #define HAVE_STDIO_H 1
| #define HAVE_STDLIB_H 1
| #define HAVE_STRING_H 1
| #define HAVE_INTTYPES_H 1
| #define HAVE_STDINT_H 1
| #define HAVE_STRINGS_H 1
| #define HAVE_SYS_STAT_H 1
| #define HAVE_SYS_TYPES_H 1
| #define HAVE_UNISTD_H 1
| #define HAVE_WCHAR_H 1
| #define STDC_HEADERS 1
| #define _ALL_SOURCE 1
| #define _DARWIN_C_SOURCE 1
| #define _GNU_SOURCE 1
| #define _HPUX_ALT_XOPEN_SOCKET_API 1
| #define _NETBSD_SOURCE 1
| #define _OPENBSD_SOURCE 1
| #define _POSIX_PTHREAD_SEMANTICS 1
| #define __STDC_WANT_IEC_60559_ATTRIBS_EXT__ 1
| #define __STDC_WANT_IEC_60559_BFP_EXT__ 1
| #define __STDC_WANT_IEC_60559_DFP_EXT__ 1
| #define __STDC_WANT_IEC_60559_EXT__ 1
| #define __STDC_WANT_IEC_60559_FUNCS_EXT__ 1
| #define __STDC_WANT_IEC_60559_TYPES_EXT__ 1
| #define __STDC_WANT_LIB_EXT2__ 1
| #define __STDC_WANT_MATH_SPEC_FUNCS__ 1
| #define _TANDEM_SOURCE 1
| #define __EXTENSIONS__ 1
| #define _Py_STACK_GROWS_DOWN 1
| #define PY_SUPPORT_TIER 1
| #define STDC_HEADERS 1
| #define HAVE_ALLOCA_H 1
| #define HAVE_ASM_TYPES_H 1
| #define HAVE_DLFCN_H 1
| #define HAVE_ENDIAN_H 1
| #define HAVE_ERRNO_H 1
| #define HAVE_FCNTL_H 1
| #define HAVE_GRP_H 1
| #define HAVE_LANGINFO_H 1
| #define HAVE_LIBINTL_H 1
| #define HAVE_LINUX_AUXVEC_H 1
| #define HAVE_SYS_AUXV_H 1
| #define HAVE_LINUX_FS_H 1
| #define HAVE_LINUX_LIMITS_H 1
| #define HAVE_LINUX_MEMFD_H 1
| #define HAVE_LINUX_NETFILTER_IPV4_H 1
| #define HAVE_LINUX_RANDOM_H 1
| #define HAVE_LINUX_SOUNDCARD_H 1
| #define HAVE_LINUX_SCHED_H 1
| #define HAVE_LINUX_TIPC_H 1
| #define HAVE_LINUX_WAIT_H 1
| #define HAVE_NETDB_H 1
| #define HAVE_NET_ETHERNET_H 1
| #define HAVE_NETINET_IN_H 1
| #define HAVE_NETPACKET_PACKET_H 1
| #define HAVE_POLL_H 1
| #define HAVE_PTHREAD_H 1
| #define HAVE_PTY_H 1
| #define HAVE_SCHED_H 1
| #define HAVE_SETJMP_H 1
| #define HAVE_SHADOW_H 1
| #define HAVE_SIGNAL_H 1
| #define HAVE_SPAWN_H 1
| #define HAVE_SYS_EPOLL_H 1
| #define HAVE_SYS_EVENTFD_H 1
| #define HAVE_SYS_FILE_H 1
| #define HAVE_SYS_IOCTL_H 1
| #define HAVE_SYS_MMAN_H 1
| #define HAVE_SYS_PARAM_H 1
| #define HAVE_SYS_POLL_H 1
| #define HAVE_SYS_RANDOM_H 1
| #define HAVE_SYS_RESOURCE_H 1
| #define HAVE_SYS_SELECT_H 1
| #define HAVE_SYS_SENDFILE_H 1
| #define HAVE_SYS_SOCKET_H 1
| #define HAVE_SYS_SOUNDCARD_H 1
| #define HAVE_SYS_STAT_H 1
| #define HAVE_SYS_STATVFS_H 1
| #define HAVE_SYS_SYSCALL_H 1
| #define HAVE_SYS_SYSMACROS_H 1
| #define HAVE_SYS_TIME_H 1
| #define HAVE_SYS_TIMES_H 1
| #define HAVE_SYS_TIMERFD_H 1
| #define HAVE_SYS_TYPES_H 1
| #define HAVE_SYS_UIO_H 1
| #define HAVE_SYS_UN_H 1
| #define HAVE_SYS_UTSNAME_H 1
| #define HAVE_SYS_WAIT_H 1
| #define HAVE_SYS_XATTR_H 1
| #define HAVE_SYSEXITS_H 1
| #define HAVE_SYSLOG_H 1
| #define HAVE_TERMIOS_H 1
| #define HAVE_UTIME_H 1
| #define HAVE_UTMP_H 1
| #define HAVE_DIRENT_H 1
| #define MAJOR_IN_SYSMACROS 1
| #define HAVE_NET_IF_H 1
| #define HAVE_LINUX_NETLINK_H 1
| #define HAVE_LINUX_QRTR_H 1
| #define HAVE_LINUX_VM_SOCKETS_H 1
| #define HAVE_LINUX_CAN_H 1
| #define HAVE_LINUX_CAN_BCM_H 1
| #define HAVE_LINUX_CAN_J1939_H 1
| #define HAVE_LINUX_CAN_RAW_H 1
| #define HAVE_CLOCK_T 1
| #define HAVE_MAKEDEV 1
| #define HAVE_HTOLE64 1
| #define _LARGEFILE_SOURCE 1
| #define _FILE_OFFSET_BITS 64
| #if defined(SCO_DS)
| #undef _OFF_T
| #endif
| #define RETSIGTYPE void
| #define HAVE_SSIZE_T 1
| #define HAVE___UINT128_T 1
| #define HAVE_GCC_UINT128_T 1
| #define SIZEOF_INT 4
| #define SIZEOF_LONG 8
| #define ALIGNOF_LONG 8
| #define SIZEOF_LONG_LONG 8
| #define SIZEOF_VOID_P 8
| #define SIZEOF_SHORT 2
| #define SIZEOF_FLOAT 4
| #define SIZEOF_DOUBLE 8
| #define SIZEOF_FPOS_T 16
| #define SIZEOF_SIZE_T 8
| #define ALIGNOF_SIZE_T 8
| #define SIZEOF_PID_T 4
| #define SIZEOF_UINTPTR_T 8
| #define ALIGNOF_MAX_ALIGN_T 16
| #define HAVE_LONG_DOUBLE 1
| #define SIZEOF_LONG_DOUBLE 16
| #define SIZEOF__BOOL 1
| #define SIZEOF_OFF_T 8
| #define SIZEOF_TIME_T 8
| #define SIZEOF_PTHREAD_T 8
| #define SIZEOF_PTHREAD_KEY_T 4
| #define PTHREAD_KEY_T_IS_COMPATIBLE_WITH_INT 1
| #define PY_HAVE_PERF_TRAMPOLINE 1
| #define HAVE_LIBDL 1
| #define HAVE_EXECINFO_H 1
| #define HAVE_BACKTRACE 1
| #define HAVE_DLADDR1 1
| #define HAVE_LINK_H 1
| #define HAVE_BACKTRACE 1
| #define HAVE_DLADDR1 1
| #define HAVE_DLFCN_H 1
| #define HAVE_BACKTRACE 1
| #define HAVE_DLADDR1 1
| #define HAVE_UUID_H 1
| #define HAVE_UUID_GENERATE_TIME_SAFE 1
| #define HAVE_FFI_PREP_CIF_VAR 1
| #define HAVE_FFI_PREP_CLOSURE_LOC 1
| #define HAVE_FFI_CLOSURE_ALLOC 1
| #define WITH_DECIMAL_CONTEXTVAR 1
| #define HAVE_LIBSQLITE3 1
| #define HAVE_LIBSQLITE3 1
| #define HAVE_LIBSQLITE3 1
| #define HAVE_LIBSQLITE3 1
| #define HAVE_LIBSQLITE3 1
| #define HAVE_LIBSQLITE3 1
| #define HAVE_LIBSQLITE3 1
| #define HAVE_LIBSQLITE3 1
| #define HAVE_LIBSQLITE3 1
| #define PY_SQLITE_HAVE_SERIALIZE 1
| #define PTHREAD_SYSTEM_SCHED_SUPPORTED 1
| #define HAVE_PTHREAD_SIGMASK 1
| #define HAVE_PTHREAD_GETCPUCLOCKID 1
| #define ENABLE_IPV6 1
| #define HAVE_LINUX_CAN_RAW_FD_FRAMES 1
| #define HAVE_LINUX_CAN_RAW_JOIN_FILTERS 1
| #define WITH_DOC_STRINGS 1
| #define HAVE_STD_ATOMIC 1
| #define HAVE_BUILTIN_ATOMIC 1
| #define WITH_MIMALLOC 1
| #define WITH_PYMALLOC 1
| #define PY_COERCE_C_LOCALE 1
| #define HAVE_DLOPEN 1
| #define HAVE_DYNAMIC_LOADING 1
| #define HAVE_ACCEPT4 1
| #define HAVE_ALARM 1
| #define HAVE_BIND_TEXTDOMAIN_CODESET 1
| #define HAVE_CHMOD 1
| #define HAVE_CHOWN 1
| #define HAVE_CLOCK 1
| #define HAVE_CONFSTR 1
| #define HAVE_COPY_FILE_RANGE 1
| #define HAVE_CTERMID 1
| #define HAVE_DLADDR 1
| #define HAVE_DUP 1
| #define HAVE_DUP3 1
| #define HAVE_EXECV 1
| #define HAVE_EXPLICIT_BZERO 1
| #define HAVE_FACCESSAT 1
| #define HAVE_FCHMOD 1
| #define HAVE_FCHMODAT 1
| #define HAVE_FCHOWN 1
| #define HAVE_FCHOWNAT 1
| #define HAVE_FDOPENDIR 1
| #define HAVE_FEXECVE 1
| #define HAVE_FORK 1
| #define HAVE_FPATHCONF 1
| #define HAVE_FSTATAT 1
| #define HAVE_FTIME 1
| #define HAVE_FTRUNCATE 1
| #define HAVE_FUTIMENS 1
| #define HAVE_FUTIMES 1
| #define HAVE_FUTIMESAT 1
| #define HAVE_GAI_STRERROR 1
| #define HAVE_GETEGID 1
| #define HAVE_GETEUID 1
| #define HAVE_GETGID 1
| #define HAVE_GETGRENT 1
| #define HAVE_GETGRGID 1
| #define HAVE_GETGRGID_R 1
| #define HAVE_GETGRNAM_R 1
| #define HAVE_GETGROUPLIST 1
| #define HAVE_GETHOSTNAME 1
| #define HAVE_GETITIMER 1
| #define HAVE_GETLOADAVG 1
| #define HAVE_GETLOGIN 1
| #define HAVE_GETLOGIN_R 1
| #define HAVE_GETPEERNAME 1
| #define HAVE_GETPGID 1
| #define HAVE_GETPID 1
| #define HAVE_GETPPID 1
| #define HAVE_GETPRIORITY 1
| #define HAVE_GETPWENT 1
| #define HAVE_GETPWNAM_R 1
| #define HAVE_GETPWUID 1
| #define HAVE_GETPWUID_R 1
| #define HAVE_GETRESGID 1
| #define HAVE_GETRESUID 1
| #define HAVE_GETRUSAGE 1
| #define HAVE_GETSID 1
| #define HAVE_GETSPENT 1
| #define HAVE_GETSPNAM 1
| #define HAVE_GETUID 1
| #define HAVE_GETWD 1
| #define HAVE_GRANTPT 1
| #define HAVE_IF_NAMEINDEX 1
| #define HAVE_INITGROUPS 1
| #define HAVE_KILL 1
| #define HAVE_KILLPG 1
| #define HAVE_LCHOWN 1
| #define HAVE_LINKAT 1
| #define HAVE_LOCKF 1
| #define HAVE_LSTAT 1
| #define HAVE_LUTIMES 1
| #define HAVE_MADVISE 1
| #define HAVE_MBRTOWC 1
| #define HAVE_MEMRCHR 1
| #define HAVE_MKDIRAT 1
| #define HAVE_MKFIFO 1
| #define HAVE_MKFIFOAT 1
| #define HAVE_MKNOD 1
| #define HAVE_MKNODAT 1
| #define HAVE_MKTIME 1
| #define HAVE_MMAP 1
| #define HAVE_MREMAP 1
| #define HAVE_NICE 1
| #define HAVE_OPENAT 1
| #define HAVE_OPENDIR 1
| #define HAVE_PATHCONF 1
| #define HAVE_PAUSE 1
| #define HAVE_PIPE 1
| #define HAVE_PIPE2 1
| #define HAVE_POLL 1
| #define HAVE_POSIX_FADVISE 1
| #define HAVE_POSIX_FALLOCATE 1
| #define HAVE_POSIX_OPENPT 1
| #define HAVE_POSIX_SPAWN 1
| #define HAVE_POSIX_SPAWNP 1
| #define HAVE_PREAD 1
| #define HAVE_PREADV 1
| #define HAVE_PREADV2 1
| #define HAVE_PROCESS_VM_READV 1
| #define HAVE_PTHREAD_CONDATTR_SETCLOCK 1
| #define HAVE_PTHREAD_KILL 1
| #define HAVE_PTHREAD_GETNAME_NP 1
| #define HAVE_PTHREAD_SETNAME_NP 1
| #define HAVE_PTHREAD_GETATTR_NP 1
| #define HAVE_PTSNAME 1
| #define HAVE_PTSNAME_R 1
| #define HAVE_PWRITE 1
| #define HAVE_PWRITEV 1
| #define HAVE_PWRITEV2 1
| #define HAVE_READLINK 1
| #define HAVE_READLINKAT 1
| #define HAVE_READV 1
| #define HAVE_REALPATH 1
| #define HAVE_RENAMEAT 1
| #define HAVE_SCHED_GET_PRIORITY_MAX 1
| #define HAVE_SCHED_RR_GET_INTERVAL 1
| #define HAVE_SCHED_SETAFFINITY 1
| #define HAVE_SCHED_SETPARAM 1
| #define HAVE_SCHED_SETSCHEDULER 1
| #define HAVE_SEM_CLOCKWAIT 1
| #define HAVE_SEM_GETVALUE 1
| #define HAVE_SEM_OPEN 1
| #define HAVE_SEM_TIMEDWAIT 1
| #define HAVE_SEM_UNLINK 1
| #define HAVE_SENDFILE 1
| #define HAVE_SETEGID 1
| #define HAVE_SETEUID 1
| #define HAVE_SETGID 1
| #define HAVE_SETHOSTNAME 1
| #define HAVE_SETITIMER 1
| #define HAVE_SETLOCALE 1
| #define HAVE_SETPGID 1
| #define HAVE_SETPGRP 1
| #define HAVE_SETPRIORITY 1
| #define HAVE_SETREGID 1
| #define HAVE_SETRESGID 1
| #define HAVE_SETRESUID 1
| #define HAVE_SETREUID 1
| #define HAVE_SETSID 1
| #define HAVE_SETUID 1
| #define HAVE_SETVBUF 1
| #define HAVE_SHUTDOWN 1
| #define HAVE_SIGACTION 1
| #define HAVE_SIGALTSTACK 1
| #define HAVE_SIGFILLSET 1
| #define HAVE_SIGINTERRUPT 1
| #define HAVE_SIGPENDING 1
| #define HAVE_SIGRELSE 1
| #define HAVE_SIGTIMEDWAIT 1
| #define HAVE_SIGWAIT 1
| #define HAVE_SIGWAITINFO 1
| #define HAVE_SNPRINTF 1
| #define HAVE_SPLICE 1
| #define HAVE_STRFTIME 1
| #define HAVE_STRSIGNAL 1
| #define HAVE_SYMLINKAT 1
| #define HAVE_SYNC 1
| #define HAVE_SYSCONF 1
| #define HAVE_TCGETPGRP 1
| #define HAVE_TCSETPGRP 1
| #define HAVE_TEMPNAM 1
| #define HAVE_TIMEGM 1
| #define HAVE_TIMES 1
| #define HAVE_TMPFILE 1
| #define HAVE_TMPNAM 1
| #define HAVE_TMPNAM_R 1
| #define HAVE_TRUNCATE 1
| #define HAVE_TTYNAME_R 1
| #define HAVE_UMASK 1
| #define HAVE_UNAME 1
| #define HAVE_UNLINKAT 1
| #define HAVE_UNLOCKPT 1
| #define HAVE_UTIMENSAT 1
| #define HAVE_UTIMES 1
| #define HAVE_VFORK 1
| #define HAVE_WAIT 1
| #define HAVE_WAIT3 1
| #define HAVE_WAIT4 1
| #define HAVE_WAITID 1
| #define HAVE_WAITPID 1
| #define HAVE_WCSCOLL 1
| #define HAVE_WCSFTIME 1
| #define HAVE_WCSXFRM 1
| #define HAVE_WMEMCMP 1
| #define HAVE_WRITEV 1
| #define HAVE_GETENTROPY 1
| #define HAVE_GETGROUPS 1
| #define HAVE_SYSTEM 1
| #define HAVE_DIRFD 1
| #define HAVE_CHROOT 1
| #define HAVE_LINK 1
| #define HAVE_SYMLINK 1
| #define HAVE_FCHDIR 1
| #define HAVE_FSYNC 1
| #define HAVE_FDATASYNC 1
| #define HAVE_EPOLL 1
| #define HAVE_EPOLL_CREATE1 1
| #define HAVE_PRLIMIT 1
| #define HAVE_MEMFD_CREATE 1
| #define HAVE_EVENTFD 1
| #define HAVE_TIMERFD_CREATE 1
| #define HAVE_FLOCK 1
| #define HAVE_GETPAGESIZE 1
| #define HAVE_ZLIB_COPY 1
| #define HAVE_HSTRERROR 1
| #define HAVE_GETSERVBYNAME 1
| #define HAVE_GETSERVBYPORT 1
| #define HAVE_GETHOSTBYNAME 1
| #define HAVE_GETHOSTBYADDR 1
| #define HAVE_GETPROTOBYNAME 1
| #define HAVE_INET_ATON 1
| #define HAVE_INET_NTOA 1
| #define HAVE_INET_PTON 1
| #define HAVE_GETPEERNAME 1
| #define HAVE_GETSOCKNAME 1
| #define HAVE_ACCEPT 1
| #define HAVE_BIND 1
| #define HAVE_CONNECT 1
| #define HAVE_LISTEN 1
| #define HAVE_RECVFROM 1
| #define HAVE_SENDTO 1
| #define HAVE_SETSOCKOPT 1
| #define HAVE_SOCKET 1
| #define HAVE_SETGROUPS 1
| #define HAVE_DECL_UT_NAMESIZE 1
| #define HAVE_UT_NAMESIZE 1
| #define HAVE_OPENPTY 1
| #define HAVE_LOGIN_TTY 1
| #define HAVE_FORKPTY 1
| #define HAVE_FSEEKO 1
| #define HAVE_FSTATVFS 1
| #define HAVE_FTELLO 1
| #define HAVE_STATVFS 1
| #define HAVE_DUP2 1
| #define HAVE_GETPGRP 1
| #define HAVE_SETPGRP 1
| #define HAVE_SETNS 1
| #define HAVE_UNSHARE 1
| #define HAVE_CLOCK_GETTIME 1
| #define HAVE_CLOCK_GETRES 1
| #define HAVE_CLOCK_SETTIME 1
| #define HAVE_CLOCK_NANOSLEEP 1
| #define HAVE_NANOSLEEP 1
| #define HAVE_DEVICE_MACROS 1
| #define SYS_SELECT_WITH_SYS_TIME 1
| #define HAVE_GETADDRINFO 1
| #define HAVE_GETNAMEINFO 1
| #define HAVE_STRUCT_TM_TM_ZONE 1
| #define HAVE_TM_ZONE 1
| #define HAVE_STRUCT_STAT_ST_RDEV 1
| #define HAVE_STRUCT_STAT_ST_BLKSIZE 1
| /* end confdefs.h.  */
| #include <stddef.h>
| #ifdef HAVE_STDIO_H
| # include <stdio.h>
| #endif
| #ifdef HAVE_STDLIB_H
| # include <stdlib.h>
| #endif
| #ifdef HAVE_STRING_H
| # include <string.h>
| #endif
| #ifdef HAVE_INTTYPES_H
| # include <inttypes.h>
| #endif
| #ifdef HAVE_STDINT_H
| # include <stdint.h>
| #endif
| #ifdef HAVE_STRINGS_H
| # include <strings.h>
| #endif
| #ifdef HAVE_SYS_TYPES_H
| # include <sys/types.h>
| #endif
| #ifdef HAVE_SYS_STAT_H
| # include <sys/stat.h>
| #endif
| #ifdef HAVE_UNISTD_H
| # include <unistd.h>
| #endif
| int
| main (void)
| {
| static struct stat ac_aggr;
| if (sizeof ac_aggr.st_birthtime)
| return 0;
|   ;
|   return 0;
| }
configure:25046: result: no
configure:25055: checking for struct stat.st_blocks
configure:25055: gcc -pthread -c   conftest.c >&5
configure:25055: $? = 0
configure:25055: result: yes
configure:25064: checking for struct passwd.pw_gecos
configure:25064: gcc -pthread -c   conftest.c >&5
configure:25064: $? = 0
configure:25064: result: yes
configure:25076: checking for struct passwd.pw_passwd
configure:25076: gcc -pthread -c   conftest.c >&5
configure:25076: $? = 0
configure:25076: result: yes
configure:25090: checking for siginfo_t.si_band
configure:25090: gcc -pthread -c   conftest.c >&5
configure:25090: $? = 0
configure:25090: result: yes
configure:25101: checking for time.h that defines altzone
configure:25119: gcc -pthread -c   conftest.c >&5
conftest.c: In function 'main':
conftest.c:447:8: error: 'altzone' undeclared (first use in this function)
  447 | return altzone;
      |        ^~~~~~~
conftest.c:447:8: note: each undeclared identifier is reported only once for each function it appears in
configure:25119: $? = 1
configure: failed program was:
| /* confdefs.h */
| #define _NETBSD_SOURCE 1
| #define __BSD_VISIBLE 1
| #define _DARWIN_C_SOURCE 1
| #define _PYTHONFRAMEWORK ""
| #define _XOPEN_SOURCE 700
| #define _XOPEN_SOURCE_EXTENDED 1
| #define _POSIX_C_SOURCE 200809L
| #define HAVE_STDIO_H 1
| #define HAVE_STDLIB_H 1
| #define HAVE_STRING_H 1
| #define HAVE_INTTYPES_H 1
| #define HAVE_STDINT_H 1
| #define HAVE_STRINGS_H 1
| #define HAVE_SYS_STAT_H 1
| #define HAVE_SYS_TYPES_H 1
| #define HAVE_UNISTD_H 1
| #define HAVE_WCHAR_H 1
| #define STDC_HEADERS 1
| #define _ALL_SOURCE 1
| #define _DARWIN_C_SOURCE 1
| #define _GNU_SOURCE 1
| #define _HPUX_ALT_XOPEN_SOCKET_API 1
| #define _NETBSD_SOURCE 1
| #define _OPENBSD_SOURCE 1
| #define _POSIX_PTHREAD_SEMANTICS 1
| #define __STDC_WANT_IEC_60559_ATTRIBS_EXT__ 1
| #define __STDC_WANT_IEC_60559_BFP_EXT__ 1
| #define __STDC_WANT_IEC_60559_DFP_EXT__ 1
| #define __STDC_WANT_IEC_60559_EXT__ 1
| #define __STDC_WANT_IEC_60559_FUNCS_EXT__ 1
| #define __STDC_WANT_IEC_60559_TYPES_EXT__ 1
| #define __STDC_WANT_LIB_EXT2__ 1
| #define __STDC_WANT_MATH_SPEC_FUNCS__ 1
| #define _TANDEM_SOURCE 1
| #define __EXTENSIONS__ 1
| #define _Py_STACK_GROWS_DOWN 1
| #define PY_SUPPORT_TIER 1
| #define STDC_HEADERS 1
| #define HAVE_ALLOCA_H 1
| #define HAVE_ASM_TYPES_H 1
| #define HAVE_DLFCN_H 1
| #define HAVE_ENDIAN_H 1
| #define HAVE_ERRNO_H 1
| #define HAVE_FCNTL_H 1
| #define HAVE_GRP_H 1
| #define HAVE_LANGINFO_H 1
| #define HAVE_LIBINTL_H 1
| #define HAVE_LINUX_AUXVEC_H 1
| #define HAVE_SYS_AUXV_H 1
| #define HAVE_LINUX_FS_H 1
| #define HAVE_LINUX_LIMITS_H 1
| #define HAVE_LINUX_MEMFD_H 1
| #define HAVE_LINUX_NETFILTER_IPV4_H 1
| #define HAVE_LINUX_RANDOM_H 1
| #define HAVE_LINUX_SOUNDCARD_H 1
| #define HAVE_LINUX_SCHED_H 1
| #define HAVE_LINUX_TIPC_H 1
| #define HAVE_LINUX_WAIT_H 1
| #define HAVE_NETDB_H 1
| #define HAVE_NET_ETHERNET_H 1
| #define HAVE_NETINET_IN_H 1
| #define HAVE_NETPACKET_PACKET_H 1
| #define HAVE_POLL_H 1
| #define HAVE_PTHREAD_H 1
| #define HAVE_PTY_H 1
| #define HAVE_SCHED_H 1
| #define HAVE_SETJMP_H 1
| #define HAVE_SHADOW_H 1
| #define HAVE_SIGNAL_H 1
| #define HAVE_SPAWN_H 1
| #define HAVE_SYS_EPOLL_H 1
| #define HAVE_SYS_EVENTFD_H 1
| #define HAVE_SYS_FILE_H 1
| #define HAVE_SYS_IOCTL_H 1
| #define HAVE_SYS_MMAN_H 1
| #define HAVE_SYS_PARAM_H 1
| #define HAVE_SYS_POLL_H 1
| #define HAVE_SYS_RANDOM_H 1
| #define HAVE_SYS_RESOURCE_H 1
| #define HAVE_SYS_SELECT_H 1
| #define HAVE_SYS_SENDFILE_H 1
| #define HAVE_SYS_SOCKET_H 1
| #define HAVE_SYS_SOUNDCARD_H 1
| #define HAVE_SYS_STAT_H 1
| #define HAVE_SYS_STATVFS_H 1
| #define HAVE_SYS_SYSCALL_H 1
| #define HAVE_SYS_SYSMACROS_H 1
| #define HAVE_SYS_TIME_H 1
| #define HAVE_SYS_TIMES_H 1
| #define HAVE_SYS_TIMERFD_H 1
| #define HAVE_SYS_TYPES_H 1
| #define HAVE_SYS_UIO_H 1
| #define HAVE_SYS_UN_H 1
| #define HAVE_SYS_UTSNAME_H 1
| #define HAVE_SYS_WAIT_H 1
| #define HAVE_SYS_XATTR_H 1
| #define HAVE_SYSEXITS_H 1
| #define HAVE_SYSLOG_H 1
| #define HAVE_TERMIOS_H 1
| #define HAVE_UTIME_H 1
| #define HAVE_UTMP_H 1
| #define HAVE_DIRENT_H 1
| #define MAJOR_IN_SYSMACROS 1
| #define HAVE_NET_IF_H 1
| #define HAVE_LINUX_NETLINK_H 1
| #define HAVE_LINUX_QRTR_H 1
| #define HAVE_LINUX_VM_SOCKETS_H 1
| #define HAVE_LINUX_CAN_H 1
| #define HAVE_LINUX_CAN_BCM_H 1
| #define HAVE_LINUX_CAN_J1939_H 1
| #define HAVE_LINUX_CAN_RAW_H 1
| #define HAVE_CLOCK_T 1
| #define HAVE_MAKEDEV 1
| #define HAVE_HTOLE64 1
| #define _LARGEFILE_SOURCE 1
| #define _FILE_OFFSET_BITS 64
| #if defined(SCO_DS)
| #undef _OFF_T
| #endif
| #define RETSIGTYPE void
| #define HAVE_SSIZE_T 1
| #define HAVE___UINT128_T 1
| #define HAVE_GCC_UINT128_T 1
| #define SIZEOF_INT 4
| #define SIZEOF_LONG 8
| #define ALIGNOF_LONG 8
| #define SIZEOF_LONG_LONG 8
| #define SIZEOF_VOID_P 8
| #define SIZEOF_SHORT 2
| #define SIZEOF_FLOAT 4
| #define SIZEOF_DOUBLE 8
| #define SIZEOF_FPOS_T 16
| #define SIZEOF_SIZE_T 8
| #define ALIGNOF_SIZE_T 8
| #define SIZEOF_PID_T 4
| #define SIZEOF_UINTPTR_T 8
| #define ALIGNOF_MAX_ALIGN_T 16
| #define HAVE_LONG_DOUBLE 1
| #define SIZEOF_LONG_DOUBLE 16
| #define SIZEOF__BOOL 1
| #define SIZEOF_OFF_T 8
| #define SIZEOF_TIME_T 8
| #define SIZEOF_PTHREAD_T 8
| #define SIZEOF_PTHREAD_KEY_T 4
| #define PTHREAD_KEY_T_IS_COMPATIBLE_WITH_INT 1
| #define PY_HAVE_PERF_TRAMPOLINE 1
| #define HAVE_LIBDL 1
| #define HAVE_EXECINFO_H 1
| #define HAVE_BACKTRACE 1
| #define HAVE_DLADDR1 1
| #define HAVE_LINK_H 1
| #define HAVE_BACKTRACE 1
| #define HAVE_DLADDR1 1
| #define HAVE_DLFCN_H 1
| #define HAVE_BACKTRACE 1
| #define HAVE_DLADDR1 1
| #define HAVE_UUID_H 1
| #define HAVE_UUID_GENERATE_TIME_SAFE 1
| #define HAVE_FFI_PREP_CIF_VAR 1
| #define HAVE_FFI_PREP_CLOSURE_LOC 1
| #define HAVE_FFI_CLOSURE_ALLOC 1
| #define WITH_DECIMAL_CONTEXTVAR 1
| #define HAVE_LIBSQLITE3 1
| #define HAVE_LIBSQLITE3 1
| #define HAVE_LIBSQLITE3 1
| #define HAVE_LIBSQLITE3 1
| #define HAVE_LIBSQLITE3 1
| #define HAVE_LIBSQLITE3 1
| #define HAVE_LIBSQLITE3 1
| #define HAVE_LIBSQLITE3 1
| #define HAVE_LIBSQLITE3 1
| #define PY_SQLITE_HAVE_SERIALIZE 1
| #define PTHREAD_SYSTEM_SCHED_SUPPORTED 1
| #define HAVE_PTHREAD_SIGMASK 1
| #define HAVE_PTHREAD_GETCPUCLOCKID 1
| #define ENABLE_IPV6 1
| #define HAVE_LINUX_CAN_RAW_FD_FRAMES 1
| #define HAVE_LINUX_CAN_RAW_JOIN_FILTERS 1
| #define WITH_DOC_STRINGS 1
| #define HAVE_STD_ATOMIC 1
| #define HAVE_BUILTIN_ATOMIC 1
| #define WITH_MIMALLOC 1
| #define WITH_PYMALLOC 1
| #define PY_COERCE_C_LOCALE 1
| #define HAVE_DLOPEN 1
| #define HAVE_DYNAMIC_LOADING 1
| #define HAVE_ACCEPT4 1
| #define HAVE_ALARM 1
| #define HAVE_BIND_TEXTDOMAIN_CODESET 1
| #define HAVE_CHMOD 1
| #define HAVE_CHOWN 1
| #define HAVE_CLOCK 1
| #define HAVE_CONFSTR 1
| #define HAVE_COPY_FILE_RANGE 1
| #define HAVE_CTERMID 1
| #define HAVE_DLADDR 1
| #define HAVE_DUP 1
| #define HAVE_DUP3 1
| #define HAVE_EXECV 1
| #define HAVE_EXPLICIT_BZERO 1
| #define HAVE_FACCESSAT 1
| #define HAVE_FCHMOD 1
| #define HAVE_FCHMODAT 1
| #define HAVE_FCHOWN 1
| #define HAVE_FCHOWNAT 1
| #define HAVE_FDOPENDIR 1
| #define HAVE_FEXECVE 1
| #define HAVE_FORK 1
| #define HAVE_FPATHCONF 1
| #define HAVE_FSTATAT 1
| #define HAVE_FTIME 1
| #define HAVE_FTRUNCATE 1
| #define HAVE_FUTIMENS 1
| #define HAVE_FUTIMES 1
| #define HAVE_FUTIMESAT 1
| #define HAVE_GAI_STRERROR 1
| #define HAVE_GETEGID 1
| #define HAVE_GETEUID 1
| #define HAVE_GETGID 1
| #define HAVE_GETGRENT 1
| #define HAVE_GETGRGID 1
| #define HAVE_GETGRGID_R 1
| #define HAVE_GETGRNAM_R 1
| #define HAVE_GETGROUPLIST 1
| #define HAVE_GETHOSTNAME 1
| #define HAVE_GETITIMER 1
| #define HAVE_GETLOADAVG 1
| #define HAVE_GETLOGIN 1
| #define HAVE_GETLOGIN_R 1
| #define HAVE_GETPEERNAME 1
| #define HAVE_GETPGID 1
| #define HAVE_GETPID 1
| #define HAVE_GETPPID 1
| #define HAVE_GETPRIORITY 1
| #define HAVE_GETPWENT 1
| #define HAVE_GETPWNAM_R 1
| #define HAVE_GETPWUID 1
| #define HAVE_GETPWUID_R 1
| #define HAVE_GETRESGID 1
| #define HAVE_GETRESUID 1
| #define HAVE_GETRUSAGE 1
| #define HAVE_GETSID 1
| #define HAVE_GETSPENT 1
| #define HAVE_GETSPNAM 1
| #define HAVE_GETUID 1
| #define HAVE_GETWD 1
| #define HAVE_GRANTPT 1
| #define HAVE_IF_NAMEINDEX 1
| #define HAVE_INITGROUPS 1
| #define HAVE_KILL 1
| #define HAVE_KILLPG 1
| #define HAVE_LCHOWN 1
| #define HAVE_LINKAT 1
| #define HAVE_LOCKF 1
| #define HAVE_LSTAT 1
| #define HAVE_LUTIMES 1
| #define HAVE_MADVISE 1
| #define HAVE_MBRTOWC 1
| #define HAVE_MEMRCHR 1
| #define HAVE_MKDIRAT 1
| #define HAVE_MKFIFO 1
| #define HAVE_MKFIFOAT 1
| #define HAVE_MKNOD 1
| #define HAVE_MKNODAT 1
| #define HAVE_MKTIME 1
| #define HAVE_MMAP 1
| #define HAVE_MREMAP 1
| #define HAVE_NICE 1
| #define HAVE_OPENAT 1
| #define HAVE_OPENDIR 1
| #define HAVE_PATHCONF 1
| #define HAVE_PAUSE 1
| #define HAVE_PIPE 1
| #define HAVE_PIPE2 1
| #define HAVE_POLL 1
| #define HAVE_POSIX_FADVISE 1
| #define HAVE_POSIX_FALLOCATE 1
| #define HAVE_POSIX_OPENPT 1
| #define HAVE_POSIX_SPAWN 1
| #define HAVE_POSIX_SPAWNP 1
| #define HAVE_PREAD 1
| #define HAVE_PREADV 1
| #define HAVE_PREADV2 1
| #define HAVE_PROCESS_VM_READV 1
| #define HAVE_PTHREAD_CONDATTR_SETCLOCK 1
| #define HAVE_PTHREAD_KILL 1
| #define HAVE_PTHREAD_GETNAME_NP 1
| #define HAVE_PTHREAD_SETNAME_NP 1
| #define HAVE_PTHREAD_GETATTR_NP 1
| #define HAVE_PTSNAME 1
| #define HAVE_PTSNAME_R 1
| #define HAVE_PWRITE 1
| #define HAVE_PWRITEV 1
| #define HAVE_PWRITEV2 1
| #define HAVE_READLINK 1
| #define HAVE_READLINKAT 1
| #define HAVE_READV 1
| #define HAVE_REALPATH 1
| #define HAVE_RENAMEAT 1
| #define HAVE_SCHED_GET_PRIORITY_MAX 1
| #define HAVE_SCHED_RR_GET_INTERVAL 1
| #define HAVE_SCHED_SETAFFINITY 1
| #define HAVE_SCHED_SETPARAM 1
| #define HAVE_SCHED_SETSCHEDULER 1
| #define HAVE_SEM_CLOCKWAIT 1
| #define HAVE_SEM_GETVALUE 1
| #define HAVE_SEM_OPEN 1
| #define HAVE_SEM_TIMEDWAIT 1
| #define HAVE_SEM_UNLINK 1
| #define HAVE_SENDFILE 1
| #define HAVE_SETEGID 1
| #define HAVE_SETEUID 1
| #define HAVE_SETGID 1
| #define HAVE_SETHOSTNAME 1
| #define HAVE_SETITIMER 1
| #define HAVE_SETLOCALE 1
| #define HAVE_SETPGID 1
| #define HAVE_SETPGRP 1
| #define HAVE_SETPRIORITY 1
| #define HAVE_SETREGID 1
| #define HAVE_SETRESGID 1
| #define HAVE_SETRESUID 1
| #define HAVE_SETREUID 1
| #define HAVE_SETSID 1
| #define HAVE_SETUID 1
| #define HAVE_SETVBUF 1
| #define HAVE_SHUTDOWN 1
| #define HAVE_SIGACTION 1
| #define HAVE_SIGALTSTACK 1
| #define HAVE_SIGFILLSET 1
| #define HAVE_SIGINTERRUPT 1
| #define HAVE_SIGPENDING 1
| #define HAVE_SIGRELSE 1
| #define HAVE_SIGTIMEDWAIT 1
| #define HAVE_SIGWAIT 1
| #define HAVE_SIGWAITINFO 1
| #define HAVE_SNPRINTF 1
| #define HAVE_SPLICE 1
| #define HAVE_STRFTIME 1
| #define HAVE_STRSIGNAL 1
| #define HAVE_SYMLINKAT 1
| #define HAVE_SYNC 1
| #define HAVE_SYSCONF 1
| #define HAVE_TCGETPGRP 1
| #define HAVE_TCSETPGRP 1
| #define HAVE_TEMPNAM 1
| #define HAVE_TIMEGM 1
| #define HAVE_TIMES 1
| #define HAVE_TMPFILE 1
| #define HAVE_TMPNAM 1
| #define HAVE_TMPNAM_R 1
| #define HAVE_TRUNCATE 1
| #define HAVE_TTYNAME_R 1
| #define HAVE_UMASK 1
| #define HAVE_UNAME 1
| #define HAVE_UNLINKAT 1
| #define HAVE_UNLOCKPT 1
| #define HAVE_UTIMENSAT 1
| #define HAVE_UTIMES 1
| #define HAVE_VFORK 1
| #define HAVE_WAIT 1
| #define HAVE_WAIT3 1
| #define HAVE_WAIT4 1
| #define HAVE_WAITID 1
| #define HAVE_WAITPID 1
| #define HAVE_WCSCOLL 1
| #define HAVE_WCSFTIME 1
| #define HAVE_WCSXFRM 1
| #define HAVE_WMEMCMP 1
| #define HAVE_WRITEV 1
| #define HAVE_GETENTROPY 1
| #define HAVE_GETGROUPS 1
| #define HAVE_SYSTEM 1
| #define HAVE_DIRFD 1
| #define HAVE_CHROOT 1
| #define HAVE_LINK 1
| #define HAVE_SYMLINK 1
| #define HAVE_FCHDIR 1
| #define HAVE_FSYNC 1
| #define HAVE_FDATASYNC 1
| #define HAVE_EPOLL 1
| #define HAVE_EPOLL_CREATE1 1
| #define HAVE_PRLIMIT 1
| #define HAVE_MEMFD_CREATE 1
| #define HAVE_EVENTFD 1
| #define HAVE_TIMERFD_CREATE 1
| #define HAVE_FLOCK 1
| #define HAVE_GETPAGESIZE 1
| #define HAVE_ZLIB_COPY 1
| #define HAVE_HSTRERROR 1
| #define HAVE_GETSERVBYNAME 1
| #define HAVE_GETSERVBYPORT 1
| #define HAVE_GETHOSTBYNAME 1
| #define HAVE_GETHOSTBYADDR 1
| #define HAVE_GETPROTOBYNAME 1
| #define HAVE_INET_ATON 1
| #define HAVE_INET_NTOA 1
| #define HAVE_INET_PTON 1
| #define HAVE_GETPEERNAME 1
| #define HAVE_GETSOCKNAME 1
| #define HAVE_ACCEPT 1
| #define HAVE_BIND 1
| #define HAVE_CONNECT 1
| #define HAVE_LISTEN 1
| #define HAVE_RECVFROM 1
| #define HAVE_SENDTO 1
| #define HAVE_SETSOCKOPT 1
| #define HAVE_SOCKET 1
| #define HAVE_SETGROUPS 1
| #define HAVE_DECL_UT_NAMESIZE 1
| #define HAVE_UT_NAMESIZE 1
| #define HAVE_OPENPTY 1
| #define HAVE_LOGIN_TTY 1
| #define HAVE_FORKPTY 1
| #define HAVE_FSEEKO 1
| #define HAVE_FSTATVFS 1
| #define HAVE_FTELLO 1
| #define HAVE_STATVFS 1
| #define HAVE_DUP2 1
| #define HAVE_GETPGRP 1
| #define HAVE_SETPGRP 1
| #define HAVE_SETNS 1
| #define HAVE_UNSHARE 1
| #define HAVE_CLOCK_GETTIME 1
| #define HAVE_CLOCK_GETRES 1
| #define HAVE_CLOCK_SETTIME 1
| #define HAVE_CLOCK_NANOSLEEP 1
| #define HAVE_NANOSLEEP 1
| #define HAVE_DEVICE_MACROS 1
| #define SYS_SELECT_WITH_SYS_TIME 1
| #define HAVE_GETADDRINFO 1
| #define HAVE_GETNAMEINFO 1
| #define HAVE_STRUCT_TM_TM_ZONE 1
| #define HAVE_TM_ZONE 1
| #define HAVE_STRUCT_STAT_ST_RDEV 1
| #define HAVE_STRUCT_STAT_ST_BLKSIZE 1
| #define HAVE_STRUCT_STAT_ST_BLOCKS 1
| #define HAVE_STRUCT_PASSWD_PW_GECOS 1
| #define HAVE_STRUCT_PASSWD_PW_PASSWD 1
| #define HAVE_SIGINFO_T_SI_BAND 1
| /* end confdefs.h.  */
| #include <time.h>
| int
| main (void)
| {
| return altzone;
|   ;
|   return 0;
| }
configure:25130: result: no
configure:25138: checking for addrinfo
configure:25155: gcc -pthread -c   conftest.c >&5
configure:25155: $? = 0
configure:25165: result: yes
configure:25173: checking for sockaddr_storage
configure:25192: gcc -pthread -c   conftest.c >&5
configure:25192: $? = 0
configure:25202: result: yes
configure:25210: checking for sockaddr_alg
configure:25230: gcc -pthread -c   conftest.c >&5
configure:25230: $? = 0
configure:25240: result: yes
configure:25250: checking for an ANSI C-conforming const
configure:25317: gcc -pthread -c   conftest.c >&5
configure:25317: $? = 0
configure:25327: result: yes
configure:25336: checking for working signed char
configure:25354: gcc -pthread -c   conftest.c >&5
configure:25354: $? = 0
configure:25365: result: yes
configure:25376: checking for prototypes
configure:25394: gcc -pthread -c   conftest.c >&5
configure:25394: $? = 0
configure:25405: result: yes
configure:25420: checking for socketpair
configure:25440: gcc -pthread -c   conftest.c >&5
configure:25440: $? = 0
configure:25451: result: yes
configure:25464: checking if sockaddr has sa_len member
configure:25484: gcc -pthread -c   conftest.c >&5
conftest.c: In function 'main':
conftest.c:454:2: error: 'struct sockaddr' has no member named 'sa_len'
  454 | x.sa_len = 0;
      |  ^
configure:25484: $? = 1
configure: failed program was:
| /* confdefs.h */
| #define _NETBSD_SOURCE 1
| #define __BSD_VISIBLE 1
| #define _DARWIN_C_SOURCE 1
| #define _PYTHONFRAMEWORK ""
| #define _XOPEN_SOURCE 700
| #define _XOPEN_SOURCE_EXTENDED 1
| #define _POSIX_C_SOURCE 200809L
| #define HAVE_STDIO_H 1
| #define HAVE_STDLIB_H 1
| #define HAVE_STRING_H 1
| #define HAVE_INTTYPES_H 1
| #define HAVE_STDINT_H 1
| #define HAVE_STRINGS_H 1
| #define HAVE_SYS_STAT_H 1
| #define HAVE_SYS_TYPES_H 1
| #define HAVE_UNISTD_H 1
| #define HAVE_WCHAR_H 1
| #define STDC_HEADERS 1
| #define _ALL_SOURCE 1
| #define _DARWIN_C_SOURCE 1
| #define _GNU_SOURCE 1
| #define _HPUX_ALT_XOPEN_SOCKET_API 1
| #define _NETBSD_SOURCE 1
| #define _OPENBSD_SOURCE 1
| #define _POSIX_PTHREAD_SEMANTICS 1
| #define __STDC_WANT_IEC_60559_ATTRIBS_EXT__ 1
| #define __STDC_WANT_IEC_60559_BFP_EXT__ 1
| #define __STDC_WANT_IEC_60559_DFP_EXT__ 1
| #define __STDC_WANT_IEC_60559_EXT__ 1
| #define __STDC_WANT_IEC_60559_FUNCS_EXT__ 1
| #define __STDC_WANT_IEC_60559_TYPES_EXT__ 1
| #define __STDC_WANT_LIB_EXT2__ 1
| #define __STDC_WANT_MATH_SPEC_FUNCS__ 1
| #define _TANDEM_SOURCE 1
| #define __EXTENSIONS__ 1
| #define _Py_STACK_GROWS_DOWN 1
| #define PY_SUPPORT_TIER 1
| #define STDC_HEADERS 1
| #define HAVE_ALLOCA_H 1
| #define HAVE_ASM_TYPES_H 1
| #define HAVE_DLFCN_H 1
| #define HAVE_ENDIAN_H 1
| #define HAVE_ERRNO_H 1
| #define HAVE_FCNTL_H 1
| #define HAVE_GRP_H 1
| #define HAVE_LANGINFO_H 1
| #define HAVE_LIBINTL_H 1
| #define HAVE_LINUX_AUXVEC_H 1
| #define HAVE_SYS_AUXV_H 1
| #define HAVE_LINUX_FS_H 1
| #define HAVE_LINUX_LIMITS_H 1
| #define HAVE_LINUX_MEMFD_H 1
| #define HAVE_LINUX_NETFILTER_IPV4_H 1
| #define HAVE_LINUX_RANDOM_H 1
| #define HAVE_LINUX_SOUNDCARD_H 1
| #define HAVE_LINUX_SCHED_H 1
| #define HAVE_LINUX_TIPC_H 1
| #define HAVE_LINUX_WAIT_H 1
| #define HAVE_NETDB_H 1
| #define HAVE_NET_ETHERNET_H 1
| #define HAVE_NETINET_IN_H 1
| #define HAVE_NETPACKET_PACKET_H 1
| #define HAVE_POLL_H 1
| #define HAVE_PTHREAD_H 1
| #define HAVE_PTY_H 1
| #define HAVE_SCHED_H 1
| #define HAVE_SETJMP_H 1
| #define HAVE_SHADOW_H 1
| #define HAVE_SIGNAL_H 1
| #define HAVE_SPAWN_H 1
| #define HAVE_SYS_EPOLL_H 1
| #define HAVE_SYS_EVENTFD_H 1
| #define HAVE_SYS_FILE_H 1
| #define HAVE_SYS_IOCTL_H 1
| #define HAVE_SYS_MMAN_H 1
| #define HAVE_SYS_PARAM_H 1
| #define HAVE_SYS_POLL_H 1
| #define HAVE_SYS_RANDOM_H 1
| #define HAVE_SYS_RESOURCE_H 1
| #define HAVE_SYS_SELECT_H 1
| #define HAVE_SYS_SENDFILE_H 1
| #define HAVE_SYS_SOCKET_H 1
| #define HAVE_SYS_SOUNDCARD_H 1
| #define HAVE_SYS_STAT_H 1
| #define HAVE_SYS_STATVFS_H 1
| #define HAVE_SYS_SYSCALL_H 1
| #define HAVE_SYS_SYSMACROS_H 1
| #define HAVE_SYS_TIME_H 1
| #define HAVE_SYS_TIMES_H 1
| #define HAVE_SYS_TIMERFD_H 1
| #define HAVE_SYS_TYPES_H 1
| #define HAVE_SYS_UIO_H 1
| #define HAVE_SYS_UN_H 1
| #define HAVE_SYS_UTSNAME_H 1
| #define HAVE_SYS_WAIT_H 1
| #define HAVE_SYS_XATTR_H 1
| #define HAVE_SYSEXITS_H 1
| #define HAVE_SYSLOG_H 1
| #define HAVE_TERMIOS_H 1
| #define HAVE_UTIME_H 1
| #define HAVE_UTMP_H 1
| #define HAVE_DIRENT_H 1
| #define MAJOR_IN_SYSMACROS 1
| #define HAVE_NET_IF_H 1
| #define HAVE_LINUX_NETLINK_H 1
| #define HAVE_LINUX_QRTR_H 1
| #define HAVE_LINUX_VM_SOCKETS_H 1
| #define HAVE_LINUX_CAN_H 1
| #define HAVE_LINUX_CAN_BCM_H 1
| #define HAVE_LINUX_CAN_J1939_H 1
| #define HAVE_LINUX_CAN_RAW_H 1
| #define HAVE_CLOCK_T 1
| #define HAVE_MAKEDEV 1
| #define HAVE_HTOLE64 1
| #define _LARGEFILE_SOURCE 1
| #define _FILE_OFFSET_BITS 64
| #if defined(SCO_DS)
| #undef _OFF_T
| #endif
| #define RETSIGTYPE void
| #define HAVE_SSIZE_T 1
| #define HAVE___UINT128_T 1
| #define HAVE_GCC_UINT128_T 1
| #define SIZEOF_INT 4
| #define SIZEOF_LONG 8
| #define ALIGNOF_LONG 8
| #define SIZEOF_LONG_LONG 8
| #define SIZEOF_VOID_P 8
| #define SIZEOF_SHORT 2
| #define SIZEOF_FLOAT 4
| #define SIZEOF_DOUBLE 8
| #define SIZEOF_FPOS_T 16
| #define SIZEOF_SIZE_T 8
| #define ALIGNOF_SIZE_T 8
| #define SIZEOF_PID_T 4
| #define SIZEOF_UINTPTR_T 8
| #define ALIGNOF_MAX_ALIGN_T 16
| #define HAVE_LONG_DOUBLE 1
| #define SIZEOF_LONG_DOUBLE 16
| #define SIZEOF__BOOL 1
| #define SIZEOF_OFF_T 8
| #define SIZEOF_TIME_T 8
| #define SIZEOF_PTHREAD_T 8
| #define SIZEOF_PTHREAD_KEY_T 4
| #define PTHREAD_KEY_T_IS_COMPATIBLE_WITH_INT 1
| #define PY_HAVE_PERF_TRAMPOLINE 1
| #define HAVE_LIBDL 1
| #define HAVE_EXECINFO_H 1
| #define HAVE_BACKTRACE 1
| #define HAVE_DLADDR1 1
| #define HAVE_LINK_H 1
| #define HAVE_BACKTRACE 1
| #define HAVE_DLADDR1 1
| #define HAVE_DLFCN_H 1
| #define HAVE_BACKTRACE 1
| #define HAVE_DLADDR1 1
| #define HAVE_UUID_H 1
| #define HAVE_UUID_GENERATE_TIME_SAFE 1
| #define HAVE_FFI_PREP_CIF_VAR 1
| #define HAVE_FFI_PREP_CLOSURE_LOC 1
| #define HAVE_FFI_CLOSURE_ALLOC 1
| #define WITH_DECIMAL_CONTEXTVAR 1
| #define HAVE_LIBSQLITE3 1
| #define HAVE_LIBSQLITE3 1
| #define HAVE_LIBSQLITE3 1
| #define HAVE_LIBSQLITE3 1
| #define HAVE_LIBSQLITE3 1
| #define HAVE_LIBSQLITE3 1
| #define HAVE_LIBSQLITE3 1
| #define HAVE_LIBSQLITE3 1
| #define HAVE_LIBSQLITE3 1
| #define PY_SQLITE_HAVE_SERIALIZE 1
| #define PTHREAD_SYSTEM_SCHED_SUPPORTED 1
| #define HAVE_PTHREAD_SIGMASK 1
| #define HAVE_PTHREAD_GETCPUCLOCKID 1
| #define ENABLE_IPV6 1
| #define HAVE_LINUX_CAN_RAW_FD_FRAMES 1
| #define HAVE_LINUX_CAN_RAW_JOIN_FILTERS 1
| #define WITH_DOC_STRINGS 1
| #define HAVE_STD_ATOMIC 1
| #define HAVE_BUILTIN_ATOMIC 1
| #define WITH_MIMALLOC 1
| #define WITH_PYMALLOC 1
| #define PY_COERCE_C_LOCALE 1
| #define HAVE_DLOPEN 1
| #define HAVE_DYNAMIC_LOADING 1
| #define HAVE_ACCEPT4 1
| #define HAVE_ALARM 1
| #define HAVE_BIND_TEXTDOMAIN_CODESET 1
| #define HAVE_CHMOD 1
| #define HAVE_CHOWN 1
| #define HAVE_CLOCK 1
| #define HAVE_CONFSTR 1
| #define HAVE_COPY_FILE_RANGE 1
| #define HAVE_CTERMID 1
| #define HAVE_DLADDR 1
| #define HAVE_DUP 1
| #define HAVE_DUP3 1
| #define HAVE_EXECV 1
| #define HAVE_EXPLICIT_BZERO 1
| #define HAVE_FACCESSAT 1
| #define HAVE_FCHMOD 1
| #define HAVE_FCHMODAT 1
| #define HAVE_FCHOWN 1
| #define HAVE_FCHOWNAT 1
| #define HAVE_FDOPENDIR 1
| #define HAVE_FEXECVE 1
| #define HAVE_FORK 1
| #define HAVE_FPATHCONF 1
| #define HAVE_FSTATAT 1
| #define HAVE_FTIME 1
| #define HAVE_FTRUNCATE 1
| #define HAVE_FUTIMENS 1
| #define HAVE_FUTIMES 1
| #define HAVE_FUTIMESAT 1
| #define HAVE_GAI_STRERROR 1
| #define HAVE_GETEGID 1
| #define HAVE_GETEUID 1
| #define HAVE_GETGID 1
| #define HAVE_GETGRENT 1
| #define HAVE_GETGRGID 1
| #define HAVE_GETGRGID_R 1
| #define HAVE_GETGRNAM_R 1
| #define HAVE_GETGROUPLIST 1
| #define HAVE_GETHOSTNAME 1
| #define HAVE_GETITIMER 1
| #define HAVE_GETLOADAVG 1
| #define HAVE_GETLOGIN 1
| #define HAVE_GETLOGIN_R 1
| #define HAVE_GETPEERNAME 1
| #define HAVE_GETPGID 1
| #define HAVE_GETPID 1
| #define HAVE_GETPPID 1
| #define HAVE_GETPRIORITY 1
| #define HAVE_GETPWENT 1
| #define HAVE_GETPWNAM_R 1
| #define HAVE_GETPWUID 1
| #define HAVE_GETPWUID_R 1
| #define HAVE_GETRESGID 1
| #define HAVE_GETRESUID 1
| #define HAVE_GETRUSAGE 1
| #define HAVE_GETSID 1
| #define HAVE_GETSPENT 1
| #define HAVE_GETSPNAM 1
| #define HAVE_GETUID 1
| #define HAVE_GETWD 1
| #define HAVE_GRANTPT 1
| #define HAVE_IF_NAMEINDEX 1
| #define HAVE_INITGROUPS 1
| #define HAVE_KILL 1
| #define HAVE_KILLPG 1
| #define HAVE_LCHOWN 1
| #define HAVE_LINKAT 1
| #define HAVE_LOCKF 1
| #define HAVE_LSTAT 1
| #define HAVE_LUTIMES 1
| #define HAVE_MADVISE 1
| #define HAVE_MBRTOWC 1
| #define HAVE_MEMRCHR 1
| #define HAVE_MKDIRAT 1
| #define HAVE_MKFIFO 1
| #define HAVE_MKFIFOAT 1
| #define HAVE_MKNOD 1
| #define HAVE_MKNODAT 1
| #define HAVE_MKTIME 1
| #define HAVE_MMAP 1
| #define HAVE_MREMAP 1
| #define HAVE_NICE 1
| #define HAVE_OPENAT 1
| #define HAVE_OPENDIR 1
| #define HAVE_PATHCONF 1
| #define HAVE_PAUSE 1
| #define HAVE_PIPE 1
| #define HAVE_PIPE2 1
| #define HAVE_POLL 1
| #define HAVE_POSIX_FADVISE 1
| #define HAVE_POSIX_FALLOCATE 1
| #define HAVE_POSIX_OPENPT 1
| #define HAVE_POSIX_SPAWN 1
| #define HAVE_POSIX_SPAWNP 1
| #define HAVE_PREAD 1
| #define HAVE_PREADV 1
| #define HAVE_PREADV2 1
| #define HAVE_PROCESS_VM_READV 1
| #define HAVE_PTHREAD_CONDATTR_SETCLOCK 1
| #define HAVE_PTHREAD_KILL 1
| #define HAVE_PTHREAD_GETNAME_NP 1
| #define HAVE_PTHREAD_SETNAME_NP 1
| #define HAVE_PTHREAD_GETATTR_NP 1
| #define HAVE_PTSNAME 1
| #define HAVE_PTSNAME_R 1
| #define HAVE_PWRITE 1
| #define HAVE_PWRITEV 1
| #define HAVE_PWRITEV2 1
| #define HAVE_READLINK 1
| #define HAVE_READLINKAT 1
| #define HAVE_READV 1
| #define HAVE_REALPATH 1
| #define HAVE_RENAMEAT 1
| #define HAVE_SCHED_GET_PRIORITY_MAX 1
| #define HAVE_SCHED_RR_GET_INTERVAL 1
| #define HAVE_SCHED_SETAFFINITY 1
| #define HAVE_SCHED_SETPARAM 1
| #define HAVE_SCHED_SETSCHEDULER 1
| #define HAVE_SEM_CLOCKWAIT 1
| #define HAVE_SEM_GETVALUE 1
| #define HAVE_SEM_OPEN 1
| #define HAVE_SEM_TIMEDWAIT 1
| #define HAVE_SEM_UNLINK 1
| #define HAVE_SENDFILE 1
| #define HAVE_SETEGID 1
| #define HAVE_SETEUID 1
| #define HAVE_SETGID 1
| #define HAVE_SETHOSTNAME 1
| #define HAVE_SETITIMER 1
| #define HAVE_SETLOCALE 1
| #define HAVE_SETPGID 1
| #define HAVE_SETPGRP 1
| #define HAVE_SETPRIORITY 1
| #define HAVE_SETREGID 1
| #define HAVE_SETRESGID 1
| #define HAVE_SETRESUID 1
| #define HAVE_SETREUID 1
| #define HAVE_SETSID 1
| #define HAVE_SETUID 1
| #define HAVE_SETVBUF 1
| #define HAVE_SHUTDOWN 1
| #define HAVE_SIGACTION 1
| #define HAVE_SIGALTSTACK 1
| #define HAVE_SIGFILLSET 1
| #define HAVE_SIGINTERRUPT 1
| #define HAVE_SIGPENDING 1
| #define HAVE_SIGRELSE 1
| #define HAVE_SIGTIMEDWAIT 1
| #define HAVE_SIGWAIT 1
| #define HAVE_SIGWAITINFO 1
| #define HAVE_SNPRINTF 1
| #define HAVE_SPLICE 1
| #define HAVE_STRFTIME 1
| #define HAVE_STRSIGNAL 1
| #define HAVE_SYMLINKAT 1
| #define HAVE_SYNC 1
| #define HAVE_SYSCONF 1
| #define HAVE_TCGETPGRP 1
| #define HAVE_TCSETPGRP 1
| #define HAVE_TEMPNAM 1
| #define HAVE_TIMEGM 1
| #define HAVE_TIMES 1
| #define HAVE_TMPFILE 1
| #define HAVE_TMPNAM 1
| #define HAVE_TMPNAM_R 1
| #define HAVE_TRUNCATE 1
| #define HAVE_TTYNAME_R 1
| #define HAVE_UMASK 1
| #define HAVE_UNAME 1
| #define HAVE_UNLINKAT 1
| #define HAVE_UNLOCKPT 1
| #define HAVE_UTIMENSAT 1
| #define HAVE_UTIMES 1
| #define HAVE_VFORK 1
| #define HAVE_WAIT 1
| #define HAVE_WAIT3 1
| #define HAVE_WAIT4 1
| #define HAVE_WAITID 1
| #define HAVE_WAITPID 1
| #define HAVE_WCSCOLL 1
| #define HAVE_WCSFTIME 1
| #define HAVE_WCSXFRM 1
| #define HAVE_WMEMCMP 1
| #define HAVE_WRITEV 1
| #define HAVE_GETENTROPY 1
| #define HAVE_GETGROUPS 1
| #define HAVE_SYSTEM 1
| #define HAVE_DIRFD 1
| #define HAVE_CHROOT 1
| #define HAVE_LINK 1
| #define HAVE_SYMLINK 1
| #define HAVE_FCHDIR 1
| #define HAVE_FSYNC 1
| #define HAVE_FDATASYNC 1
| #define HAVE_EPOLL 1
| #define HAVE_EPOLL_CREATE1 1
| #define HAVE_PRLIMIT 1
| #define HAVE_MEMFD_CREATE 1
| #define HAVE_EVENTFD 1
| #define HAVE_TIMERFD_CREATE 1
| #define HAVE_FLOCK 1
| #define HAVE_GETPAGESIZE 1
| #define HAVE_ZLIB_COPY 1
| #define HAVE_HSTRERROR 1
| #define HAVE_GETSERVBYNAME 1
| #define HAVE_GETSERVBYPORT 1
| #define HAVE_GETHOSTBYNAME 1
| #define HAVE_GETHOSTBYADDR 1
| #define HAVE_GETPROTOBYNAME 1
| #define HAVE_INET_ATON 1
| #define HAVE_INET_NTOA 1
| #define HAVE_INET_PTON 1
| #define HAVE_GETPEERNAME 1
| #define HAVE_GETSOCKNAME 1
| #define HAVE_ACCEPT 1
| #define HAVE_BIND 1
| #define HAVE_CONNECT 1
| #define HAVE_LISTEN 1
| #define HAVE_RECVFROM 1
| #define HAVE_SENDTO 1
| #define HAVE_SETSOCKOPT 1
| #define HAVE_SOCKET 1
| #define HAVE_SETGROUPS 1
| #define HAVE_DECL_UT_NAMESIZE 1
| #define HAVE_UT_NAMESIZE 1
| #define HAVE_OPENPTY 1
| #define HAVE_LOGIN_TTY 1
| #define HAVE_FORKPTY 1
| #define HAVE_FSEEKO 1
| #define HAVE_FSTATVFS 1
| #define HAVE_FTELLO 1
| #define HAVE_STATVFS 1
| #define HAVE_DUP2 1
| #define HAVE_GETPGRP 1
| #define HAVE_SETPGRP 1
| #define HAVE_SETNS 1
| #define HAVE_UNSHARE 1
| #define HAVE_CLOCK_GETTIME 1
| #define HAVE_CLOCK_GETRES 1
| #define HAVE_CLOCK_SETTIME 1
| #define HAVE_CLOCK_NANOSLEEP 1
| #define HAVE_NANOSLEEP 1
| #define HAVE_DEVICE_MACROS 1
| #define SYS_SELECT_WITH_SYS_TIME 1
| #define HAVE_GETADDRINFO 1
| #define HAVE_GETNAMEINFO 1
| #define HAVE_STRUCT_TM_TM_ZONE 1
| #define HAVE_TM_ZONE 1
| #define HAVE_STRUCT_STAT_ST_RDEV 1
| #define HAVE_STRUCT_STAT_ST_BLKSIZE 1
| #define HAVE_STRUCT_STAT_ST_BLOCKS 1
| #define HAVE_STRUCT_PASSWD_PW_GECOS 1
| #define HAVE_STRUCT_PASSWD_PW_PASSWD 1
| #define HAVE_SIGINFO_T_SI_BAND 1
| #define HAVE_ADDRINFO 1
| #define HAVE_SOCKADDR_STORAGE 1
| #define HAVE_SOCKADDR_ALG 1
| #define HAVE_PROTOTYPES 1
| #define HAVE_SOCKETPAIR 1
| /* end confdefs.h.  */
| #include <sys/types.h>
| #include <sys/socket.h>
| int
| main (void)
| {
| struct sockaddr x;
| x.sa_len = 0;
|   ;
|   return 0;
| }
configure:25495: result: no
configure:25509: checking for gethostbyname_r
configure:25509: gcc -pthread -o conftest    conftest.c -lpthread -ldl  -lutil >&5
configure:25509: $? = 0
configure:25509: result: yes
configure:25514: checking gethostbyname_r with 6 args
configure:25539: gcc -pthread -c      conftest.c >&5
configure:25539: $? = 0
configure:25547: result: yes
configure:25665: checking for __fpu_control
configure:25665: gcc -pthread -o conftest    conftest.c -lpthread -ldl  -lutil >&5
configure:25665: $? = 0
configure:25665: result: yes
configure:25732: checking for --with-libm=STRING
configure:25750: result: default LIBM="-lm"
configure:25758: checking for --with-libc=STRING
configure:25776: result: default LIBC=""
configure:25787: checking for x64 gcc inline assembler
configure:25807: gcc -pthread -o conftest    conftest.c -lpthread -ldl  -lutil >&5
configure:25807: $? = 0
configure:25819: result: yes
configure:25835: checking whether float word ordering is bigendian
configure:25860: gcc -pthread -o conftest    conftest.c -lpthread -ldl  -lutil >&5
configure:25860: $? = 0
configure:25881: result: no
configure:25922: checking whether we can use gcc inline assembler to get and set x87 control word
configure:25944: gcc -pthread -o conftest    conftest.c -lpthread -ldl  -lutil >&5
configure:25944: $? = 0
configure:25956: result: yes
configure:25967: checking whether we can use gcc inline assembler to get and set mc68881 fpcr
configure:25989: gcc -pthread -o conftest    conftest.c -lpthread -ldl  -lutil >&5
conftest.c: Assembler messages:
conftest.c:460: Error: no such instruction: `fmove.l %fpcr,%eax'
conftest.c:461: Error: no such instruction: `fmove.l -4(%rbp),%fpcr'
configure:25989: $? = 1
configure: failed program was:
| /* confdefs.h */
| #define _NETBSD_SOURCE 1
| #define __BSD_VISIBLE 1
| #define _DARWIN_C_SOURCE 1
| #define _PYTHONFRAMEWORK ""
| #define _XOPEN_SOURCE 700
| #define _XOPEN_SOURCE_EXTENDED 1
| #define _POSIX_C_SOURCE 200809L
| #define HAVE_STDIO_H 1
| #define HAVE_STDLIB_H 1
| #define HAVE_STRING_H 1
| #define HAVE_INTTYPES_H 1
| #define HAVE_STDINT_H 1
| #define HAVE_STRINGS_H 1
| #define HAVE_SYS_STAT_H 1
| #define HAVE_SYS_TYPES_H 1
| #define HAVE_UNISTD_H 1
| #define HAVE_WCHAR_H 1
| #define STDC_HEADERS 1
| #define _ALL_SOURCE 1
| #define _DARWIN_C_SOURCE 1
| #define _GNU_SOURCE 1
| #define _HPUX_ALT_XOPEN_SOCKET_API 1
| #define _NETBSD_SOURCE 1
| #define _OPENBSD_SOURCE 1
| #define _POSIX_PTHREAD_SEMANTICS 1
| #define __STDC_WANT_IEC_60559_ATTRIBS_EXT__ 1
| #define __STDC_WANT_IEC_60559_BFP_EXT__ 1
| #define __STDC_WANT_IEC_60559_DFP_EXT__ 1
| #define __STDC_WANT_IEC_60559_EXT__ 1
| #define __STDC_WANT_IEC_60559_FUNCS_EXT__ 1
| #define __STDC_WANT_IEC_60559_TYPES_EXT__ 1
| #define __STDC_WANT_LIB_EXT2__ 1
| #define __STDC_WANT_MATH_SPEC_FUNCS__ 1
| #define _TANDEM_SOURCE 1
| #define __EXTENSIONS__ 1
| #define _Py_STACK_GROWS_DOWN 1
| #define PY_SUPPORT_TIER 1
| #define STDC_HEADERS 1
| #define HAVE_ALLOCA_H 1
| #define HAVE_ASM_TYPES_H 1
| #define HAVE_DLFCN_H 1
| #define HAVE_ENDIAN_H 1
| #define HAVE_ERRNO_H 1
| #define HAVE_FCNTL_H 1
| #define HAVE_GRP_H 1
| #define HAVE_LANGINFO_H 1
| #define HAVE_LIBINTL_H 1
| #define HAVE_LINUX_AUXVEC_H 1
| #define HAVE_SYS_AUXV_H 1
| #define HAVE_LINUX_FS_H 1
| #define HAVE_LINUX_LIMITS_H 1
| #define HAVE_LINUX_MEMFD_H 1
| #define HAVE_LINUX_NETFILTER_IPV4_H 1
| #define HAVE_LINUX_RANDOM_H 1
| #define HAVE_LINUX_SOUNDCARD_H 1
| #define HAVE_LINUX_SCHED_H 1
| #define HAVE_LINUX_TIPC_H 1
| #define HAVE_LINUX_WAIT_H 1
| #define HAVE_NETDB_H 1
| #define HAVE_NET_ETHERNET_H 1
| #define HAVE_NETINET_IN_H 1
| #define HAVE_NETPACKET_PACKET_H 1
| #define HAVE_POLL_H 1
| #define HAVE_PTHREAD_H 1
| #define HAVE_PTY_H 1
| #define HAVE_SCHED_H 1
| #define HAVE_SETJMP_H 1
| #define HAVE_SHADOW_H 1
| #define HAVE_SIGNAL_H 1
| #define HAVE_SPAWN_H 1
| #define HAVE_SYS_EPOLL_H 1
| #define HAVE_SYS_EVENTFD_H 1
| #define HAVE_SYS_FILE_H 1
| #define HAVE_SYS_IOCTL_H 1
| #define HAVE_SYS_MMAN_H 1
| #define HAVE_SYS_PARAM_H 1
| #define HAVE_SYS_POLL_H 1
| #define HAVE_SYS_RANDOM_H 1
| #define HAVE_SYS_RESOURCE_H 1
| #define HAVE_SYS_SELECT_H 1
| #define HAVE_SYS_SENDFILE_H 1
| #define HAVE_SYS_SOCKET_H 1
| #define HAVE_SYS_SOUNDCARD_H 1
| #define HAVE_SYS_STAT_H 1
| #define HAVE_SYS_STATVFS_H 1
| #define HAVE_SYS_SYSCALL_H 1
| #define HAVE_SYS_SYSMACROS_H 1
| #define HAVE_SYS_TIME_H 1
| #define HAVE_SYS_TIMES_H 1
| #define HAVE_SYS_TIMERFD_H 1
| #define HAVE_SYS_TYPES_H 1
| #define HAVE_SYS_UIO_H 1
| #define HAVE_SYS_UN_H 1
| #define HAVE_SYS_UTSNAME_H 1
| #define HAVE_SYS_WAIT_H 1
| #define HAVE_SYS_XATTR_H 1
| #define HAVE_SYSEXITS_H 1
| #define HAVE_SYSLOG_H 1
| #define HAVE_TERMIOS_H 1
| #define HAVE_UTIME_H 1
| #define HAVE_UTMP_H 1
| #define HAVE_DIRENT_H 1
| #define MAJOR_IN_SYSMACROS 1
| #define HAVE_NET_IF_H 1
| #define HAVE_LINUX_NETLINK_H 1
| #define HAVE_LINUX_QRTR_H 1
| #define HAVE_LINUX_VM_SOCKETS_H 1
| #define HAVE_LINUX_CAN_H 1
| #define HAVE_LINUX_CAN_BCM_H 1
| #define HAVE_LINUX_CAN_J1939_H 1
| #define HAVE_LINUX_CAN_RAW_H 1
| #define HAVE_CLOCK_T 1
| #define HAVE_MAKEDEV 1
| #define HAVE_HTOLE64 1
| #define _LARGEFILE_SOURCE 1
| #define _FILE_OFFSET_BITS 64
| #if defined(SCO_DS)
| #undef _OFF_T
| #endif
| #define RETSIGTYPE void
| #define HAVE_SSIZE_T 1
| #define HAVE___UINT128_T 1
| #define HAVE_GCC_UINT128_T 1
| #define SIZEOF_INT 4
| #define SIZEOF_LONG 8
| #define ALIGNOF_LONG 8
| #define SIZEOF_LONG_LONG 8
| #define SIZEOF_VOID_P 8
| #define SIZEOF_SHORT 2
| #define SIZEOF_FLOAT 4
| #define SIZEOF_DOUBLE 8
| #define SIZEOF_FPOS_T 16
| #define SIZEOF_SIZE_T 8
| #define ALIGNOF_SIZE_T 8
| #define SIZEOF_PID_T 4
| #define SIZEOF_UINTPTR_T 8
| #define ALIGNOF_MAX_ALIGN_T 16
| #define HAVE_LONG_DOUBLE 1
| #define SIZEOF_LONG_DOUBLE 16
| #define SIZEOF__BOOL 1
| #define SIZEOF_OFF_T 8
| #define SIZEOF_TIME_T 8
| #define SIZEOF_PTHREAD_T 8
| #define SIZEOF_PTHREAD_KEY_T 4
| #define PTHREAD_KEY_T_IS_COMPATIBLE_WITH_INT 1
| #define PY_HAVE_PERF_TRAMPOLINE 1
| #define HAVE_LIBDL 1
| #define HAVE_EXECINFO_H 1
| #define HAVE_BACKTRACE 1
| #define HAVE_DLADDR1 1
| #define HAVE_LINK_H 1
| #define HAVE_BACKTRACE 1
| #define HAVE_DLADDR1 1
| #define HAVE_DLFCN_H 1
| #define HAVE_BACKTRACE 1
| #define HAVE_DLADDR1 1
| #define HAVE_UUID_H 1
| #define HAVE_UUID_GENERATE_TIME_SAFE 1
| #define HAVE_FFI_PREP_CIF_VAR 1
| #define HAVE_FFI_PREP_CLOSURE_LOC 1
| #define HAVE_FFI_CLOSURE_ALLOC 1
| #define WITH_DECIMAL_CONTEXTVAR 1
| #define HAVE_LIBSQLITE3 1
| #define HAVE_LIBSQLITE3 1
| #define HAVE_LIBSQLITE3 1
| #define HAVE_LIBSQLITE3 1
| #define HAVE_LIBSQLITE3 1
| #define HAVE_LIBSQLITE3 1
| #define HAVE_LIBSQLITE3 1
| #define HAVE_LIBSQLITE3 1
| #define HAVE_LIBSQLITE3 1
| #define PY_SQLITE_HAVE_SERIALIZE 1
| #define PTHREAD_SYSTEM_SCHED_SUPPORTED 1
| #define HAVE_PTHREAD_SIGMASK 1
| #define HAVE_PTHREAD_GETCPUCLOCKID 1
| #define ENABLE_IPV6 1
| #define HAVE_LINUX_CAN_RAW_FD_FRAMES 1
| #define HAVE_LINUX_CAN_RAW_JOIN_FILTERS 1
| #define WITH_DOC_STRINGS 1
| #define HAVE_STD_ATOMIC 1
| #define HAVE_BUILTIN_ATOMIC 1
| #define WITH_MIMALLOC 1
| #define WITH_PYMALLOC 1
| #define PY_COERCE_C_LOCALE 1
| #define HAVE_DLOPEN 1
| #define HAVE_DYNAMIC_LOADING 1
| #define HAVE_ACCEPT4 1
| #define HAVE_ALARM 1
| #define HAVE_BIND_TEXTDOMAIN_CODESET 1
| #define HAVE_CHMOD 1
| #define HAVE_CHOWN 1
| #define HAVE_CLOCK 1
| #define HAVE_CONFSTR 1
| #define HAVE_COPY_FILE_RANGE 1
| #define HAVE_CTERMID 1
| #define HAVE_DLADDR 1
| #define HAVE_DUP 1
| #define HAVE_DUP3 1
| #define HAVE_EXECV 1
| #define HAVE_EXPLICIT_BZERO 1
| #define HAVE_FACCESSAT 1
| #define HAVE_FCHMOD 1
| #define HAVE_FCHMODAT 1
| #define HAVE_FCHOWN 1
| #define HAVE_FCHOWNAT 1
| #define HAVE_FDOPENDIR 1
| #define HAVE_FEXECVE 1
| #define HAVE_FORK 1
| #define HAVE_FPATHCONF 1
| #define HAVE_FSTATAT 1
| #define HAVE_FTIME 1
| #define HAVE_FTRUNCATE 1
| #define HAVE_FUTIMENS 1
| #define HAVE_FUTIMES 1
| #define HAVE_FUTIMESAT 1
| #define HAVE_GAI_STRERROR 1
| #define HAVE_GETEGID 1
| #define HAVE_GETEUID 1
| #define HAVE_GETGID 1
| #define HAVE_GETGRENT 1
| #define HAVE_GETGRGID 1
| #define HAVE_GETGRGID_R 1
| #define HAVE_GETGRNAM_R 1
| #define HAVE_GETGROUPLIST 1
| #define HAVE_GETHOSTNAME 1
| #define HAVE_GETITIMER 1
| #define HAVE_GETLOADAVG 1
| #define HAVE_GETLOGIN 1
| #define HAVE_GETLOGIN_R 1
| #define HAVE_GETPEERNAME 1
| #define HAVE_GETPGID 1
| #define HAVE_GETPID 1
| #define HAVE_GETPPID 1
| #define HAVE_GETPRIORITY 1
| #define HAVE_GETPWENT 1
| #define HAVE_GETPWNAM_R 1
| #define HAVE_GETPWUID 1
| #define HAVE_GETPWUID_R 1
| #define HAVE_GETRESGID 1
| #define HAVE_GETRESUID 1
| #define HAVE_GETRUSAGE 1
| #define HAVE_GETSID 1
| #define HAVE_GETSPENT 1
| #define HAVE_GETSPNAM 1
| #define HAVE_GETUID 1
| #define HAVE_GETWD 1
| #define HAVE_GRANTPT 1
| #define HAVE_IF_NAMEINDEX 1
| #define HAVE_INITGROUPS 1
| #define HAVE_KILL 1
| #define HAVE_KILLPG 1
| #define HAVE_LCHOWN 1
| #define HAVE_LINKAT 1
| #define HAVE_LOCKF 1
| #define HAVE_LSTAT 1
| #define HAVE_LUTIMES 1
| #define HAVE_MADVISE 1
| #define HAVE_MBRTOWC 1
| #define HAVE_MEMRCHR 1
| #define HAVE_MKDIRAT 1
| #define HAVE_MKFIFO 1
| #define HAVE_MKFIFOAT 1
| #define HAVE_MKNOD 1
| #define HAVE_MKNODAT 1
| #define HAVE_MKTIME 1
| #define HAVE_MMAP 1
| #define HAVE_MREMAP 1
| #define HAVE_NICE 1
| #define HAVE_OPENAT 1
| #define HAVE_OPENDIR 1
| #define HAVE_PATHCONF 1
| #define HAVE_PAUSE 1
| #define HAVE_PIPE 1
| #define HAVE_PIPE2 1
| #define HAVE_POLL 1
| #define HAVE_POSIX_FADVISE 1
| #define HAVE_POSIX_FALLOCATE 1
| #define HAVE_POSIX_OPENPT 1
| #define HAVE_POSIX_SPAWN 1
| #define HAVE_POSIX_SPAWNP 1
| #define HAVE_PREAD 1
| #define HAVE_PREADV 1
| #define HAVE_PREADV2 1
| #define HAVE_PROCESS_VM_READV 1
| #define HAVE_PTHREAD_CONDATTR_SETCLOCK 1
| #define HAVE_PTHREAD_KILL 1
| #define HAVE_PTHREAD_GETNAME_NP 1
| #define HAVE_PTHREAD_SETNAME_NP 1
| #define HAVE_PTHREAD_GETATTR_NP 1
| #define HAVE_PTSNAME 1
| #define HAVE_PTSNAME_R 1
| #define HAVE_PWRITE 1
| #define HAVE_PWRITEV 1
| #define HAVE_PWRITEV2 1
| #define HAVE_READLINK 1
| #define HAVE_READLINKAT 1
| #define HAVE_READV 1
| #define HAVE_REALPATH 1
| #define HAVE_RENAMEAT 1
| #define HAVE_SCHED_GET_PRIORITY_MAX 1
| #define HAVE_SCHED_RR_GET_INTERVAL 1
| #define HAVE_SCHED_SETAFFINITY 1
| #define HAVE_SCHED_SETPARAM 1
| #define HAVE_SCHED_SETSCHEDULER 1
| #define HAVE_SEM_CLOCKWAIT 1
| #define HAVE_SEM_GETVALUE 1
| #define HAVE_SEM_OPEN 1
| #define HAVE_SEM_TIMEDWAIT 1
| #define HAVE_SEM_UNLINK 1
| #define HAVE_SENDFILE 1
| #define HAVE_SETEGID 1
| #define HAVE_SETEUID 1
| #define HAVE_SETGID 1
| #define HAVE_SETHOSTNAME 1
| #define HAVE_SETITIMER 1
| #define HAVE_SETLOCALE 1
| #define HAVE_SETPGID 1
| #define HAVE_SETPGRP 1
| #define HAVE_SETPRIORITY 1
| #define HAVE_SETREGID 1
| #define HAVE_SETRESGID 1
| #define HAVE_SETRESUID 1
| #define HAVE_SETREUID 1
| #define HAVE_SETSID 1
| #define HAVE_SETUID 1
| #define HAVE_SETVBUF 1
| #define HAVE_SHUTDOWN 1
| #define HAVE_SIGACTION 1
| #define HAVE_SIGALTSTACK 1
| #define HAVE_SIGFILLSET 1
| #define HAVE_SIGINTERRUPT 1
| #define HAVE_SIGPENDING 1
| #define HAVE_SIGRELSE 1
| #define HAVE_SIGTIMEDWAIT 1
| #define HAVE_SIGWAIT 1
| #define HAVE_SIGWAITINFO 1
| #define HAVE_SNPRINTF 1
| #define HAVE_SPLICE 1
| #define HAVE_STRFTIME 1
| #define HAVE_STRSIGNAL 1
| #define HAVE_SYMLINKAT 1
| #define HAVE_SYNC 1
| #define HAVE_SYSCONF 1
| #define HAVE_TCGETPGRP 1
| #define HAVE_TCSETPGRP 1
| #define HAVE_TEMPNAM 1
| #define HAVE_TIMEGM 1
| #define HAVE_TIMES 1
| #define HAVE_TMPFILE 1
| #define HAVE_TMPNAM 1
| #define HAVE_TMPNAM_R 1
| #define HAVE_TRUNCATE 1
| #define HAVE_TTYNAME_R 1
| #define HAVE_UMASK 1
| #define HAVE_UNAME 1
| #define HAVE_UNLINKAT 1
| #define HAVE_UNLOCKPT 1
| #define HAVE_UTIMENSAT 1
| #define HAVE_UTIMES 1
| #define HAVE_VFORK 1
| #define HAVE_WAIT 1
| #define HAVE_WAIT3 1
| #define HAVE_WAIT4 1
| #define HAVE_WAITID 1
| #define HAVE_WAITPID 1
| #define HAVE_WCSCOLL 1
| #define HAVE_WCSFTIME 1
| #define HAVE_WCSXFRM 1
| #define HAVE_WMEMCMP 1
| #define HAVE_WRITEV 1
| #define HAVE_GETENTROPY 1
| #define HAVE_GETGROUPS 1
| #define HAVE_SYSTEM 1
| #define HAVE_DIRFD 1
| #define HAVE_CHROOT 1
| #define HAVE_LINK 1
| #define HAVE_SYMLINK 1
| #define HAVE_FCHDIR 1
| #define HAVE_FSYNC 1
| #define HAVE_FDATASYNC 1
| #define HAVE_EPOLL 1
| #define HAVE_EPOLL_CREATE1 1
| #define HAVE_PRLIMIT 1
| #define HAVE_MEMFD_CREATE 1
| #define HAVE_EVENTFD 1
| #define HAVE_TIMERFD_CREATE 1
| #define HAVE_FLOCK 1
| #define HAVE_GETPAGESIZE 1
| #define HAVE_ZLIB_COPY 1
| #define HAVE_HSTRERROR 1
| #define HAVE_GETSERVBYNAME 1
| #define HAVE_GETSERVBYPORT 1
| #define HAVE_GETHOSTBYNAME 1
| #define HAVE_GETHOSTBYADDR 1
| #define HAVE_GETPROTOBYNAME 1
| #define HAVE_INET_ATON 1
| #define HAVE_INET_NTOA 1
| #define HAVE_INET_PTON 1
| #define HAVE_GETPEERNAME 1
| #define HAVE_GETSOCKNAME 1
| #define HAVE_ACCEPT 1
| #define HAVE_BIND 1
| #define HAVE_CONNECT 1
| #define HAVE_LISTEN 1
| #define HAVE_RECVFROM 1
| #define HAVE_SENDTO 1
| #define HAVE_SETSOCKOPT 1
| #define HAVE_SOCKET 1
| #define HAVE_SETGROUPS 1
| #define HAVE_DECL_UT_NAMESIZE 1
| #define HAVE_UT_NAMESIZE 1
| #define HAVE_OPENPTY 1
| #define HAVE_LOGIN_TTY 1
| #define HAVE_FORKPTY 1
| #define HAVE_FSEEKO 1
| #define HAVE_FSTATVFS 1
| #define HAVE_FTELLO 1
| #define HAVE_STATVFS 1
| #define HAVE_DUP2 1
| #define HAVE_GETPGRP 1
| #define HAVE_SETPGRP 1
| #define HAVE_SETNS 1
| #define HAVE_UNSHARE 1
| #define HAVE_CLOCK_GETTIME 1
| #define HAVE_CLOCK_GETRES 1
| #define HAVE_CLOCK_SETTIME 1
| #define HAVE_CLOCK_NANOSLEEP 1
| #define HAVE_NANOSLEEP 1
| #define HAVE_DEVICE_MACROS 1
| #define SYS_SELECT_WITH_SYS_TIME 1
| #define HAVE_GETADDRINFO 1
| #define HAVE_GETNAMEINFO 1
| #define HAVE_STRUCT_TM_TM_ZONE 1
| #define HAVE_TM_ZONE 1
| #define HAVE_STRUCT_STAT_ST_RDEV 1
| #define HAVE_STRUCT_STAT_ST_BLKSIZE 1
| #define HAVE_STRUCT_STAT_ST_BLOCKS 1
| #define HAVE_STRUCT_PASSWD_PW_GECOS 1
| #define HAVE_STRUCT_PASSWD_PW_PASSWD 1
| #define HAVE_SIGINFO_T_SI_BAND 1
| #define HAVE_ADDRINFO 1
| #define HAVE_SOCKADDR_STORAGE 1
| #define HAVE_SOCKADDR_ALG 1
| #define HAVE_PROTOTYPES 1
| #define HAVE_SOCKETPAIR 1
| #define HAVE_GETHOSTBYNAME_R 1
| #define HAVE_GETHOSTBYNAME_R 1
| #define HAVE_GETHOSTBYNAME_R_6_ARG 1
| #define HAVE_GCC_ASM_FOR_X64 1
| #define DOUBLE_IS_LITTLE_ENDIAN_IEEE754 1
| #define HAVE_GCC_ASM_FOR_X87 1
| /* end confdefs.h.  */
| 
| int
| main (void)
| {
| 
|   unsigned int fpcr;
|   __asm__ __volatile__ ("fmove.l %%fpcr,%0" : "=g" (fpcr));
|   __asm__ __volatile__ ("fmove.l %0,%%fpcr" : : "g" (fpcr));
| 
|   ;
|   return 0;
| }
configure:26001: result: no
configure:26017: checking for x87-style double rounding
configure:26054: gcc -pthread  -fno-strict-overflow -Wsign-compare -o conftest    conftest.c -lpthread -ldl  -lutil >&5
configure:26054: $? = 0
configure:26054: ./conftest
configure:26054: $? = 0
configure:26070: result: no
configure:26093: checking for acosh
configure:26093: gcc -pthread -o conftest    conftest.c -lpthread -ldl  -lutil -lm >&5
conftest.c:470:6: warning: conflicting types for built-in function 'acosh'; expected 'double(double)' [-Wbuiltin-declaration-mismatch]
  470 | char acosh (void);
      |      ^~~~~
conftest.c:462:1: note: 'acosh' is declared in header '<math.h>'
  461 | #include <limits.h>
  462 | #undef acosh
configure:26093: $? = 0
configure:26093: result: yes
configure:26093: checking for asinh
configure:26093: gcc -pthread -o conftest    conftest.c -lpthread -ldl  -lutil -lm >&5
conftest.c:471:6: warning: conflicting types for built-in function 'asinh'; expected 'double(double)' [-Wbuiltin-declaration-mismatch]
  471 | char asinh (void);
      |      ^~~~~
conftest.c:463:1: note: 'asinh' is declared in header '<math.h>'
  462 | #include <limits.h>
  463 | #undef asinh
configure:26093: $? = 0
configure:26093: result: yes
configure:26093: checking for atanh
configure:26093: gcc -pthread -o conftest    conftest.c -lpthread -ldl  -lutil -lm >&5
conftest.c:472:6: warning: conflicting types for built-in function 'atanh'; expected 'double(double)' [-Wbuiltin-declaration-mismatch]
  472 | char atanh (void);
      |      ^~~~~
conftest.c:464:1: note: 'atanh' is declared in header '<math.h>'
  463 | #include <limits.h>
  464 | #undef atanh
configure:26093: $? = 0
configure:26093: result: yes
configure:26093: checking for erf
configure:26093: gcc -pthread -o conftest    conftest.c -lpthread -ldl  -lutil -lm >&5
conftest.c:473:6: warning: conflicting types for built-in function 'erf'; expected 'double(double)' [-Wbuiltin-declaration-mismatch]
  473 | char erf (void);
      |      ^~~
conftest.c:465:1: note: 'erf' is declared in header '<math.h>'
  464 | #include <limits.h>
  465 | #undef erf
configure:26093: $? = 0
configure:26093: result: yes
configure:26093: checking for erfc
configure:26093: gcc -pthread -o conftest    conftest.c -lpthread -ldl  -lutil -lm >&5
conftest.c:474:6: warning: conflicting types for built-in function 'erfc'; expected 'double(double)' [-Wbuiltin-declaration-mismatch]
  474 | char erfc (void);
      |      ^~~~
conftest.c:466:1: note: 'erfc' is declared in header '<math.h>'
  465 | #include <limits.h>
  466 | #undef erfc
configure:26093: $? = 0
configure:26093: result: yes
configure:26093: checking for expm1
configure:26093: gcc -pthread -o conftest    conftest.c -lpthread -ldl  -lutil -lm >&5
conftest.c:475:6: warning: conflicting types for built-in function 'expm1'; expected 'double(double)' [-Wbuiltin-declaration-mismatch]
  475 | char expm1 (void);
      |      ^~~~~
conftest.c:467:1: note: 'expm1' is declared in header '<math.h>'
  466 | #include <limits.h>
  467 | #undef expm1
configure:26093: $? = 0
configure:26093: result: yes
configure:26093: checking for log1p
configure:26093: gcc -pthread -o conftest    conftest.c -lpthread -ldl  -lutil -lm >&5
conftest.c:476:6: warning: conflicting types for built-in function 'log1p'; expected 'double(double)' [-Wbuiltin-declaration-mismatch]
  476 | char log1p (void);
      |      ^~~~~
conftest.c:468:1: note: 'log1p' is declared in header '<math.h>'
  467 | #include <limits.h>
  468 | #undef log1p
configure:26093: $? = 0
configure:26093: result: yes
configure:26093: checking for log2
configure:26093: gcc -pthread -o conftest    conftest.c -lpthread -ldl  -lutil -lm >&5
conftest.c:477:6: warning: conflicting types for built-in function 'log2'; expected 'double(double)' [-Wbuiltin-declaration-mismatch]
  477 | char log2 (void);
      |      ^~~~
conftest.c:469:1: note: 'log2' is declared in header '<math.h>'
  468 | #include <limits.h>
  469 | #undef log2
configure:26093: $? = 0
configure:26093: result: yes
configure:26109: checking whether POSIX semaphores are enabled
configure:26142: gcc -pthread -o conftest    conftest.c -lpthread -ldl  -lutil >&5
configure:26142: $? = 0
configure:26142: ./conftest
configure:26142: $? = 0
configure:26157: result: yes
configure:26168: checking for broken sem_getvalue
configure:26205: gcc -pthread -o conftest    conftest.c -lpthread -ldl  -lutil >&5
configure:26205: $? = 0
configure:26205: ./conftest
configure:26205: $? = 0
configure:26220: result: no
configure:26231: checking whether RTLD_LAZY is declared
configure:26231: gcc -pthread -c    conftest.c >&5
configure:26231: $? = 0
configure:26231: result: yes
configure:26241: checking whether RTLD_NOW is declared
configure:26241: gcc -pthread -c    conftest.c >&5
configure:26241: $? = 0
configure:26241: result: yes
configure:26251: checking whether RTLD_GLOBAL is declared
configure:26251: gcc -pthread -c    conftest.c >&5
configure:26251: $? = 0
configure:26251: result: yes
configure:26261: checking whether RTLD_LOCAL is declared
configure:26261: gcc -pthread -c    conftest.c >&5
configure:26261: $? = 0
configure:26261: result: yes
configure:26271: checking whether RTLD_NODELETE is declared
configure:26271: gcc -pthread -c    conftest.c >&5
configure:26271: $? = 0
configure:26271: result: yes
configure:26281: checking whether RTLD_NOLOAD is declared
configure:26281: gcc -pthread -c    conftest.c >&5
configure:26281: $? = 0
configure:26281: result: yes
configure:26291: checking whether RTLD_DEEPBIND is declared
configure:26291: gcc -pthread -c    conftest.c >&5
configure:26291: $? = 0
configure:26291: result: yes
configure:26301: checking whether RTLD_MEMBER is declared
configure:26301: gcc -pthread -c    conftest.c >&5
conftest.c: In function 'main':
conftest.c:478:10: error: 'RTLD_MEMBER' undeclared (first use in this function)
  478 |   (void) RTLD_MEMBER;
      |          ^~~~~~~~~~~
conftest.c:478:10: note: each undeclared identifier is reported only once for each function it appears in
configure:26301: $? = 1
configure: failed program was:
| /* confdefs.h */
| #define _NETBSD_SOURCE 1
| #define __BSD_VISIBLE 1
| #define _DARWIN_C_SOURCE 1
| #define _PYTHONFRAMEWORK ""
| #define _XOPEN_SOURCE 700
| #define _XOPEN_SOURCE_EXTENDED 1
| #define _POSIX_C_SOURCE 200809L
| #define HAVE_STDIO_H 1
| #define HAVE_STDLIB_H 1
| #define HAVE_STRING_H 1
| #define HAVE_INTTYPES_H 1
| #define HAVE_STDINT_H 1
| #define HAVE_STRINGS_H 1
| #define HAVE_SYS_STAT_H 1
| #define HAVE_SYS_TYPES_H 1
| #define HAVE_UNISTD_H 1
| #define HAVE_WCHAR_H 1
| #define STDC_HEADERS 1
| #define _ALL_SOURCE 1
| #define _DARWIN_C_SOURCE 1
| #define _GNU_SOURCE 1
| #define _HPUX_ALT_XOPEN_SOCKET_API 1
| #define _NETBSD_SOURCE 1
| #define _OPENBSD_SOURCE 1
| #define _POSIX_PTHREAD_SEMANTICS 1
| #define __STDC_WANT_IEC_60559_ATTRIBS_EXT__ 1
| #define __STDC_WANT_IEC_60559_BFP_EXT__ 1
| #define __STDC_WANT_IEC_60559_DFP_EXT__ 1
| #define __STDC_WANT_IEC_60559_EXT__ 1
| #define __STDC_WANT_IEC_60559_FUNCS_EXT__ 1
| #define __STDC_WANT_IEC_60559_TYPES_EXT__ 1
| #define __STDC_WANT_LIB_EXT2__ 1
| #define __STDC_WANT_MATH_SPEC_FUNCS__ 1
| #define _TANDEM_SOURCE 1
| #define __EXTENSIONS__ 1
| #define _Py_STACK_GROWS_DOWN 1
| #define PY_SUPPORT_TIER 1
| #define STDC_HEADERS 1
| #define HAVE_ALLOCA_H 1
| #define HAVE_ASM_TYPES_H 1
| #define HAVE_DLFCN_H 1
| #define HAVE_ENDIAN_H 1
| #define HAVE_ERRNO_H 1
| #define HAVE_FCNTL_H 1
| #define HAVE_GRP_H 1
| #define HAVE_LANGINFO_H 1
| #define HAVE_LIBINTL_H 1
| #define HAVE_LINUX_AUXVEC_H 1
| #define HAVE_SYS_AUXV_H 1
| #define HAVE_LINUX_FS_H 1
| #define HAVE_LINUX_LIMITS_H 1
| #define HAVE_LINUX_MEMFD_H 1
| #define HAVE_LINUX_NETFILTER_IPV4_H 1
| #define HAVE_LINUX_RANDOM_H 1
| #define HAVE_LINUX_SOUNDCARD_H 1
| #define HAVE_LINUX_SCHED_H 1
| #define HAVE_LINUX_TIPC_H 1
| #define HAVE_LINUX_WAIT_H 1
| #define HAVE_NETDB_H 1
| #define HAVE_NET_ETHERNET_H 1
| #define HAVE_NETINET_IN_H 1
| #define HAVE_NETPACKET_PACKET_H 1
| #define HAVE_POLL_H 1
| #define HAVE_PTHREAD_H 1
| #define HAVE_PTY_H 1
| #define HAVE_SCHED_H 1
| #define HAVE_SETJMP_H 1
| #define HAVE_SHADOW_H 1
| #define HAVE_SIGNAL_H 1
| #define HAVE_SPAWN_H 1
| #define HAVE_SYS_EPOLL_H 1
| #define HAVE_SYS_EVENTFD_H 1
| #define HAVE_SYS_FILE_H 1
| #define HAVE_SYS_IOCTL_H 1
| #define HAVE_SYS_MMAN_H 1
| #define HAVE_SYS_PARAM_H 1
| #define HAVE_SYS_POLL_H 1
| #define HAVE_SYS_RANDOM_H 1
| #define HAVE_SYS_RESOURCE_H 1
| #define HAVE_SYS_SELECT_H 1
| #define HAVE_SYS_SENDFILE_H 1
| #define HAVE_SYS_SOCKET_H 1
| #define HAVE_SYS_SOUNDCARD_H 1
| #define HAVE_SYS_STAT_H 1
| #define HAVE_SYS_STATVFS_H 1
| #define HAVE_SYS_SYSCALL_H 1
| #define HAVE_SYS_SYSMACROS_H 1
| #define HAVE_SYS_TIME_H 1
| #define HAVE_SYS_TIMES_H 1
| #define HAVE_SYS_TIMERFD_H 1
| #define HAVE_SYS_TYPES_H 1
| #define HAVE_SYS_UIO_H 1
| #define HAVE_SYS_UN_H 1
| #define HAVE_SYS_UTSNAME_H 1
| #define HAVE_SYS_WAIT_H 1
| #define HAVE_SYS_XATTR_H 1
| #define HAVE_SYSEXITS_H 1
| #define HAVE_SYSLOG_H 1
| #define HAVE_TERMIOS_H 1
| #define HAVE_UTIME_H 1
| #define HAVE_UTMP_H 1
| #define HAVE_DIRENT_H 1
| #define MAJOR_IN_SYSMACROS 1
| #define HAVE_NET_IF_H 1
| #define HAVE_LINUX_NETLINK_H 1
| #define HAVE_LINUX_QRTR_H 1
| #define HAVE_LINUX_VM_SOCKETS_H 1
| #define HAVE_LINUX_CAN_H 1
| #define HAVE_LINUX_CAN_BCM_H 1
| #define HAVE_LINUX_CAN_J1939_H 1
| #define HAVE_LINUX_CAN_RAW_H 1
| #define HAVE_CLOCK_T 1
| #define HAVE_MAKEDEV 1
| #define HAVE_HTOLE64 1
| #define _LARGEFILE_SOURCE 1
| #define _FILE_OFFSET_BITS 64
| #if defined(SCO_DS)
| #undef _OFF_T
| #endif
| #define RETSIGTYPE void
| #define HAVE_SSIZE_T 1
| #define HAVE___UINT128_T 1
| #define HAVE_GCC_UINT128_T 1
| #define SIZEOF_INT 4
| #define SIZEOF_LONG 8
| #define ALIGNOF_LONG 8
| #define SIZEOF_LONG_LONG 8
| #define SIZEOF_VOID_P 8
| #define SIZEOF_SHORT 2
| #define SIZEOF_FLOAT 4
| #define SIZEOF_DOUBLE 8
| #define SIZEOF_FPOS_T 16
| #define SIZEOF_SIZE_T 8
| #define ALIGNOF_SIZE_T 8
| #define SIZEOF_PID_T 4
| #define SIZEOF_UINTPTR_T 8
| #define ALIGNOF_MAX_ALIGN_T 16
| #define HAVE_LONG_DOUBLE 1
| #define SIZEOF_LONG_DOUBLE 16
| #define SIZEOF__BOOL 1
| #define SIZEOF_OFF_T 8
| #define SIZEOF_TIME_T 8
| #define SIZEOF_PTHREAD_T 8
| #define SIZEOF_PTHREAD_KEY_T 4
| #define PTHREAD_KEY_T_IS_COMPATIBLE_WITH_INT 1
| #define PY_HAVE_PERF_TRAMPOLINE 1
| #define HAVE_LIBDL 1
| #define HAVE_EXECINFO_H 1
| #define HAVE_BACKTRACE 1
| #define HAVE_DLADDR1 1
| #define HAVE_LINK_H 1
| #define HAVE_BACKTRACE 1
| #define HAVE_DLADDR1 1
| #define HAVE_DLFCN_H 1
| #define HAVE_BACKTRACE 1
| #define HAVE_DLADDR1 1
| #define HAVE_UUID_H 1
| #define HAVE_UUID_GENERATE_TIME_SAFE 1
| #define HAVE_FFI_PREP_CIF_VAR 1
| #define HAVE_FFI_PREP_CLOSURE_LOC 1
| #define HAVE_FFI_CLOSURE_ALLOC 1
| #define WITH_DECIMAL_CONTEXTVAR 1
| #define HAVE_LIBSQLITE3 1
| #define HAVE_LIBSQLITE3 1
| #define HAVE_LIBSQLITE3 1
| #define HAVE_LIBSQLITE3 1
| #define HAVE_LIBSQLITE3 1
| #define HAVE_LIBSQLITE3 1
| #define HAVE_LIBSQLITE3 1
| #define HAVE_LIBSQLITE3 1
| #define HAVE_LIBSQLITE3 1
| #define PY_SQLITE_HAVE_SERIALIZE 1
| #define PTHREAD_SYSTEM_SCHED_SUPPORTED 1
| #define HAVE_PTHREAD_SIGMASK 1
| #define HAVE_PTHREAD_GETCPUCLOCKID 1
| #define ENABLE_IPV6 1
| #define HAVE_LINUX_CAN_RAW_FD_FRAMES 1
| #define HAVE_LINUX_CAN_RAW_JOIN_FILTERS 1
| #define WITH_DOC_STRINGS 1
| #define HAVE_STD_ATOMIC 1
| #define HAVE_BUILTIN_ATOMIC 1
| #define WITH_MIMALLOC 1
| #define WITH_PYMALLOC 1
| #define PY_COERCE_C_LOCALE 1
| #define HAVE_DLOPEN 1
| #define HAVE_DYNAMIC_LOADING 1
| #define HAVE_ACCEPT4 1
| #define HAVE_ALARM 1
| #define HAVE_BIND_TEXTDOMAIN_CODESET 1
| #define HAVE_CHMOD 1
| #define HAVE_CHOWN 1
| #define HAVE_CLOCK 1
| #define HAVE_CONFSTR 1
| #define HAVE_COPY_FILE_RANGE 1
| #define HAVE_CTERMID 1
| #define HAVE_DLADDR 1
| #define HAVE_DUP 1
| #define HAVE_DUP3 1
| #define HAVE_EXECV 1
| #define HAVE_EXPLICIT_BZERO 1
| #define HAVE_FACCESSAT 1
| #define HAVE_FCHMOD 1
| #define HAVE_FCHMODAT 1
| #define HAVE_FCHOWN 1
| #define HAVE_FCHOWNAT 1
| #define HAVE_FDOPENDIR 1
| #define HAVE_FEXECVE 1
| #define HAVE_FORK 1
| #define HAVE_FPATHCONF 1
| #define HAVE_FSTATAT 1
| #define HAVE_FTIME 1
| #define HAVE_FTRUNCATE 1
| #define HAVE_FUTIMENS 1
| #define HAVE_FUTIMES 1
| #define HAVE_FUTIMESAT 1
| #define HAVE_GAI_STRERROR 1
| #define HAVE_GETEGID 1
| #define HAVE_GETEUID 1
| #define HAVE_GETGID 1
| #define HAVE_GETGRENT 1
| #define HAVE_GETGRGID 1
| #define HAVE_GETGRGID_R 1
| #define HAVE_GETGRNAM_R 1
| #define HAVE_GETGROUPLIST 1
| #define HAVE_GETHOSTNAME 1
| #define HAVE_GETITIMER 1
| #define HAVE_GETLOADAVG 1
| #define HAVE_GETLOGIN 1
| #define HAVE_GETLOGIN_R 1
| #define HAVE_GETPEERNAME 1
| #define HAVE_GETPGID 1
| #define HAVE_GETPID 1
| #define HAVE_GETPPID 1
| #define HAVE_GETPRIORITY 1
| #define HAVE_GETPWENT 1
| #define HAVE_GETPWNAM_R 1
| #define HAVE_GETPWUID 1
| #define HAVE_GETPWUID_R 1
| #define HAVE_GETRESGID 1
| #define HAVE_GETRESUID 1
| #define HAVE_GETRUSAGE 1
| #define HAVE_GETSID 1
| #define HAVE_GETSPENT 1
| #define HAVE_GETSPNAM 1
| #define HAVE_GETUID 1
| #define HAVE_GETWD 1
| #define HAVE_GRANTPT 1
| #define HAVE_IF_NAMEINDEX 1
| #define HAVE_INITGROUPS 1
| #define HAVE_KILL 1
| #define HAVE_KILLPG 1
| #define HAVE_LCHOWN 1
| #define HAVE_LINKAT 1
| #define HAVE_LOCKF 1
| #define HAVE_LSTAT 1
| #define HAVE_LUTIMES 1
| #define HAVE_MADVISE 1
| #define HAVE_MBRTOWC 1
| #define HAVE_MEMRCHR 1
| #define HAVE_MKDIRAT 1
| #define HAVE_MKFIFO 1
| #define HAVE_MKFIFOAT 1
| #define HAVE_MKNOD 1
| #define HAVE_MKNODAT 1
| #define HAVE_MKTIME 1
| #define HAVE_MMAP 1
| #define HAVE_MREMAP 1
| #define HAVE_NICE 1
| #define HAVE_OPENAT 1
| #define HAVE_OPENDIR 1
| #define HAVE_PATHCONF 1
| #define HAVE_PAUSE 1
| #define HAVE_PIPE 1
| #define HAVE_PIPE2 1
| #define HAVE_POLL 1
| #define HAVE_POSIX_FADVISE 1
| #define HAVE_POSIX_FALLOCATE 1
| #define HAVE_POSIX_OPENPT 1
| #define HAVE_POSIX_SPAWN 1
| #define HAVE_POSIX_SPAWNP 1
| #define HAVE_PREAD 1
| #define HAVE_PREADV 1
| #define HAVE_PREADV2 1
| #define HAVE_PROCESS_VM_READV 1
| #define HAVE_PTHREAD_CONDATTR_SETCLOCK 1
| #define HAVE_PTHREAD_KILL 1
| #define HAVE_PTHREAD_GETNAME_NP 1
| #define HAVE_PTHREAD_SETNAME_NP 1
| #define HAVE_PTHREAD_GETATTR_NP 1
| #define HAVE_PTSNAME 1
| #define HAVE_PTSNAME_R 1
| #define HAVE_PWRITE 1
| #define HAVE_PWRITEV 1
| #define HAVE_PWRITEV2 1
| #define HAVE_READLINK 1
| #define HAVE_READLINKAT 1
| #define HAVE_READV 1
| #define HAVE_REALPATH 1
| #define HAVE_RENAMEAT 1
| #define HAVE_SCHED_GET_PRIORITY_MAX 1
| #define HAVE_SCHED_RR_GET_INTERVAL 1
| #define HAVE_SCHED_SETAFFINITY 1
| #define HAVE_SCHED_SETPARAM 1
| #define HAVE_SCHED_SETSCHEDULER 1
| #define HAVE_SEM_CLOCKWAIT 1
| #define HAVE_SEM_GETVALUE 1
| #define HAVE_SEM_OPEN 1
| #define HAVE_SEM_TIMEDWAIT 1
| #define HAVE_SEM_UNLINK 1
| #define HAVE_SENDFILE 1
| #define HAVE_SETEGID 1
| #define HAVE_SETEUID 1
| #define HAVE_SETGID 1
| #define HAVE_SETHOSTNAME 1
| #define HAVE_SETITIMER 1
| #define HAVE_SETLOCALE 1
| #define HAVE_SETPGID 1
| #define HAVE_SETPGRP 1
| #define HAVE_SETPRIORITY 1
| #define HAVE_SETREGID 1
| #define HAVE_SETRESGID 1
| #define HAVE_SETRESUID 1
| #define HAVE_SETREUID 1
| #define HAVE_SETSID 1
| #define HAVE_SETUID 1
| #define HAVE_SETVBUF 1
| #define HAVE_SHUTDOWN 1
| #define HAVE_SIGACTION 1
| #define HAVE_SIGALTSTACK 1
| #define HAVE_SIGFILLSET 1
| #define HAVE_SIGINTERRUPT 1
| #define HAVE_SIGPENDING 1
| #define HAVE_SIGRELSE 1
| #define HAVE_SIGTIMEDWAIT 1
| #define HAVE_SIGWAIT 1
| #define HAVE_SIGWAITINFO 1
| #define HAVE_SNPRINTF 1
| #define HAVE_SPLICE 1
| #define HAVE_STRFTIME 1
| #define HAVE_STRSIGNAL 1
| #define HAVE_SYMLINKAT 1
| #define HAVE_SYNC 1
| #define HAVE_SYSCONF 1
| #define HAVE_TCGETPGRP 1
| #define HAVE_TCSETPGRP 1
| #define HAVE_TEMPNAM 1
| #define HAVE_TIMEGM 1
| #define HAVE_TIMES 1
| #define HAVE_TMPFILE 1
| #define HAVE_TMPNAM 1
| #define HAVE_TMPNAM_R 1
| #define HAVE_TRUNCATE 1
| #define HAVE_TTYNAME_R 1
| #define HAVE_UMASK 1
| #define HAVE_UNAME 1
| #define HAVE_UNLINKAT 1
| #define HAVE_UNLOCKPT 1
| #define HAVE_UTIMENSAT 1
| #define HAVE_UTIMES 1
| #define HAVE_VFORK 1
| #define HAVE_WAIT 1
| #define HAVE_WAIT3 1
| #define HAVE_WAIT4 1
| #define HAVE_WAITID 1
| #define HAVE_WAITPID 1
| #define HAVE_WCSCOLL 1
| #define HAVE_WCSFTIME 1
| #define HAVE_WCSXFRM 1
| #define HAVE_WMEMCMP 1
| #define HAVE_WRITEV 1
| #define HAVE_GETENTROPY 1
| #define HAVE_GETGROUPS 1
| #define HAVE_SYSTEM 1
| #define HAVE_DIRFD 1
| #define HAVE_CHROOT 1
| #define HAVE_LINK 1
| #define HAVE_SYMLINK 1
| #define HAVE_FCHDIR 1
| #define HAVE_FSYNC 1
| #define HAVE_FDATASYNC 1
| #define HAVE_EPOLL 1
| #define HAVE_EPOLL_CREATE1 1
| #define HAVE_PRLIMIT 1
| #define HAVE_MEMFD_CREATE 1
| #define HAVE_EVENTFD 1
| #define HAVE_TIMERFD_CREATE 1
| #define HAVE_FLOCK 1
| #define HAVE_GETPAGESIZE 1
| #define HAVE_ZLIB_COPY 1
| #define HAVE_HSTRERROR 1
| #define HAVE_GETSERVBYNAME 1
| #define HAVE_GETSERVBYPORT 1
| #define HAVE_GETHOSTBYNAME 1
| #define HAVE_GETHOSTBYADDR 1
| #define HAVE_GETPROTOBYNAME 1
| #define HAVE_INET_ATON 1
| #define HAVE_INET_NTOA 1
| #define HAVE_INET_PTON 1
| #define HAVE_GETPEERNAME 1
| #define HAVE_GETSOCKNAME 1
| #define HAVE_ACCEPT 1
| #define HAVE_BIND 1
| #define HAVE_CONNECT 1
| #define HAVE_LISTEN 1
| #define HAVE_RECVFROM 1
| #define HAVE_SENDTO 1
| #define HAVE_SETSOCKOPT 1
| #define HAVE_SOCKET 1
| #define HAVE_SETGROUPS 1
| #define HAVE_DECL_UT_NAMESIZE 1
| #define HAVE_UT_NAMESIZE 1
| #define HAVE_OPENPTY 1
| #define HAVE_LOGIN_TTY 1
| #define HAVE_FORKPTY 1
| #define HAVE_FSEEKO 1
| #define HAVE_FSTATVFS 1
| #define HAVE_FTELLO 1
| #define HAVE_STATVFS 1
| #define HAVE_DUP2 1
| #define HAVE_GETPGRP 1
| #define HAVE_SETPGRP 1
| #define HAVE_SETNS 1
| #define HAVE_UNSHARE 1
| #define HAVE_CLOCK_GETTIME 1
| #define HAVE_CLOCK_GETRES 1
| #define HAVE_CLOCK_SETTIME 1
| #define HAVE_CLOCK_NANOSLEEP 1
| #define HAVE_NANOSLEEP 1
| #define HAVE_DEVICE_MACROS 1
| #define SYS_SELECT_WITH_SYS_TIME 1
| #define HAVE_GETADDRINFO 1
| #define HAVE_GETNAMEINFO 1
| #define HAVE_STRUCT_TM_TM_ZONE 1
| #define HAVE_TM_ZONE 1
| #define HAVE_STRUCT_STAT_ST_RDEV 1
| #define HAVE_STRUCT_STAT_ST_BLKSIZE 1
| #define HAVE_STRUCT_STAT_ST_BLOCKS 1
| #define HAVE_STRUCT_PASSWD_PW_GECOS 1
| #define HAVE_STRUCT_PASSWD_PW_PASSWD 1
| #define HAVE_SIGINFO_T_SI_BAND 1
| #define HAVE_ADDRINFO 1
| #define HAVE_SOCKADDR_STORAGE 1
| #define HAVE_SOCKADDR_ALG 1
| #define HAVE_PROTOTYPES 1
| #define HAVE_SOCKETPAIR 1
| #define HAVE_GETHOSTBYNAME_R 1
| #define HAVE_GETHOSTBYNAME_R 1
| #define HAVE_GETHOSTBYNAME_R_6_ARG 1
| #define HAVE_GCC_ASM_FOR_X64 1
| #define DOUBLE_IS_LITTLE_ENDIAN_IEEE754 1
| #define HAVE_GCC_ASM_FOR_X87 1
| #define HAVE_ACOSH 1
| #define HAVE_ASINH 1
| #define HAVE_ATANH 1
| #define HAVE_ERF 1
| #define HAVE_ERFC 1
| #define HAVE_EXPM1 1
| #define HAVE_LOG1P 1
| #define HAVE_LOG2 1
| #define HAVE_DECL_RTLD_LAZY 1
| #define HAVE_DECL_RTLD_NOW 1
| #define HAVE_DECL_RTLD_GLOBAL 1
| #define HAVE_DECL_RTLD_LOCAL 1
| #define HAVE_DECL_RTLD_NODELETE 1
| #define HAVE_DECL_RTLD_NOLOAD 1
| #define HAVE_DECL_RTLD_DEEPBIND 1
| /* end confdefs.h.  */
| #include <dlfcn.h>
| 
| int
| main (void)
| {
| #ifndef RTLD_MEMBER
| #ifdef __cplusplus
|   (void) RTLD_MEMBER;
| #else
|   (void) RTLD_MEMBER;
| #endif
| #endif
| 
|   ;
|   return 0;
| }
configure:26301: result: no
configure:26314: checking digit size for Python's longs
configure:26336: result: no value specified
configure:26343: checking for wchar.h
configure:26343: result: yes
configure:26366: checking size of wchar_t
configure:26372: gcc -pthread -o conftest    conftest.c -lpthread -ldl  -lutil >&5
configure:26372: $? = 0
configure:26372: ./conftest
configure:26372: $? = 0
configure:26390: result: 4
configure:26404: checking whether wchar_t is signed
configure:26426: gcc -pthread -o conftest    conftest.c -lpthread -ldl  -lutil >&5
configure:26426: $? = 0
configure:26426: ./conftest
configure:26426: $? = 0
configure:26440: result: yes
configure:26444: checking whether wchar_t is usable
configure:26456: result: no
configure:26477: checking whether byte ordering is bigendian
configure:26493: gcc -pthread -c   conftest.c >&5
conftest.c:473:9: error: unknown type name 'not'
  473 |         not a universal capable compiler
      |         ^~~
conftest.c:473:15: error: expected '=', ',', ';', 'asm' or '__attribute__' before 'universal'
  473 |         not a universal capable compiler
      |               ^~~~~~~~~
conftest.c:473:15: error: unknown type name 'universal'
configure:26493: $? = 1
configure: failed program was:
| /* confdefs.h */
| #define _NETBSD_SOURCE 1
| #define __BSD_VISIBLE 1
| #define _DARWIN_C_SOURCE 1
| #define _PYTHONFRAMEWORK ""
| #define _XOPEN_SOURCE 700
| #define _XOPEN_SOURCE_EXTENDED 1
| #define _POSIX_C_SOURCE 200809L
| #define HAVE_STDIO_H 1
| #define HAVE_STDLIB_H 1
| #define HAVE_STRING_H 1
| #define HAVE_INTTYPES_H 1
| #define HAVE_STDINT_H 1
| #define HAVE_STRINGS_H 1
| #define HAVE_SYS_STAT_H 1
| #define HAVE_SYS_TYPES_H 1
| #define HAVE_UNISTD_H 1
| #define HAVE_WCHAR_H 1
| #define STDC_HEADERS 1
| #define _ALL_SOURCE 1
| #define _DARWIN_C_SOURCE 1
| #define _GNU_SOURCE 1
| #define _HPUX_ALT_XOPEN_SOCKET_API 1
| #define _NETBSD_SOURCE 1
| #define _OPENBSD_SOURCE 1
| #define _POSIX_PTHREAD_SEMANTICS 1
| #define __STDC_WANT_IEC_60559_ATTRIBS_EXT__ 1
| #define __STDC_WANT_IEC_60559_BFP_EXT__ 1
| #define __STDC_WANT_IEC_60559_DFP_EXT__ 1
| #define __STDC_WANT_IEC_60559_EXT__ 1
| #define __STDC_WANT_IEC_60559_FUNCS_EXT__ 1
| #define __STDC_WANT_IEC_60559_TYPES_EXT__ 1
| #define __STDC_WANT_LIB_EXT2__ 1
| #define __STDC_WANT_MATH_SPEC_FUNCS__ 1
| #define _TANDEM_SOURCE 1
| #define __EXTENSIONS__ 1
| #define _Py_STACK_GROWS_DOWN 1
| #define PY_SUPPORT_TIER 1
| #define STDC_HEADERS 1
| #define HAVE_ALLOCA_H 1
| #define HAVE_ASM_TYPES_H 1
| #define HAVE_DLFCN_H 1
| #define HAVE_ENDIAN_H 1
| #define HAVE_ERRNO_H 1
| #define HAVE_FCNTL_H 1
| #define HAVE_GRP_H 1
| #define HAVE_LANGINFO_H 1
| #define HAVE_LIBINTL_H 1
| #define HAVE_LINUX_AUXVEC_H 1
| #define HAVE_SYS_AUXV_H 1
| #define HAVE_LINUX_FS_H 1
| #define HAVE_LINUX_LIMITS_H 1
| #define HAVE_LINUX_MEMFD_H 1
| #define HAVE_LINUX_NETFILTER_IPV4_H 1
| #define HAVE_LINUX_RANDOM_H 1
| #define HAVE_LINUX_SOUNDCARD_H 1
| #define HAVE_LINUX_SCHED_H 1
| #define HAVE_LINUX_TIPC_H 1
| #define HAVE_LINUX_WAIT_H 1
| #define HAVE_NETDB_H 1
| #define HAVE_NET_ETHERNET_H 1
| #define HAVE_NETINET_IN_H 1
| #define HAVE_NETPACKET_PACKET_H 1
| #define HAVE_POLL_H 1
| #define HAVE_PTHREAD_H 1
| #define HAVE_PTY_H 1
| #define HAVE_SCHED_H 1
| #define HAVE_SETJMP_H 1
| #define HAVE_SHADOW_H 1
| #define HAVE_SIGNAL_H 1
| #define HAVE_SPAWN_H 1
| #define HAVE_SYS_EPOLL_H 1
| #define HAVE_SYS_EVENTFD_H 1
| #define HAVE_SYS_FILE_H 1
| #define HAVE_SYS_IOCTL_H 1
| #define HAVE_SYS_MMAN_H 1
| #define HAVE_SYS_PARAM_H 1
| #define HAVE_SYS_POLL_H 1
| #define HAVE_SYS_RANDOM_H 1
| #define HAVE_SYS_RESOURCE_H 1
| #define HAVE_SYS_SELECT_H 1
| #define HAVE_SYS_SENDFILE_H 1
| #define HAVE_SYS_SOCKET_H 1
| #define HAVE_SYS_SOUNDCARD_H 1
| #define HAVE_SYS_STAT_H 1
| #define HAVE_SYS_STATVFS_H 1
| #define HAVE_SYS_SYSCALL_H 1
| #define HAVE_SYS_SYSMACROS_H 1
| #define HAVE_SYS_TIME_H 1
| #define HAVE_SYS_TIMES_H 1
| #define HAVE_SYS_TIMERFD_H 1
| #define HAVE_SYS_TYPES_H 1
| #define HAVE_SYS_UIO_H 1
| #define HAVE_SYS_UN_H 1
| #define HAVE_SYS_UTSNAME_H 1
| #define HAVE_SYS_WAIT_H 1
| #define HAVE_SYS_XATTR_H 1
| #define HAVE_SYSEXITS_H 1
| #define HAVE_SYSLOG_H 1
| #define HAVE_TERMIOS_H 1
| #define HAVE_UTIME_H 1
| #define HAVE_UTMP_H 1
| #define HAVE_DIRENT_H 1
| #define MAJOR_IN_SYSMACROS 1
| #define HAVE_NET_IF_H 1
| #define HAVE_LINUX_NETLINK_H 1
| #define HAVE_LINUX_QRTR_H 1
| #define HAVE_LINUX_VM_SOCKETS_H 1
| #define HAVE_LINUX_CAN_H 1
| #define HAVE_LINUX_CAN_BCM_H 1
| #define HAVE_LINUX_CAN_J1939_H 1
| #define HAVE_LINUX_CAN_RAW_H 1
| #define HAVE_CLOCK_T 1
| #define HAVE_MAKEDEV 1
| #define HAVE_HTOLE64 1
| #define _LARGEFILE_SOURCE 1
| #define _FILE_OFFSET_BITS 64
| #if defined(SCO_DS)
| #undef _OFF_T
| #endif
| #define RETSIGTYPE void
| #define HAVE_SSIZE_T 1
| #define HAVE___UINT128_T 1
| #define HAVE_GCC_UINT128_T 1
| #define SIZEOF_INT 4
| #define SIZEOF_LONG 8
| #define ALIGNOF_LONG 8
| #define SIZEOF_LONG_LONG 8
| #define SIZEOF_VOID_P 8
| #define SIZEOF_SHORT 2
| #define SIZEOF_FLOAT 4
| #define SIZEOF_DOUBLE 8
| #define SIZEOF_FPOS_T 16
| #define SIZEOF_SIZE_T 8
| #define ALIGNOF_SIZE_T 8
| #define SIZEOF_PID_T 4
| #define SIZEOF_UINTPTR_T 8
| #define ALIGNOF_MAX_ALIGN_T 16
| #define HAVE_LONG_DOUBLE 1
| #define SIZEOF_LONG_DOUBLE 16
| #define SIZEOF__BOOL 1
| #define SIZEOF_OFF_T 8
| #define SIZEOF_TIME_T 8
| #define SIZEOF_PTHREAD_T 8
| #define SIZEOF_PTHREAD_KEY_T 4
| #define PTHREAD_KEY_T_IS_COMPATIBLE_WITH_INT 1
| #define PY_HAVE_PERF_TRAMPOLINE 1
| #define HAVE_LIBDL 1
| #define HAVE_EXECINFO_H 1
| #define HAVE_BACKTRACE 1
| #define HAVE_DLADDR1 1
| #define HAVE_LINK_H 1
| #define HAVE_BACKTRACE 1
| #define HAVE_DLADDR1 1
| #define HAVE_DLFCN_H 1
| #define HAVE_BACKTRACE 1
| #define HAVE_DLADDR1 1
| #define HAVE_UUID_H 1
| #define HAVE_UUID_GENERATE_TIME_SAFE 1
| #define HAVE_FFI_PREP_CIF_VAR 1
| #define HAVE_FFI_PREP_CLOSURE_LOC 1
| #define HAVE_FFI_CLOSURE_ALLOC 1
| #define WITH_DECIMAL_CONTEXTVAR 1
| #define HAVE_LIBSQLITE3 1
| #define HAVE_LIBSQLITE3 1
| #define HAVE_LIBSQLITE3 1
| #define HAVE_LIBSQLITE3 1
| #define HAVE_LIBSQLITE3 1
| #define HAVE_LIBSQLITE3 1
| #define HAVE_LIBSQLITE3 1
| #define HAVE_LIBSQLITE3 1
| #define HAVE_LIBSQLITE3 1
| #define PY_SQLITE_HAVE_SERIALIZE 1
| #define PTHREAD_SYSTEM_SCHED_SUPPORTED 1
| #define HAVE_PTHREAD_SIGMASK 1
| #define HAVE_PTHREAD_GETCPUCLOCKID 1
| #define ENABLE_IPV6 1
| #define HAVE_LINUX_CAN_RAW_FD_FRAMES 1
| #define HAVE_LINUX_CAN_RAW_JOIN_FILTERS 1
| #define WITH_DOC_STRINGS 1
| #define HAVE_STD_ATOMIC 1
| #define HAVE_BUILTIN_ATOMIC 1
| #define WITH_MIMALLOC 1
| #define WITH_PYMALLOC 1
| #define PY_COERCE_C_LOCALE 1
| #define HAVE_DLOPEN 1
| #define HAVE_DYNAMIC_LOADING 1
| #define HAVE_ACCEPT4 1
| #define HAVE_ALARM 1
| #define HAVE_BIND_TEXTDOMAIN_CODESET 1
| #define HAVE_CHMOD 1
| #define HAVE_CHOWN 1
| #define HAVE_CLOCK 1
| #define HAVE_CONFSTR 1
| #define HAVE_COPY_FILE_RANGE 1
| #define HAVE_CTERMID 1
| #define HAVE_DLADDR 1
| #define HAVE_DUP 1
| #define HAVE_DUP3 1
| #define HAVE_EXECV 1
| #define HAVE_EXPLICIT_BZERO 1
| #define HAVE_FACCESSAT 1
| #define HAVE_FCHMOD 1
| #define HAVE_FCHMODAT 1
| #define HAVE_FCHOWN 1
| #define HAVE_FCHOWNAT 1
| #define HAVE_FDOPENDIR 1
| #define HAVE_FEXECVE 1
| #define HAVE_FORK 1
| #define HAVE_FPATHCONF 1
| #define HAVE_FSTATAT 1
| #define HAVE_FTIME 1
| #define HAVE_FTRUNCATE 1
| #define HAVE_FUTIMENS 1
| #define HAVE_FUTIMES 1
| #define HAVE_FUTIMESAT 1
| #define HAVE_GAI_STRERROR 1
| #define HAVE_GETEGID 1
| #define HAVE_GETEUID 1
| #define HAVE_GETGID 1
| #define HAVE_GETGRENT 1
| #define HAVE_GETGRGID 1
| #define HAVE_GETGRGID_R 1
| #define HAVE_GETGRNAM_R 1
| #define HAVE_GETGROUPLIST 1
| #define HAVE_GETHOSTNAME 1
| #define HAVE_GETITIMER 1
| #define HAVE_GETLOADAVG 1
| #define HAVE_GETLOGIN 1
| #define HAVE_GETLOGIN_R 1
| #define HAVE_GETPEERNAME 1
| #define HAVE_GETPGID 1
| #define HAVE_GETPID 1
| #define HAVE_GETPPID 1
| #define HAVE_GETPRIORITY 1
| #define HAVE_GETPWENT 1
| #define HAVE_GETPWNAM_R 1
| #define HAVE_GETPWUID 1
| #define HAVE_GETPWUID_R 1
| #define HAVE_GETRESGID 1
| #define HAVE_GETRESUID 1
| #define HAVE_GETRUSAGE 1
| #define HAVE_GETSID 1
| #define HAVE_GETSPENT 1
| #define HAVE_GETSPNAM 1
| #define HAVE_GETUID 1
| #define HAVE_GETWD 1
| #define HAVE_GRANTPT 1
| #define HAVE_IF_NAMEINDEX 1
| #define HAVE_INITGROUPS 1
| #define HAVE_KILL 1
| #define HAVE_KILLPG 1
| #define HAVE_LCHOWN 1
| #define HAVE_LINKAT 1
| #define HAVE_LOCKF 1
| #define HAVE_LSTAT 1
| #define HAVE_LUTIMES 1
| #define HAVE_MADVISE 1
| #define HAVE_MBRTOWC 1
| #define HAVE_MEMRCHR 1
| #define HAVE_MKDIRAT 1
| #define HAVE_MKFIFO 1
| #define HAVE_MKFIFOAT 1
| #define HAVE_MKNOD 1
| #define HAVE_MKNODAT 1
| #define HAVE_MKTIME 1
| #define HAVE_MMAP 1
| #define HAVE_MREMAP 1
| #define HAVE_NICE 1
| #define HAVE_OPENAT 1
| #define HAVE_OPENDIR 1
| #define HAVE_PATHCONF 1
| #define HAVE_PAUSE 1
| #define HAVE_PIPE 1
| #define HAVE_PIPE2 1
| #define HAVE_POLL 1
| #define HAVE_POSIX_FADVISE 1
| #define HAVE_POSIX_FALLOCATE 1
| #define HAVE_POSIX_OPENPT 1
| #define HAVE_POSIX_SPAWN 1
| #define HAVE_POSIX_SPAWNP 1
| #define HAVE_PREAD 1
| #define HAVE_PREADV 1
| #define HAVE_PREADV2 1
| #define HAVE_PROCESS_VM_READV 1
| #define HAVE_PTHREAD_CONDATTR_SETCLOCK 1
| #define HAVE_PTHREAD_KILL 1
| #define HAVE_PTHREAD_GETNAME_NP 1
| #define HAVE_PTHREAD_SETNAME_NP 1
| #define HAVE_PTHREAD_GETATTR_NP 1
| #define HAVE_PTSNAME 1
| #define HAVE_PTSNAME_R 1
| #define HAVE_PWRITE 1
| #define HAVE_PWRITEV 1
| #define HAVE_PWRITEV2 1
| #define HAVE_READLINK 1
| #define HAVE_READLINKAT 1
| #define HAVE_READV 1
| #define HAVE_REALPATH 1
| #define HAVE_RENAMEAT 1
| #define HAVE_SCHED_GET_PRIORITY_MAX 1
| #define HAVE_SCHED_RR_GET_INTERVAL 1
| #define HAVE_SCHED_SETAFFINITY 1
| #define HAVE_SCHED_SETPARAM 1
| #define HAVE_SCHED_SETSCHEDULER 1
| #define HAVE_SEM_CLOCKWAIT 1
| #define HAVE_SEM_GETVALUE 1
| #define HAVE_SEM_OPEN 1
| #define HAVE_SEM_TIMEDWAIT 1
| #define HAVE_SEM_UNLINK 1
| #define HAVE_SENDFILE 1
| #define HAVE_SETEGID 1
| #define HAVE_SETEUID 1
| #define HAVE_SETGID 1
| #define HAVE_SETHOSTNAME 1
| #define HAVE_SETITIMER 1
| #define HAVE_SETLOCALE 1
| #define HAVE_SETPGID 1
| #define HAVE_SETPGRP 1
| #define HAVE_SETPRIORITY 1
| #define HAVE_SETREGID 1
| #define HAVE_SETRESGID 1
| #define HAVE_SETRESUID 1
| #define HAVE_SETREUID 1
| #define HAVE_SETSID 1
| #define HAVE_SETUID 1
| #define HAVE_SETVBUF 1
| #define HAVE_SHUTDOWN 1
| #define HAVE_SIGACTION 1
| #define HAVE_SIGALTSTACK 1
| #define HAVE_SIGFILLSET 1
| #define HAVE_SIGINTERRUPT 1
| #define HAVE_SIGPENDING 1
| #define HAVE_SIGRELSE 1
| #define HAVE_SIGTIMEDWAIT 1
| #define HAVE_SIGWAIT 1
| #define HAVE_SIGWAITINFO 1
| #define HAVE_SNPRINTF 1
| #define HAVE_SPLICE 1
| #define HAVE_STRFTIME 1
| #define HAVE_STRSIGNAL 1
| #define HAVE_SYMLINKAT 1
| #define HAVE_SYNC 1
| #define HAVE_SYSCONF 1
| #define HAVE_TCGETPGRP 1
| #define HAVE_TCSETPGRP 1
| #define HAVE_TEMPNAM 1
| #define HAVE_TIMEGM 1
| #define HAVE_TIMES 1
| #define HAVE_TMPFILE 1
| #define HAVE_TMPNAM 1
| #define HAVE_TMPNAM_R 1
| #define HAVE_TRUNCATE 1
| #define HAVE_TTYNAME_R 1
| #define HAVE_UMASK 1
| #define HAVE_UNAME 1
| #define HAVE_UNLINKAT 1
| #define HAVE_UNLOCKPT 1
| #define HAVE_UTIMENSAT 1
| #define HAVE_UTIMES 1
| #define HAVE_VFORK 1
| #define HAVE_WAIT 1
| #define HAVE_WAIT3 1
| #define HAVE_WAIT4 1
| #define HAVE_WAITID 1
| #define HAVE_WAITPID 1
| #define HAVE_WCSCOLL 1
| #define HAVE_WCSFTIME 1
| #define HAVE_WCSXFRM 1
| #define HAVE_WMEMCMP 1
| #define HAVE_WRITEV 1
| #define HAVE_GETENTROPY 1
| #define HAVE_GETGROUPS 1
| #define HAVE_SYSTEM 1
| #define HAVE_DIRFD 1
| #define HAVE_CHROOT 1
| #define HAVE_LINK 1
| #define HAVE_SYMLINK 1
| #define HAVE_FCHDIR 1
| #define HAVE_FSYNC 1
| #define HAVE_FDATASYNC 1
| #define HAVE_EPOLL 1
| #define HAVE_EPOLL_CREATE1 1
| #define HAVE_PRLIMIT 1
| #define HAVE_MEMFD_CREATE 1
| #define HAVE_EVENTFD 1
| #define HAVE_TIMERFD_CREATE 1
| #define HAVE_FLOCK 1
| #define HAVE_GETPAGESIZE 1
| #define HAVE_ZLIB_COPY 1
| #define HAVE_HSTRERROR 1
| #define HAVE_GETSERVBYNAME 1
| #define HAVE_GETSERVBYPORT 1
| #define HAVE_GETHOSTBYNAME 1
| #define HAVE_GETHOSTBYADDR 1
| #define HAVE_GETPROTOBYNAME 1
| #define HAVE_INET_ATON 1
| #define HAVE_INET_NTOA 1
| #define HAVE_INET_PTON 1
| #define HAVE_GETPEERNAME 1
| #define HAVE_GETSOCKNAME 1
| #define HAVE_ACCEPT 1
| #define HAVE_BIND 1
| #define HAVE_CONNECT 1
| #define HAVE_LISTEN 1
| #define HAVE_RECVFROM 1
| #define HAVE_SENDTO 1
| #define HAVE_SETSOCKOPT 1
| #define HAVE_SOCKET 1
| #define HAVE_SETGROUPS 1
| #define HAVE_DECL_UT_NAMESIZE 1
| #define HAVE_UT_NAMESIZE 1
| #define HAVE_OPENPTY 1
| #define HAVE_LOGIN_TTY 1
| #define HAVE_FORKPTY 1
| #define HAVE_FSEEKO 1
| #define HAVE_FSTATVFS 1
| #define HAVE_FTELLO 1
| #define HAVE_STATVFS 1
| #define HAVE_DUP2 1
| #define HAVE_GETPGRP 1
| #define HAVE_SETPGRP 1
| #define HAVE_SETNS 1
| #define HAVE_UNSHARE 1
| #define HAVE_CLOCK_GETTIME 1
| #define HAVE_CLOCK_GETRES 1
| #define HAVE_CLOCK_SETTIME 1
| #define HAVE_CLOCK_NANOSLEEP 1
| #define HAVE_NANOSLEEP 1
| #define HAVE_DEVICE_MACROS 1
| #define SYS_SELECT_WITH_SYS_TIME 1
| #define HAVE_GETADDRINFO 1
| #define HAVE_GETNAMEINFO 1
| #define HAVE_STRUCT_TM_TM_ZONE 1
| #define HAVE_TM_ZONE 1
| #define HAVE_STRUCT_STAT_ST_RDEV 1
| #define HAVE_STRUCT_STAT_ST_BLKSIZE 1
| #define HAVE_STRUCT_STAT_ST_BLOCKS 1
| #define HAVE_STRUCT_PASSWD_PW_GECOS 1
| #define HAVE_STRUCT_PASSWD_PW_PASSWD 1
| #define HAVE_SIGINFO_T_SI_BAND 1
| #define HAVE_ADDRINFO 1
| #define HAVE_SOCKADDR_STORAGE 1
| #define HAVE_SOCKADDR_ALG 1
| #define HAVE_PROTOTYPES 1
| #define HAVE_SOCKETPAIR 1
| #define HAVE_GETHOSTBYNAME_R 1
| #define HAVE_GETHOSTBYNAME_R 1
| #define HAVE_GETHOSTBYNAME_R_6_ARG 1
| #define HAVE_GCC_ASM_FOR_X64 1
| #define DOUBLE_IS_LITTLE_ENDIAN_IEEE754 1
| #define HAVE_GCC_ASM_FOR_X87 1
| #define HAVE_ACOSH 1
| #define HAVE_ASINH 1
| #define HAVE_ATANH 1
| #define HAVE_ERF 1
| #define HAVE_ERFC 1
| #define HAVE_EXPM1 1
| #define HAVE_LOG1P 1
| #define HAVE_LOG2 1
| #define HAVE_DECL_RTLD_LAZY 1
| #define HAVE_DECL_RTLD_NOW 1
| #define HAVE_DECL_RTLD_GLOBAL 1
| #define HAVE_DECL_RTLD_LOCAL 1
| #define HAVE_DECL_RTLD_NODELETE 1
| #define HAVE_DECL_RTLD_NOLOAD 1
| #define HAVE_DECL_RTLD_DEEPBIND 1
| #define HAVE_DECL_RTLD_MEMBER 0
| #define HAVE_WCHAR_H 1
| #define SIZEOF_WCHAR_T 4
| /* end confdefs.h.  */
| #ifndef __APPLE_CC__
| 	       not a universal capable compiler
| 	     #endif
| 	     typedef int dummy;
| 
configure:26539: gcc -pthread -c   conftest.c >&5
configure:26539: $? = 0
configure:26558: gcc -pthread -c   conftest.c >&5
conftest.c: In function 'main':
conftest.c:479:4: error: unknown type name 'not'; did you mean 'ino_t'?
  479 |    not big endian
      |    ^~~
      |    ino_t
conftest.c:479:12: error: expected '=', ',', ';', 'asm' or '__attribute__' before 'endian'
  479 |    not big endian
      |            ^~~~~~
configure:26558: $? = 1
configure: failed program was:
| /* confdefs.h */
| #define _NETBSD_SOURCE 1
| #define __BSD_VISIBLE 1
| #define _DARWIN_C_SOURCE 1
| #define _PYTHONFRAMEWORK ""
| #define _XOPEN_SOURCE 700
| #define _XOPEN_SOURCE_EXTENDED 1
| #define _POSIX_C_SOURCE 200809L
| #define HAVE_STDIO_H 1
| #define HAVE_STDLIB_H 1
| #define HAVE_STRING_H 1
| #define HAVE_INTTYPES_H 1
| #define HAVE_STDINT_H 1
| #define HAVE_STRINGS_H 1
| #define HAVE_SYS_STAT_H 1
| #define HAVE_SYS_TYPES_H 1
| #define HAVE_UNISTD_H 1
| #define HAVE_WCHAR_H 1
| #define STDC_HEADERS 1
| #define _ALL_SOURCE 1
| #define _DARWIN_C_SOURCE 1
| #define _GNU_SOURCE 1
| #define _HPUX_ALT_XOPEN_SOCKET_API 1
| #define _NETBSD_SOURCE 1
| #define _OPENBSD_SOURCE 1
| #define _POSIX_PTHREAD_SEMANTICS 1
| #define __STDC_WANT_IEC_60559_ATTRIBS_EXT__ 1
| #define __STDC_WANT_IEC_60559_BFP_EXT__ 1
| #define __STDC_WANT_IEC_60559_DFP_EXT__ 1
| #define __STDC_WANT_IEC_60559_EXT__ 1
| #define __STDC_WANT_IEC_60559_FUNCS_EXT__ 1
| #define __STDC_WANT_IEC_60559_TYPES_EXT__ 1
| #define __STDC_WANT_LIB_EXT2__ 1
| #define __STDC_WANT_MATH_SPEC_FUNCS__ 1
| #define _TANDEM_SOURCE 1
| #define __EXTENSIONS__ 1
| #define _Py_STACK_GROWS_DOWN 1
| #define PY_SUPPORT_TIER 1
| #define STDC_HEADERS 1
| #define HAVE_ALLOCA_H 1
| #define HAVE_ASM_TYPES_H 1
| #define HAVE_DLFCN_H 1
| #define HAVE_ENDIAN_H 1
| #define HAVE_ERRNO_H 1
| #define HAVE_FCNTL_H 1
| #define HAVE_GRP_H 1
| #define HAVE_LANGINFO_H 1
| #define HAVE_LIBINTL_H 1
| #define HAVE_LINUX_AUXVEC_H 1
| #define HAVE_SYS_AUXV_H 1
| #define HAVE_LINUX_FS_H 1
| #define HAVE_LINUX_LIMITS_H 1
| #define HAVE_LINUX_MEMFD_H 1
| #define HAVE_LINUX_NETFILTER_IPV4_H 1
| #define HAVE_LINUX_RANDOM_H 1
| #define HAVE_LINUX_SOUNDCARD_H 1
| #define HAVE_LINUX_SCHED_H 1
| #define HAVE_LINUX_TIPC_H 1
| #define HAVE_LINUX_WAIT_H 1
| #define HAVE_NETDB_H 1
| #define HAVE_NET_ETHERNET_H 1
| #define HAVE_NETINET_IN_H 1
| #define HAVE_NETPACKET_PACKET_H 1
| #define HAVE_POLL_H 1
| #define HAVE_PTHREAD_H 1
| #define HAVE_PTY_H 1
| #define HAVE_SCHED_H 1
| #define HAVE_SETJMP_H 1
| #define HAVE_SHADOW_H 1
| #define HAVE_SIGNAL_H 1
| #define HAVE_SPAWN_H 1
| #define HAVE_SYS_EPOLL_H 1
| #define HAVE_SYS_EVENTFD_H 1
| #define HAVE_SYS_FILE_H 1
| #define HAVE_SYS_IOCTL_H 1
| #define HAVE_SYS_MMAN_H 1
| #define HAVE_SYS_PARAM_H 1
| #define HAVE_SYS_POLL_H 1
| #define HAVE_SYS_RANDOM_H 1
| #define HAVE_SYS_RESOURCE_H 1
| #define HAVE_SYS_SELECT_H 1
| #define HAVE_SYS_SENDFILE_H 1
| #define HAVE_SYS_SOCKET_H 1
| #define HAVE_SYS_SOUNDCARD_H 1
| #define HAVE_SYS_STAT_H 1
| #define HAVE_SYS_STATVFS_H 1
| #define HAVE_SYS_SYSCALL_H 1
| #define HAVE_SYS_SYSMACROS_H 1
| #define HAVE_SYS_TIME_H 1
| #define HAVE_SYS_TIMES_H 1
| #define HAVE_SYS_TIMERFD_H 1
| #define HAVE_SYS_TYPES_H 1
| #define HAVE_SYS_UIO_H 1
| #define HAVE_SYS_UN_H 1
| #define HAVE_SYS_UTSNAME_H 1
| #define HAVE_SYS_WAIT_H 1
| #define HAVE_SYS_XATTR_H 1
| #define HAVE_SYSEXITS_H 1
| #define HAVE_SYSLOG_H 1
| #define HAVE_TERMIOS_H 1
| #define HAVE_UTIME_H 1
| #define HAVE_UTMP_H 1
| #define HAVE_DIRENT_H 1
| #define MAJOR_IN_SYSMACROS 1
| #define HAVE_NET_IF_H 1
| #define HAVE_LINUX_NETLINK_H 1
| #define HAVE_LINUX_QRTR_H 1
| #define HAVE_LINUX_VM_SOCKETS_H 1
| #define HAVE_LINUX_CAN_H 1
| #define HAVE_LINUX_CAN_BCM_H 1
| #define HAVE_LINUX_CAN_J1939_H 1
| #define HAVE_LINUX_CAN_RAW_H 1
| #define HAVE_CLOCK_T 1
| #define HAVE_MAKEDEV 1
| #define HAVE_HTOLE64 1
| #define _LARGEFILE_SOURCE 1
| #define _FILE_OFFSET_BITS 64
| #if defined(SCO_DS)
| #undef _OFF_T
| #endif
| #define RETSIGTYPE void
| #define HAVE_SSIZE_T 1
| #define HAVE___UINT128_T 1
| #define HAVE_GCC_UINT128_T 1
| #define SIZEOF_INT 4
| #define SIZEOF_LONG 8
| #define ALIGNOF_LONG 8
| #define SIZEOF_LONG_LONG 8
| #define SIZEOF_VOID_P 8
| #define SIZEOF_SHORT 2
| #define SIZEOF_FLOAT 4
| #define SIZEOF_DOUBLE 8
| #define SIZEOF_FPOS_T 16
| #define SIZEOF_SIZE_T 8
| #define ALIGNOF_SIZE_T 8
| #define SIZEOF_PID_T 4
| #define SIZEOF_UINTPTR_T 8
| #define ALIGNOF_MAX_ALIGN_T 16
| #define HAVE_LONG_DOUBLE 1
| #define SIZEOF_LONG_DOUBLE 16
| #define SIZEOF__BOOL 1
| #define SIZEOF_OFF_T 8
| #define SIZEOF_TIME_T 8
| #define SIZEOF_PTHREAD_T 8
| #define SIZEOF_PTHREAD_KEY_T 4
| #define PTHREAD_KEY_T_IS_COMPATIBLE_WITH_INT 1
| #define PY_HAVE_PERF_TRAMPOLINE 1
| #define HAVE_LIBDL 1
| #define HAVE_EXECINFO_H 1
| #define HAVE_BACKTRACE 1
| #define HAVE_DLADDR1 1
| #define HAVE_LINK_H 1
| #define HAVE_BACKTRACE 1
| #define HAVE_DLADDR1 1
| #define HAVE_DLFCN_H 1
| #define HAVE_BACKTRACE 1
| #define HAVE_DLADDR1 1
| #define HAVE_UUID_H 1
| #define HAVE_UUID_GENERATE_TIME_SAFE 1
| #define HAVE_FFI_PREP_CIF_VAR 1
| #define HAVE_FFI_PREP_CLOSURE_LOC 1
| #define HAVE_FFI_CLOSURE_ALLOC 1
| #define WITH_DECIMAL_CONTEXTVAR 1
| #define HAVE_LIBSQLITE3 1
| #define HAVE_LIBSQLITE3 1
| #define HAVE_LIBSQLITE3 1
| #define HAVE_LIBSQLITE3 1
| #define HAVE_LIBSQLITE3 1
| #define HAVE_LIBSQLITE3 1
| #define HAVE_LIBSQLITE3 1
| #define HAVE_LIBSQLITE3 1
| #define HAVE_LIBSQLITE3 1
| #define PY_SQLITE_HAVE_SERIALIZE 1
| #define PTHREAD_SYSTEM_SCHED_SUPPORTED 1
| #define HAVE_PTHREAD_SIGMASK 1
| #define HAVE_PTHREAD_GETCPUCLOCKID 1
| #define ENABLE_IPV6 1
| #define HAVE_LINUX_CAN_RAW_FD_FRAMES 1
| #define HAVE_LINUX_CAN_RAW_JOIN_FILTERS 1
| #define WITH_DOC_STRINGS 1
| #define HAVE_STD_ATOMIC 1
| #define HAVE_BUILTIN_ATOMIC 1
| #define WITH_MIMALLOC 1
| #define WITH_PYMALLOC 1
| #define PY_COERCE_C_LOCALE 1
| #define HAVE_DLOPEN 1
| #define HAVE_DYNAMIC_LOADING 1
| #define HAVE_ACCEPT4 1
| #define HAVE_ALARM 1
| #define HAVE_BIND_TEXTDOMAIN_CODESET 1
| #define HAVE_CHMOD 1
| #define HAVE_CHOWN 1
| #define HAVE_CLOCK 1
| #define HAVE_CONFSTR 1
| #define HAVE_COPY_FILE_RANGE 1
| #define HAVE_CTERMID 1
| #define HAVE_DLADDR 1
| #define HAVE_DUP 1
| #define HAVE_DUP3 1
| #define HAVE_EXECV 1
| #define HAVE_EXPLICIT_BZERO 1
| #define HAVE_FACCESSAT 1
| #define HAVE_FCHMOD 1
| #define HAVE_FCHMODAT 1
| #define HAVE_FCHOWN 1
| #define HAVE_FCHOWNAT 1
| #define HAVE_FDOPENDIR 1
| #define HAVE_FEXECVE 1
| #define HAVE_FORK 1
| #define HAVE_FPATHCONF 1
| #define HAVE_FSTATAT 1
| #define HAVE_FTIME 1
| #define HAVE_FTRUNCATE 1
| #define HAVE_FUTIMENS 1
| #define HAVE_FUTIMES 1
| #define HAVE_FUTIMESAT 1
| #define HAVE_GAI_STRERROR 1
| #define HAVE_GETEGID 1
| #define HAVE_GETEUID 1
| #define HAVE_GETGID 1
| #define HAVE_GETGRENT 1
| #define HAVE_GETGRGID 1
| #define HAVE_GETGRGID_R 1
| #define HAVE_GETGRNAM_R 1
| #define HAVE_GETGROUPLIST 1
| #define HAVE_GETHOSTNAME 1
| #define HAVE_GETITIMER 1
| #define HAVE_GETLOADAVG 1
| #define HAVE_GETLOGIN 1
| #define HAVE_GETLOGIN_R 1
| #define HAVE_GETPEERNAME 1
| #define HAVE_GETPGID 1
| #define HAVE_GETPID 1
| #define HAVE_GETPPID 1
| #define HAVE_GETPRIORITY 1
| #define HAVE_GETPWENT 1
| #define HAVE_GETPWNAM_R 1
| #define HAVE_GETPWUID 1
| #define HAVE_GETPWUID_R 1
| #define HAVE_GETRESGID 1
| #define HAVE_GETRESUID 1
| #define HAVE_GETRUSAGE 1
| #define HAVE_GETSID 1
| #define HAVE_GETSPENT 1
| #define HAVE_GETSPNAM 1
| #define HAVE_GETUID 1
| #define HAVE_GETWD 1
| #define HAVE_GRANTPT 1
| #define HAVE_IF_NAMEINDEX 1
| #define HAVE_INITGROUPS 1
| #define HAVE_KILL 1
| #define HAVE_KILLPG 1
| #define HAVE_LCHOWN 1
| #define HAVE_LINKAT 1
| #define HAVE_LOCKF 1
| #define HAVE_LSTAT 1
| #define HAVE_LUTIMES 1
| #define HAVE_MADVISE 1
| #define HAVE_MBRTOWC 1
| #define HAVE_MEMRCHR 1
| #define HAVE_MKDIRAT 1
| #define HAVE_MKFIFO 1
| #define HAVE_MKFIFOAT 1
| #define HAVE_MKNOD 1
| #define HAVE_MKNODAT 1
| #define HAVE_MKTIME 1
| #define HAVE_MMAP 1
| #define HAVE_MREMAP 1
| #define HAVE_NICE 1
| #define HAVE_OPENAT 1
| #define HAVE_OPENDIR 1
| #define HAVE_PATHCONF 1
| #define HAVE_PAUSE 1
| #define HAVE_PIPE 1
| #define HAVE_PIPE2 1
| #define HAVE_POLL 1
| #define HAVE_POSIX_FADVISE 1
| #define HAVE_POSIX_FALLOCATE 1
| #define HAVE_POSIX_OPENPT 1
| #define HAVE_POSIX_SPAWN 1
| #define HAVE_POSIX_SPAWNP 1
| #define HAVE_PREAD 1
| #define HAVE_PREADV 1
| #define HAVE_PREADV2 1
| #define HAVE_PROCESS_VM_READV 1
| #define HAVE_PTHREAD_CONDATTR_SETCLOCK 1
| #define HAVE_PTHREAD_KILL 1
| #define HAVE_PTHREAD_GETNAME_NP 1
| #define HAVE_PTHREAD_SETNAME_NP 1
| #define HAVE_PTHREAD_GETATTR_NP 1
| #define HAVE_PTSNAME 1
| #define HAVE_PTSNAME_R 1
| #define HAVE_PWRITE 1
| #define HAVE_PWRITEV 1
| #define HAVE_PWRITEV2 1
| #define HAVE_READLINK 1
| #define HAVE_READLINKAT 1
| #define HAVE_READV 1
| #define HAVE_REALPATH 1
| #define HAVE_RENAMEAT 1
| #define HAVE_SCHED_GET_PRIORITY_MAX 1
| #define HAVE_SCHED_RR_GET_INTERVAL 1
| #define HAVE_SCHED_SETAFFINITY 1
| #define HAVE_SCHED_SETPARAM 1
| #define HAVE_SCHED_SETSCHEDULER 1
| #define HAVE_SEM_CLOCKWAIT 1
| #define HAVE_SEM_GETVALUE 1
| #define HAVE_SEM_OPEN 1
| #define HAVE_SEM_TIMEDWAIT 1
| #define HAVE_SEM_UNLINK 1
| #define HAVE_SENDFILE 1
| #define HAVE_SETEGID 1
| #define HAVE_SETEUID 1
| #define HAVE_SETGID 1
| #define HAVE_SETHOSTNAME 1
| #define HAVE_SETITIMER 1
| #define HAVE_SETLOCALE 1
| #define HAVE_SETPGID 1
| #define HAVE_SETPGRP 1
| #define HAVE_SETPRIORITY 1
| #define HAVE_SETREGID 1
| #define HAVE_SETRESGID 1
| #define HAVE_SETRESUID 1
| #define HAVE_SETREUID 1
| #define HAVE_SETSID 1
| #define HAVE_SETUID 1
| #define HAVE_SETVBUF 1
| #define HAVE_SHUTDOWN 1
| #define HAVE_SIGACTION 1
| #define HAVE_SIGALTSTACK 1
| #define HAVE_SIGFILLSET 1
| #define HAVE_SIGINTERRUPT 1
| #define HAVE_SIGPENDING 1
| #define HAVE_SIGRELSE 1
| #define HAVE_SIGTIMEDWAIT 1
| #define HAVE_SIGWAIT 1
| #define HAVE_SIGWAITINFO 1
| #define HAVE_SNPRINTF 1
| #define HAVE_SPLICE 1
| #define HAVE_STRFTIME 1
| #define HAVE_STRSIGNAL 1
| #define HAVE_SYMLINKAT 1
| #define HAVE_SYNC 1
| #define HAVE_SYSCONF 1
| #define HAVE_TCGETPGRP 1
| #define HAVE_TCSETPGRP 1
| #define HAVE_TEMPNAM 1
| #define HAVE_TIMEGM 1
| #define HAVE_TIMES 1
| #define HAVE_TMPFILE 1
| #define HAVE_TMPNAM 1
| #define HAVE_TMPNAM_R 1
| #define HAVE_TRUNCATE 1
| #define HAVE_TTYNAME_R 1
| #define HAVE_UMASK 1
| #define HAVE_UNAME 1
| #define HAVE_UNLINKAT 1
| #define HAVE_UNLOCKPT 1
| #define HAVE_UTIMENSAT 1
| #define HAVE_UTIMES 1
| #define HAVE_VFORK 1
| #define HAVE_WAIT 1
| #define HAVE_WAIT3 1
| #define HAVE_WAIT4 1
| #define HAVE_WAITID 1
| #define HAVE_WAITPID 1
| #define HAVE_WCSCOLL 1
| #define HAVE_WCSFTIME 1
| #define HAVE_WCSXFRM 1
| #define HAVE_WMEMCMP 1
| #define HAVE_WRITEV 1
| #define HAVE_GETENTROPY 1
| #define HAVE_GETGROUPS 1
| #define HAVE_SYSTEM 1
| #define HAVE_DIRFD 1
| #define HAVE_CHROOT 1
| #define HAVE_LINK 1
| #define HAVE_SYMLINK 1
| #define HAVE_FCHDIR 1
| #define HAVE_FSYNC 1
| #define HAVE_FDATASYNC 1
| #define HAVE_EPOLL 1
| #define HAVE_EPOLL_CREATE1 1
| #define HAVE_PRLIMIT 1
| #define HAVE_MEMFD_CREATE 1
| #define HAVE_EVENTFD 1
| #define HAVE_TIMERFD_CREATE 1
| #define HAVE_FLOCK 1
| #define HAVE_GETPAGESIZE 1
| #define HAVE_ZLIB_COPY 1
| #define HAVE_HSTRERROR 1
| #define HAVE_GETSERVBYNAME 1
| #define HAVE_GETSERVBYPORT 1
| #define HAVE_GETHOSTBYNAME 1
| #define HAVE_GETHOSTBYADDR 1
| #define HAVE_GETPROTOBYNAME 1
| #define HAVE_INET_ATON 1
| #define HAVE_INET_NTOA 1
| #define HAVE_INET_PTON 1
| #define HAVE_GETPEERNAME 1
| #define HAVE_GETSOCKNAME 1
| #define HAVE_ACCEPT 1
| #define HAVE_BIND 1
| #define HAVE_CONNECT 1
| #define HAVE_LISTEN 1
| #define HAVE_RECVFROM 1
| #define HAVE_SENDTO 1
| #define HAVE_SETSOCKOPT 1
| #define HAVE_SOCKET 1
| #define HAVE_SETGROUPS 1
| #define HAVE_DECL_UT_NAMESIZE 1
| #define HAVE_UT_NAMESIZE 1
| #define HAVE_OPENPTY 1
| #define HAVE_LOGIN_TTY 1
| #define HAVE_FORKPTY 1
| #define HAVE_FSEEKO 1
| #define HAVE_FSTATVFS 1
| #define HAVE_FTELLO 1
| #define HAVE_STATVFS 1
| #define HAVE_DUP2 1
| #define HAVE_GETPGRP 1
| #define HAVE_SETPGRP 1
| #define HAVE_SETNS 1
| #define HAVE_UNSHARE 1
| #define HAVE_CLOCK_GETTIME 1
| #define HAVE_CLOCK_GETRES 1
| #define HAVE_CLOCK_SETTIME 1
| #define HAVE_CLOCK_NANOSLEEP 1
| #define HAVE_NANOSLEEP 1
| #define HAVE_DEVICE_MACROS 1
| #define SYS_SELECT_WITH_SYS_TIME 1
| #define HAVE_GETADDRINFO 1
| #define HAVE_GETNAMEINFO 1
| #define HAVE_STRUCT_TM_TM_ZONE 1
| #define HAVE_TM_ZONE 1
| #define HAVE_STRUCT_STAT_ST_RDEV 1
| #define HAVE_STRUCT_STAT_ST_BLKSIZE 1
| #define HAVE_STRUCT_STAT_ST_BLOCKS 1
| #define HAVE_STRUCT_PASSWD_PW_GECOS 1
| #define HAVE_STRUCT_PASSWD_PW_PASSWD 1
| #define HAVE_SIGINFO_T_SI_BAND 1
| #define HAVE_ADDRINFO 1
| #define HAVE_SOCKADDR_STORAGE 1
| #define HAVE_SOCKADDR_ALG 1
| #define HAVE_PROTOTYPES 1
| #define HAVE_SOCKETPAIR 1
| #define HAVE_GETHOSTBYNAME_R 1
| #define HAVE_GETHOSTBYNAME_R 1
| #define HAVE_GETHOSTBYNAME_R_6_ARG 1
| #define HAVE_GCC_ASM_FOR_X64 1
| #define DOUBLE_IS_LITTLE_ENDIAN_IEEE754 1
| #define HAVE_GCC_ASM_FOR_X87 1
| #define HAVE_ACOSH 1
| #define HAVE_ASINH 1
| #define HAVE_ATANH 1
| #define HAVE_ERF 1
| #define HAVE_ERFC 1
| #define HAVE_EXPM1 1
| #define HAVE_LOG1P 1
| #define HAVE_LOG2 1
| #define HAVE_DECL_RTLD_LAZY 1
| #define HAVE_DECL_RTLD_NOW 1
| #define HAVE_DECL_RTLD_GLOBAL 1
| #define HAVE_DECL_RTLD_LOCAL 1
| #define HAVE_DECL_RTLD_NODELETE 1
| #define HAVE_DECL_RTLD_NOLOAD 1
| #define HAVE_DECL_RTLD_DEEPBIND 1
| #define HAVE_DECL_RTLD_MEMBER 0
| #define HAVE_WCHAR_H 1
| #define SIZEOF_WCHAR_T 4
| /* end confdefs.h.  */
| #include <sys/types.h>
| 		#include <sys/param.h>
| 
| int
| main (void)
| {
| #if BYTE_ORDER != BIG_ENDIAN
| 		 not big endian
| 		#endif
| 
|   ;
|   return 0;
| }
configure:26699: result: no
configure:26735: checking ABIFLAGS
configure:26737: result: 
configure:26739: checking SOABI
configure:26742: result: cpython-314-x86_64-linux-gnu
configure:26759: checking LDVERSION
configure:26762: result: $(VERSION)$(ABIFLAGS)
configure:26794: checking for --with-platlibdir
configure:26816: result: no
configure:26834: checking for --with-wheel-pkg-dir
configure:26850: result: no
configure:26858: checking whether right shift extends the sign bit
configure:26878: gcc -pthread -o conftest    conftest.c -lpthread -ldl  -lutil >&5
configure:26878: $? = 0
configure:26878: ./conftest
configure:26878: $? = 0
configure:26892: result: yes
configure:26902: checking for getc_unlocked() and friends
configure:26925: gcc -pthread -o conftest    conftest.c -lpthread -ldl  -lutil >&5
configure:26925: $? = 0
configure:26936: result: yes
configure:26977: checking for readline
configure:26984: $PKG_CONFIG --exists --print-errors "readline"
Package tinfo was not found in the pkg-config search path.
Perhaps you should add the directory containing `tinfo.pc'
to the PKG_CONFIG_PATH environment variable
Package 'tinfo', required by 'readline', not found
configure:26987: $? = 1
configure:27001: $PKG_CONFIG --exists --print-errors "readline"
Package tinfo was not found in the pkg-config search path.
Perhaps you should add the directory containing `tinfo.pc'
to the PKG_CONFIG_PATH environment variable
Package 'tinfo', required by 'readline', not found
configure:27004: $? = 1
configure:27018: result: no
Package 'tinfo', required by 'readline', not found
configure:27045: checking for readline/readline.h
configure:27045: gcc -pthread -c    conftest.c >&5
conftest.c:501:10: fatal error: readline/readline.h: No such file or directory
  501 | #include <readline/readline.h>
      |          ^~~~~~~~~~~~~~~~~~~~~
compilation terminated.
configure:27045: $? = 1
configure: failed program was:
| /* confdefs.h */
| #define _NETBSD_SOURCE 1
| #define __BSD_VISIBLE 1
| #define _DARWIN_C_SOURCE 1
| #define _PYTHONFRAMEWORK ""
| #define _XOPEN_SOURCE 700
| #define _XOPEN_SOURCE_EXTENDED 1
| #define _POSIX_C_SOURCE 200809L
| #define HAVE_STDIO_H 1
| #define HAVE_STDLIB_H 1
| #define HAVE_STRING_H 1
| #define HAVE_INTTYPES_H 1
| #define HAVE_STDINT_H 1
| #define HAVE_STRINGS_H 1
| #define HAVE_SYS_STAT_H 1
| #define HAVE_SYS_TYPES_H 1
| #define HAVE_UNISTD_H 1
| #define HAVE_WCHAR_H 1
| #define STDC_HEADERS 1
| #define _ALL_SOURCE 1
| #define _DARWIN_C_SOURCE 1
| #define _GNU_SOURCE 1
| #define _HPUX_ALT_XOPEN_SOCKET_API 1
| #define _NETBSD_SOURCE 1
| #define _OPENBSD_SOURCE 1
| #define _POSIX_PTHREAD_SEMANTICS 1
| #define __STDC_WANT_IEC_60559_ATTRIBS_EXT__ 1
| #define __STDC_WANT_IEC_60559_BFP_EXT__ 1
| #define __STDC_WANT_IEC_60559_DFP_EXT__ 1
| #define __STDC_WANT_IEC_60559_EXT__ 1
| #define __STDC_WANT_IEC_60559_FUNCS_EXT__ 1
| #define __STDC_WANT_IEC_60559_TYPES_EXT__ 1
| #define __STDC_WANT_LIB_EXT2__ 1
| #define __STDC_WANT_MATH_SPEC_FUNCS__ 1
| #define _TANDEM_SOURCE 1
| #define __EXTENSIONS__ 1
| #define _Py_STACK_GROWS_DOWN 1
| #define PY_SUPPORT_TIER 1
| #define STDC_HEADERS 1
| #define HAVE_ALLOCA_H 1
| #define HAVE_ASM_TYPES_H 1
| #define HAVE_DLFCN_H 1
| #define HAVE_ENDIAN_H 1
| #define HAVE_ERRNO_H 1
| #define HAVE_FCNTL_H 1
| #define HAVE_GRP_H 1
| #define HAVE_LANGINFO_H 1
| #define HAVE_LIBINTL_H 1
| #define HAVE_LINUX_AUXVEC_H 1
| #define HAVE_SYS_AUXV_H 1
| #define HAVE_LINUX_FS_H 1
| #define HAVE_LINUX_LIMITS_H 1
| #define HAVE_LINUX_MEMFD_H 1
| #define HAVE_LINUX_NETFILTER_IPV4_H 1
| #define HAVE_LINUX_RANDOM_H 1
| #define HAVE_LINUX_SOUNDCARD_H 1
| #define HAVE_LINUX_SCHED_H 1
| #define HAVE_LINUX_TIPC_H 1
| #define HAVE_LINUX_WAIT_H 1
| #define HAVE_NETDB_H 1
| #define HAVE_NET_ETHERNET_H 1
| #define HAVE_NETINET_IN_H 1
| #define HAVE_NETPACKET_PACKET_H 1
| #define HAVE_POLL_H 1
| #define HAVE_PTHREAD_H 1
| #define HAVE_PTY_H 1
| #define HAVE_SCHED_H 1
| #define HAVE_SETJMP_H 1
| #define HAVE_SHADOW_H 1
| #define HAVE_SIGNAL_H 1
| #define HAVE_SPAWN_H 1
| #define HAVE_SYS_EPOLL_H 1
| #define HAVE_SYS_EVENTFD_H 1
| #define HAVE_SYS_FILE_H 1
| #define HAVE_SYS_IOCTL_H 1
| #define HAVE_SYS_MMAN_H 1
| #define HAVE_SYS_PARAM_H 1
| #define HAVE_SYS_POLL_H 1
| #define HAVE_SYS_RANDOM_H 1
| #define HAVE_SYS_RESOURCE_H 1
| #define HAVE_SYS_SELECT_H 1
| #define HAVE_SYS_SENDFILE_H 1
| #define HAVE_SYS_SOCKET_H 1
| #define HAVE_SYS_SOUNDCARD_H 1
| #define HAVE_SYS_STAT_H 1
| #define HAVE_SYS_STATVFS_H 1
| #define HAVE_SYS_SYSCALL_H 1
| #define HAVE_SYS_SYSMACROS_H 1
| #define HAVE_SYS_TIME_H 1
| #define HAVE_SYS_TIMES_H 1
| #define HAVE_SYS_TIMERFD_H 1
| #define HAVE_SYS_TYPES_H 1
| #define HAVE_SYS_UIO_H 1
| #define HAVE_SYS_UN_H 1
| #define HAVE_SYS_UTSNAME_H 1
| #define HAVE_SYS_WAIT_H 1
| #define HAVE_SYS_XATTR_H 1
| #define HAVE_SYSEXITS_H 1
| #define HAVE_SYSLOG_H 1
| #define HAVE_TERMIOS_H 1
| #define HAVE_UTIME_H 1
| #define HAVE_UTMP_H 1
| #define HAVE_DIRENT_H 1
| #define MAJOR_IN_SYSMACROS 1
| #define HAVE_NET_IF_H 1
| #define HAVE_LINUX_NETLINK_H 1
| #define HAVE_LINUX_QRTR_H 1
| #define HAVE_LINUX_VM_SOCKETS_H 1
| #define HAVE_LINUX_CAN_H 1
| #define HAVE_LINUX_CAN_BCM_H 1
| #define HAVE_LINUX_CAN_J1939_H 1
| #define HAVE_LINUX_CAN_RAW_H 1
| #define HAVE_CLOCK_T 1
| #define HAVE_MAKEDEV 1
| #define HAVE_HTOLE64 1
| #define _LARGEFILE_SOURCE 1
| #define _FILE_OFFSET_BITS 64
| #if defined(SCO_DS)
| #undef _OFF_T
| #endif
| #define RETSIGTYPE void
| #define HAVE_SSIZE_T 1
| #define HAVE___UINT128_T 1
| #define HAVE_GCC_UINT128_T 1
| #define SIZEOF_INT 4
| #define SIZEOF_LONG 8
| #define ALIGNOF_LONG 8
| #define SIZEOF_LONG_LONG 8
| #define SIZEOF_VOID_P 8
| #define SIZEOF_SHORT 2
| #define SIZEOF_FLOAT 4
| #define SIZEOF_DOUBLE 8
| #define SIZEOF_FPOS_T 16
| #define SIZEOF_SIZE_T 8
| #define ALIGNOF_SIZE_T 8
| #define SIZEOF_PID_T 4
| #define SIZEOF_UINTPTR_T 8
| #define ALIGNOF_MAX_ALIGN_T 16
| #define HAVE_LONG_DOUBLE 1
| #define SIZEOF_LONG_DOUBLE 16
| #define SIZEOF__BOOL 1
| #define SIZEOF_OFF_T 8
| #define SIZEOF_TIME_T 8
| #define SIZEOF_PTHREAD_T 8
| #define SIZEOF_PTHREAD_KEY_T 4
| #define PTHREAD_KEY_T_IS_COMPATIBLE_WITH_INT 1
| #define PY_HAVE_PERF_TRAMPOLINE 1
| #define HAVE_LIBDL 1
| #define HAVE_EXECINFO_H 1
| #define HAVE_BACKTRACE 1
| #define HAVE_DLADDR1 1
| #define HAVE_LINK_H 1
| #define HAVE_BACKTRACE 1
| #define HAVE_DLADDR1 1
| #define HAVE_DLFCN_H 1
| #define HAVE_BACKTRACE 1
| #define HAVE_DLADDR1 1
| #define HAVE_UUID_H 1
| #define HAVE_UUID_GENERATE_TIME_SAFE 1
| #define HAVE_FFI_PREP_CIF_VAR 1
| #define HAVE_FFI_PREP_CLOSURE_LOC 1
| #define HAVE_FFI_CLOSURE_ALLOC 1
| #define WITH_DECIMAL_CONTEXTVAR 1
| #define HAVE_LIBSQLITE3 1
| #define HAVE_LIBSQLITE3 1
| #define HAVE_LIBSQLITE3 1
| #define HAVE_LIBSQLITE3 1
| #define HAVE_LIBSQLITE3 1
| #define HAVE_LIBSQLITE3 1
| #define HAVE_LIBSQLITE3 1
| #define HAVE_LIBSQLITE3 1
| #define HAVE_LIBSQLITE3 1
| #define PY_SQLITE_HAVE_SERIALIZE 1
| #define PTHREAD_SYSTEM_SCHED_SUPPORTED 1
| #define HAVE_PTHREAD_SIGMASK 1
| #define HAVE_PTHREAD_GETCPUCLOCKID 1
| #define ENABLE_IPV6 1
| #define HAVE_LINUX_CAN_RAW_FD_FRAMES 1
| #define HAVE_LINUX_CAN_RAW_JOIN_FILTERS 1
| #define WITH_DOC_STRINGS 1
| #define HAVE_STD_ATOMIC 1
| #define HAVE_BUILTIN_ATOMIC 1
| #define WITH_MIMALLOC 1
| #define WITH_PYMALLOC 1
| #define PY_COERCE_C_LOCALE 1
| #define HAVE_DLOPEN 1
| #define HAVE_DYNAMIC_LOADING 1
| #define HAVE_ACCEPT4 1
| #define HAVE_ALARM 1
| #define HAVE_BIND_TEXTDOMAIN_CODESET 1
| #define HAVE_CHMOD 1
| #define HAVE_CHOWN 1
| #define HAVE_CLOCK 1
| #define HAVE_CONFSTR 1
| #define HAVE_COPY_FILE_RANGE 1
| #define HAVE_CTERMID 1
| #define HAVE_DLADDR 1
| #define HAVE_DUP 1
| #define HAVE_DUP3 1
| #define HAVE_EXECV 1
| #define HAVE_EXPLICIT_BZERO 1
| #define HAVE_FACCESSAT 1
| #define HAVE_FCHMOD 1
| #define HAVE_FCHMODAT 1
| #define HAVE_FCHOWN 1
| #define HAVE_FCHOWNAT 1
| #define HAVE_FDOPENDIR 1
| #define HAVE_FEXECVE 1
| #define HAVE_FORK 1
| #define HAVE_FPATHCONF 1
| #define HAVE_FSTATAT 1
| #define HAVE_FTIME 1
| #define HAVE_FTRUNCATE 1
| #define HAVE_FUTIMENS 1
| #define HAVE_FUTIMES 1
| #define HAVE_FUTIMESAT 1
| #define HAVE_GAI_STRERROR 1
| #define HAVE_GETEGID 1
| #define HAVE_GETEUID 1
| #define HAVE_GETGID 1
| #define HAVE_GETGRENT 1
| #define HAVE_GETGRGID 1
| #define HAVE_GETGRGID_R 1
| #define HAVE_GETGRNAM_R 1
| #define HAVE_GETGROUPLIST 1
| #define HAVE_GETHOSTNAME 1
| #define HAVE_GETITIMER 1
| #define HAVE_GETLOADAVG 1
| #define HAVE_GETLOGIN 1
| #define HAVE_GETLOGIN_R 1
| #define HAVE_GETPEERNAME 1
| #define HAVE_GETPGID 1
| #define HAVE_GETPID 1
| #define HAVE_GETPPID 1
| #define HAVE_GETPRIORITY 1
| #define HAVE_GETPWENT 1
| #define HAVE_GETPWNAM_R 1
| #define HAVE_GETPWUID 1
| #define HAVE_GETPWUID_R 1
| #define HAVE_GETRESGID 1
| #define HAVE_GETRESUID 1
| #define HAVE_GETRUSAGE 1
| #define HAVE_GETSID 1
| #define HAVE_GETSPENT 1
| #define HAVE_GETSPNAM 1
| #define HAVE_GETUID 1
| #define HAVE_GETWD 1
| #define HAVE_GRANTPT 1
| #define HAVE_IF_NAMEINDEX 1
| #define HAVE_INITGROUPS 1
| #define HAVE_KILL 1
| #define HAVE_KILLPG 1
| #define HAVE_LCHOWN 1
| #define HAVE_LINKAT 1
| #define HAVE_LOCKF 1
| #define HAVE_LSTAT 1
| #define HAVE_LUTIMES 1
| #define HAVE_MADVISE 1
| #define HAVE_MBRTOWC 1
| #define HAVE_MEMRCHR 1
| #define HAVE_MKDIRAT 1
| #define HAVE_MKFIFO 1
| #define HAVE_MKFIFOAT 1
| #define HAVE_MKNOD 1
| #define HAVE_MKNODAT 1
| #define HAVE_MKTIME 1
| #define HAVE_MMAP 1
| #define HAVE_MREMAP 1
| #define HAVE_NICE 1
| #define HAVE_OPENAT 1
| #define HAVE_OPENDIR 1
| #define HAVE_PATHCONF 1
| #define HAVE_PAUSE 1
| #define HAVE_PIPE 1
| #define HAVE_PIPE2 1
| #define HAVE_POLL 1
| #define HAVE_POSIX_FADVISE 1
| #define HAVE_POSIX_FALLOCATE 1
| #define HAVE_POSIX_OPENPT 1
| #define HAVE_POSIX_SPAWN 1
| #define HAVE_POSIX_SPAWNP 1
| #define HAVE_PREAD 1
| #define HAVE_PREADV 1
| #define HAVE_PREADV2 1
| #define HAVE_PROCESS_VM_READV 1
| #define HAVE_PTHREAD_CONDATTR_SETCLOCK 1
| #define HAVE_PTHREAD_KILL 1
| #define HAVE_PTHREAD_GETNAME_NP 1
| #define HAVE_PTHREAD_SETNAME_NP 1
| #define HAVE_PTHREAD_GETATTR_NP 1
| #define HAVE_PTSNAME 1
| #define HAVE_PTSNAME_R 1
| #define HAVE_PWRITE 1
| #define HAVE_PWRITEV 1
| #define HAVE_PWRITEV2 1
| #define HAVE_READLINK 1
| #define HAVE_READLINKAT 1
| #define HAVE_READV 1
| #define HAVE_REALPATH 1
| #define HAVE_RENAMEAT 1
| #define HAVE_SCHED_GET_PRIORITY_MAX 1
| #define HAVE_SCHED_RR_GET_INTERVAL 1
| #define HAVE_SCHED_SETAFFINITY 1
| #define HAVE_SCHED_SETPARAM 1
| #define HAVE_SCHED_SETSCHEDULER 1
| #define HAVE_SEM_CLOCKWAIT 1
| #define HAVE_SEM_GETVALUE 1
| #define HAVE_SEM_OPEN 1
| #define HAVE_SEM_TIMEDWAIT 1
| #define HAVE_SEM_UNLINK 1
| #define HAVE_SENDFILE 1
| #define HAVE_SETEGID 1
| #define HAVE_SETEUID 1
| #define HAVE_SETGID 1
| #define HAVE_SETHOSTNAME 1
| #define HAVE_SETITIMER 1
| #define HAVE_SETLOCALE 1
| #define HAVE_SETPGID 1
| #define HAVE_SETPGRP 1
| #define HAVE_SETPRIORITY 1
| #define HAVE_SETREGID 1
| #define HAVE_SETRESGID 1
| #define HAVE_SETRESUID 1
| #define HAVE_SETREUID 1
| #define HAVE_SETSID 1
| #define HAVE_SETUID 1
| #define HAVE_SETVBUF 1
| #define HAVE_SHUTDOWN 1
| #define HAVE_SIGACTION 1
| #define HAVE_SIGALTSTACK 1
| #define HAVE_SIGFILLSET 1
| #define HAVE_SIGINTERRUPT 1
| #define HAVE_SIGPENDING 1
| #define HAVE_SIGRELSE 1
| #define HAVE_SIGTIMEDWAIT 1
| #define HAVE_SIGWAIT 1
| #define HAVE_SIGWAITINFO 1
| #define HAVE_SNPRINTF 1
| #define HAVE_SPLICE 1
| #define HAVE_STRFTIME 1
| #define HAVE_STRSIGNAL 1
| #define HAVE_SYMLINKAT 1
| #define HAVE_SYNC 1
| #define HAVE_SYSCONF 1
| #define HAVE_TCGETPGRP 1
| #define HAVE_TCSETPGRP 1
| #define HAVE_TEMPNAM 1
| #define HAVE_TIMEGM 1
| #define HAVE_TIMES 1
| #define HAVE_TMPFILE 1
| #define HAVE_TMPNAM 1
| #define HAVE_TMPNAM_R 1
| #define HAVE_TRUNCATE 1
| #define HAVE_TTYNAME_R 1
| #define HAVE_UMASK 1
| #define HAVE_UNAME 1
| #define HAVE_UNLINKAT 1
| #define HAVE_UNLOCKPT 1
| #define HAVE_UTIMENSAT 1
| #define HAVE_UTIMES 1
| #define HAVE_VFORK 1
| #define HAVE_WAIT 1
| #define HAVE_WAIT3 1
| #define HAVE_WAIT4 1
| #define HAVE_WAITID 1
| #define HAVE_WAITPID 1
| #define HAVE_WCSCOLL 1
| #define HAVE_WCSFTIME 1
| #define HAVE_WCSXFRM 1
| #define HAVE_WMEMCMP 1
| #define HAVE_WRITEV 1
| #define HAVE_GETENTROPY 1
| #define HAVE_GETGROUPS 1
| #define HAVE_SYSTEM 1
| #define HAVE_DIRFD 1
| #define HAVE_CHROOT 1
| #define HAVE_LINK 1
| #define HAVE_SYMLINK 1
| #define HAVE_FCHDIR 1
| #define HAVE_FSYNC 1
| #define HAVE_FDATASYNC 1
| #define HAVE_EPOLL 1
| #define HAVE_EPOLL_CREATE1 1
| #define HAVE_PRLIMIT 1
| #define HAVE_MEMFD_CREATE 1
| #define HAVE_EVENTFD 1
| #define HAVE_TIMERFD_CREATE 1
| #define HAVE_FLOCK 1
| #define HAVE_GETPAGESIZE 1
| #define HAVE_ZLIB_COPY 1
| #define HAVE_HSTRERROR 1
| #define HAVE_GETSERVBYNAME 1
| #define HAVE_GETSERVBYPORT 1
| #define HAVE_GETHOSTBYNAME 1
| #define HAVE_GETHOSTBYADDR 1
| #define HAVE_GETPROTOBYNAME 1
| #define HAVE_INET_ATON 1
| #define HAVE_INET_NTOA 1
| #define HAVE_INET_PTON 1
| #define HAVE_GETPEERNAME 1
| #define HAVE_GETSOCKNAME 1
| #define HAVE_ACCEPT 1
| #define HAVE_BIND 1
| #define HAVE_CONNECT 1
| #define HAVE_LISTEN 1
| #define HAVE_RECVFROM 1
| #define HAVE_SENDTO 1
| #define HAVE_SETSOCKOPT 1
| #define HAVE_SOCKET 1
| #define HAVE_SETGROUPS 1
| #define HAVE_DECL_UT_NAMESIZE 1
| #define HAVE_UT_NAMESIZE 1
| #define HAVE_OPENPTY 1
| #define HAVE_LOGIN_TTY 1
| #define HAVE_FORKPTY 1
| #define HAVE_FSEEKO 1
| #define HAVE_FSTATVFS 1
| #define HAVE_FTELLO 1
| #define HAVE_STATVFS 1
| #define HAVE_DUP2 1
| #define HAVE_GETPGRP 1
| #define HAVE_SETPGRP 1
| #define HAVE_SETNS 1
| #define HAVE_UNSHARE 1
| #define HAVE_CLOCK_GETTIME 1
| #define HAVE_CLOCK_GETRES 1
| #define HAVE_CLOCK_SETTIME 1
| #define HAVE_CLOCK_NANOSLEEP 1
| #define HAVE_NANOSLEEP 1
| #define HAVE_DEVICE_MACROS 1
| #define SYS_SELECT_WITH_SYS_TIME 1
| #define HAVE_GETADDRINFO 1
| #define HAVE_GETNAMEINFO 1
| #define HAVE_STRUCT_TM_TM_ZONE 1
| #define HAVE_TM_ZONE 1
| #define HAVE_STRUCT_STAT_ST_RDEV 1
| #define HAVE_STRUCT_STAT_ST_BLKSIZE 1
| #define HAVE_STRUCT_STAT_ST_BLOCKS 1
| #define HAVE_STRUCT_PASSWD_PW_GECOS 1
| #define HAVE_STRUCT_PASSWD_PW_PASSWD 1
| #define HAVE_SIGINFO_T_SI_BAND 1
| #define HAVE_ADDRINFO 1
| #define HAVE_SOCKADDR_STORAGE 1
| #define HAVE_SOCKADDR_ALG 1
| #define HAVE_PROTOTYPES 1
| #define HAVE_SOCKETPAIR 1
| #define HAVE_GETHOSTBYNAME_R 1
| #define HAVE_GETHOSTBYNAME_R 1
| #define HAVE_GETHOSTBYNAME_R_6_ARG 1
| #define HAVE_GCC_ASM_FOR_X64 1
| #define DOUBLE_IS_LITTLE_ENDIAN_IEEE754 1
| #define HAVE_GCC_ASM_FOR_X87 1
| #define HAVE_ACOSH 1
| #define HAVE_ASINH 1
| #define HAVE_ATANH 1
| #define HAVE_ERF 1
| #define HAVE_ERFC 1
| #define HAVE_EXPM1 1
| #define HAVE_LOG1P 1
| #define HAVE_LOG2 1
| #define HAVE_DECL_RTLD_LAZY 1
| #define HAVE_DECL_RTLD_NOW 1
| #define HAVE_DECL_RTLD_GLOBAL 1
| #define HAVE_DECL_RTLD_LOCAL 1
| #define HAVE_DECL_RTLD_NODELETE 1
| #define HAVE_DECL_RTLD_NOLOAD 1
| #define HAVE_DECL_RTLD_DEEPBIND 1
| #define HAVE_DECL_RTLD_MEMBER 0
| #define HAVE_WCHAR_H 1
| #define SIZEOF_WCHAR_T 4
| #define HAVE_GETC_UNLOCKED 1
| /* end confdefs.h.  */
| #include <stddef.h>
| #ifdef HAVE_STDIO_H
| # include <stdio.h>
| #endif
| #ifdef HAVE_STDLIB_H
| # include <stdlib.h>
| #endif
| #ifdef HAVE_STRING_H
| # include <string.h>
| #endif
| #ifdef HAVE_INTTYPES_H
| # include <inttypes.h>
| #endif
| #ifdef HAVE_STDINT_H
| # include <stdint.h>
| #endif
| #ifdef HAVE_STRINGS_H
| # include <strings.h>
| #endif
| #ifdef HAVE_SYS_TYPES_H
| # include <sys/types.h>
| #endif
| #ifdef HAVE_SYS_STAT_H
| # include <sys/stat.h>
| #endif
| #ifdef HAVE_UNISTD_H
| # include <unistd.h>
| #endif
| #include <readline/readline.h>
configure:27045: result: no
configure:27482: checking how to link readline
configure:27487: result: no
configure:27903: checking for broken nice()
configure:27928: gcc -pthread -o conftest    conftest.c -lpthread -ldl  -lutil >&5
configure:27928: $? = 0
configure:27928: ./conftest
configure:27928: $? = 1
configure: program exited with status 1
configure: failed program was:
| /* confdefs.h */
| #define _NETBSD_SOURCE 1
| #define __BSD_VISIBLE 1
| #define _DARWIN_C_SOURCE 1
| #define _PYTHONFRAMEWORK ""
| #define _XOPEN_SOURCE 700
| #define _XOPEN_SOURCE_EXTENDED 1
| #define _POSIX_C_SOURCE 200809L
| #define HAVE_STDIO_H 1
| #define HAVE_STDLIB_H 1
| #define HAVE_STRING_H 1
| #define HAVE_INTTYPES_H 1
| #define HAVE_STDINT_H 1
| #define HAVE_STRINGS_H 1
| #define HAVE_SYS_STAT_H 1
| #define HAVE_SYS_TYPES_H 1
| #define HAVE_UNISTD_H 1
| #define HAVE_WCHAR_H 1
| #define STDC_HEADERS 1
| #define _ALL_SOURCE 1
| #define _DARWIN_C_SOURCE 1
| #define _GNU_SOURCE 1
| #define _HPUX_ALT_XOPEN_SOCKET_API 1
| #define _NETBSD_SOURCE 1
| #define _OPENBSD_SOURCE 1
| #define _POSIX_PTHREAD_SEMANTICS 1
| #define __STDC_WANT_IEC_60559_ATTRIBS_EXT__ 1
| #define __STDC_WANT_IEC_60559_BFP_EXT__ 1
| #define __STDC_WANT_IEC_60559_DFP_EXT__ 1
| #define __STDC_WANT_IEC_60559_EXT__ 1
| #define __STDC_WANT_IEC_60559_FUNCS_EXT__ 1
| #define __STDC_WANT_IEC_60559_TYPES_EXT__ 1
| #define __STDC_WANT_LIB_EXT2__ 1
| #define __STDC_WANT_MATH_SPEC_FUNCS__ 1
| #define _TANDEM_SOURCE 1
| #define __EXTENSIONS__ 1
| #define _Py_STACK_GROWS_DOWN 1
| #define PY_SUPPORT_TIER 1
| #define STDC_HEADERS 1
| #define HAVE_ALLOCA_H 1
| #define HAVE_ASM_TYPES_H 1
| #define HAVE_DLFCN_H 1
| #define HAVE_ENDIAN_H 1
| #define HAVE_ERRNO_H 1
| #define HAVE_FCNTL_H 1
| #define HAVE_GRP_H 1
| #define HAVE_LANGINFO_H 1
| #define HAVE_LIBINTL_H 1
| #define HAVE_LINUX_AUXVEC_H 1
| #define HAVE_SYS_AUXV_H 1
| #define HAVE_LINUX_FS_H 1
| #define HAVE_LINUX_LIMITS_H 1
| #define HAVE_LINUX_MEMFD_H 1
| #define HAVE_LINUX_NETFILTER_IPV4_H 1
| #define HAVE_LINUX_RANDOM_H 1
| #define HAVE_LINUX_SOUNDCARD_H 1
| #define HAVE_LINUX_SCHED_H 1
| #define HAVE_LINUX_TIPC_H 1
| #define HAVE_LINUX_WAIT_H 1
| #define HAVE_NETDB_H 1
| #define HAVE_NET_ETHERNET_H 1
| #define HAVE_NETINET_IN_H 1
| #define HAVE_NETPACKET_PACKET_H 1
| #define HAVE_POLL_H 1
| #define HAVE_PTHREAD_H 1
| #define HAVE_PTY_H 1
| #define HAVE_SCHED_H 1
| #define HAVE_SETJMP_H 1
| #define HAVE_SHADOW_H 1
| #define HAVE_SIGNAL_H 1
| #define HAVE_SPAWN_H 1
| #define HAVE_SYS_EPOLL_H 1
| #define HAVE_SYS_EVENTFD_H 1
| #define HAVE_SYS_FILE_H 1
| #define HAVE_SYS_IOCTL_H 1
| #define HAVE_SYS_MMAN_H 1
| #define HAVE_SYS_PARAM_H 1
| #define HAVE_SYS_POLL_H 1
| #define HAVE_SYS_RANDOM_H 1
| #define HAVE_SYS_RESOURCE_H 1
| #define HAVE_SYS_SELECT_H 1
| #define HAVE_SYS_SENDFILE_H 1
| #define HAVE_SYS_SOCKET_H 1
| #define HAVE_SYS_SOUNDCARD_H 1
| #define HAVE_SYS_STAT_H 1
| #define HAVE_SYS_STATVFS_H 1
| #define HAVE_SYS_SYSCALL_H 1
| #define HAVE_SYS_SYSMACROS_H 1
| #define HAVE_SYS_TIME_H 1
| #define HAVE_SYS_TIMES_H 1
| #define HAVE_SYS_TIMERFD_H 1
| #define HAVE_SYS_TYPES_H 1
| #define HAVE_SYS_UIO_H 1
| #define HAVE_SYS_UN_H 1
| #define HAVE_SYS_UTSNAME_H 1
| #define HAVE_SYS_WAIT_H 1
| #define HAVE_SYS_XATTR_H 1
| #define HAVE_SYSEXITS_H 1
| #define HAVE_SYSLOG_H 1
| #define HAVE_TERMIOS_H 1
| #define HAVE_UTIME_H 1
| #define HAVE_UTMP_H 1
| #define HAVE_DIRENT_H 1
| #define MAJOR_IN_SYSMACROS 1
| #define HAVE_NET_IF_H 1
| #define HAVE_LINUX_NETLINK_H 1
| #define HAVE_LINUX_QRTR_H 1
| #define HAVE_LINUX_VM_SOCKETS_H 1
| #define HAVE_LINUX_CAN_H 1
| #define HAVE_LINUX_CAN_BCM_H 1
| #define HAVE_LINUX_CAN_J1939_H 1
| #define HAVE_LINUX_CAN_RAW_H 1
| #define HAVE_CLOCK_T 1
| #define HAVE_MAKEDEV 1
| #define HAVE_HTOLE64 1
| #define _LARGEFILE_SOURCE 1
| #define _FILE_OFFSET_BITS 64
| #if defined(SCO_DS)
| #undef _OFF_T
| #endif
| #define RETSIGTYPE void
| #define HAVE_SSIZE_T 1
| #define HAVE___UINT128_T 1
| #define HAVE_GCC_UINT128_T 1
| #define SIZEOF_INT 4
| #define SIZEOF_LONG 8
| #define ALIGNOF_LONG 8
| #define SIZEOF_LONG_LONG 8
| #define SIZEOF_VOID_P 8
| #define SIZEOF_SHORT 2
| #define SIZEOF_FLOAT 4
| #define SIZEOF_DOUBLE 8
| #define SIZEOF_FPOS_T 16
| #define SIZEOF_SIZE_T 8
| #define ALIGNOF_SIZE_T 8
| #define SIZEOF_PID_T 4
| #define SIZEOF_UINTPTR_T 8
| #define ALIGNOF_MAX_ALIGN_T 16
| #define HAVE_LONG_DOUBLE 1
| #define SIZEOF_LONG_DOUBLE 16
| #define SIZEOF__BOOL 1
| #define SIZEOF_OFF_T 8
| #define SIZEOF_TIME_T 8
| #define SIZEOF_PTHREAD_T 8
| #define SIZEOF_PTHREAD_KEY_T 4
| #define PTHREAD_KEY_T_IS_COMPATIBLE_WITH_INT 1
| #define PY_HAVE_PERF_TRAMPOLINE 1
| #define HAVE_LIBDL 1
| #define HAVE_EXECINFO_H 1
| #define HAVE_BACKTRACE 1
| #define HAVE_DLADDR1 1
| #define HAVE_LINK_H 1
| #define HAVE_BACKTRACE 1
| #define HAVE_DLADDR1 1
| #define HAVE_DLFCN_H 1
| #define HAVE_BACKTRACE 1
| #define HAVE_DLADDR1 1
| #define HAVE_UUID_H 1
| #define HAVE_UUID_GENERATE_TIME_SAFE 1
| #define HAVE_FFI_PREP_CIF_VAR 1
| #define HAVE_FFI_PREP_CLOSURE_LOC 1
| #define HAVE_FFI_CLOSURE_ALLOC 1
| #define WITH_DECIMAL_CONTEXTVAR 1
| #define HAVE_LIBSQLITE3 1
| #define HAVE_LIBSQLITE3 1
| #define HAVE_LIBSQLITE3 1
| #define HAVE_LIBSQLITE3 1
| #define HAVE_LIBSQLITE3 1
| #define HAVE_LIBSQLITE3 1
| #define HAVE_LIBSQLITE3 1
| #define HAVE_LIBSQLITE3 1
| #define HAVE_LIBSQLITE3 1
| #define PY_SQLITE_HAVE_SERIALIZE 1
| #define PTHREAD_SYSTEM_SCHED_SUPPORTED 1
| #define HAVE_PTHREAD_SIGMASK 1
| #define HAVE_PTHREAD_GETCPUCLOCKID 1
| #define ENABLE_IPV6 1
| #define HAVE_LINUX_CAN_RAW_FD_FRAMES 1
| #define HAVE_LINUX_CAN_RAW_JOIN_FILTERS 1
| #define WITH_DOC_STRINGS 1
| #define HAVE_STD_ATOMIC 1
| #define HAVE_BUILTIN_ATOMIC 1
| #define WITH_MIMALLOC 1
| #define WITH_PYMALLOC 1
| #define PY_COERCE_C_LOCALE 1
| #define HAVE_DLOPEN 1
| #define HAVE_DYNAMIC_LOADING 1
| #define HAVE_ACCEPT4 1
| #define HAVE_ALARM 1
| #define HAVE_BIND_TEXTDOMAIN_CODESET 1
| #define HAVE_CHMOD 1
| #define HAVE_CHOWN 1
| #define HAVE_CLOCK 1
| #define HAVE_CONFSTR 1
| #define HAVE_COPY_FILE_RANGE 1
| #define HAVE_CTERMID 1
| #define HAVE_DLADDR 1
| #define HAVE_DUP 1
| #define HAVE_DUP3 1
| #define HAVE_EXECV 1
| #define HAVE_EXPLICIT_BZERO 1
| #define HAVE_FACCESSAT 1
| #define HAVE_FCHMOD 1
| #define HAVE_FCHMODAT 1
| #define HAVE_FCHOWN 1
| #define HAVE_FCHOWNAT 1
| #define HAVE_FDOPENDIR 1
| #define HAVE_FEXECVE 1
| #define HAVE_FORK 1
| #define HAVE_FPATHCONF 1
| #define HAVE_FSTATAT 1
| #define HAVE_FTIME 1
| #define HAVE_FTRUNCATE 1
| #define HAVE_FUTIMENS 1
| #define HAVE_FUTIMES 1
| #define HAVE_FUTIMESAT 1
| #define HAVE_GAI_STRERROR 1
| #define HAVE_GETEGID 1
| #define HAVE_GETEUID 1
| #define HAVE_GETGID 1
| #define HAVE_GETGRENT 1
| #define HAVE_GETGRGID 1
| #define HAVE_GETGRGID_R 1
| #define HAVE_GETGRNAM_R 1
| #define HAVE_GETGROUPLIST 1
| #define HAVE_GETHOSTNAME 1
| #define HAVE_GETITIMER 1
| #define HAVE_GETLOADAVG 1
| #define HAVE_GETLOGIN 1
| #define HAVE_GETLOGIN_R 1
| #define HAVE_GETPEERNAME 1
| #define HAVE_GETPGID 1
| #define HAVE_GETPID 1
| #define HAVE_GETPPID 1
| #define HAVE_GETPRIORITY 1
| #define HAVE_GETPWENT 1
| #define HAVE_GETPWNAM_R 1
| #define HAVE_GETPWUID 1
| #define HAVE_GETPWUID_R 1
| #define HAVE_GETRESGID 1
| #define HAVE_GETRESUID 1
| #define HAVE_GETRUSAGE 1
| #define HAVE_GETSID 1
| #define HAVE_GETSPENT 1
| #define HAVE_GETSPNAM 1
| #define HAVE_GETUID 1
| #define HAVE_GETWD 1
| #define HAVE_GRANTPT 1
| #define HAVE_IF_NAMEINDEX 1
| #define HAVE_INITGROUPS 1
| #define HAVE_KILL 1
| #define HAVE_KILLPG 1
| #define HAVE_LCHOWN 1
| #define HAVE_LINKAT 1
| #define HAVE_LOCKF 1
| #define HAVE_LSTAT 1
| #define HAVE_LUTIMES 1
| #define HAVE_MADVISE 1
| #define HAVE_MBRTOWC 1
| #define HAVE_MEMRCHR 1
| #define HAVE_MKDIRAT 1
| #define HAVE_MKFIFO 1
| #define HAVE_MKFIFOAT 1
| #define HAVE_MKNOD 1
| #define HAVE_MKNODAT 1
| #define HAVE_MKTIME 1
| #define HAVE_MMAP 1
| #define HAVE_MREMAP 1
| #define HAVE_NICE 1
| #define HAVE_OPENAT 1
| #define HAVE_OPENDIR 1
| #define HAVE_PATHCONF 1
| #define HAVE_PAUSE 1
| #define HAVE_PIPE 1
| #define HAVE_PIPE2 1
| #define HAVE_POLL 1
| #define HAVE_POSIX_FADVISE 1
| #define HAVE_POSIX_FALLOCATE 1
| #define HAVE_POSIX_OPENPT 1
| #define HAVE_POSIX_SPAWN 1
| #define HAVE_POSIX_SPAWNP 1
| #define HAVE_PREAD 1
| #define HAVE_PREADV 1
| #define HAVE_PREADV2 1
| #define HAVE_PROCESS_VM_READV 1
| #define HAVE_PTHREAD_CONDATTR_SETCLOCK 1
| #define HAVE_PTHREAD_KILL 1
| #define HAVE_PTHREAD_GETNAME_NP 1
| #define HAVE_PTHREAD_SETNAME_NP 1
| #define HAVE_PTHREAD_GETATTR_NP 1
| #define HAVE_PTSNAME 1
| #define HAVE_PTSNAME_R 1
| #define HAVE_PWRITE 1
| #define HAVE_PWRITEV 1
| #define HAVE_PWRITEV2 1
| #define HAVE_READLINK 1
| #define HAVE_READLINKAT 1
| #define HAVE_READV 1
| #define HAVE_REALPATH 1
| #define HAVE_RENAMEAT 1
| #define HAVE_SCHED_GET_PRIORITY_MAX 1
| #define HAVE_SCHED_RR_GET_INTERVAL 1
| #define HAVE_SCHED_SETAFFINITY 1
| #define HAVE_SCHED_SETPARAM 1
| #define HAVE_SCHED_SETSCHEDULER 1
| #define HAVE_SEM_CLOCKWAIT 1
| #define HAVE_SEM_GETVALUE 1
| #define HAVE_SEM_OPEN 1
| #define HAVE_SEM_TIMEDWAIT 1
| #define HAVE_SEM_UNLINK 1
| #define HAVE_SENDFILE 1
| #define HAVE_SETEGID 1
| #define HAVE_SETEUID 1
| #define HAVE_SETGID 1
| #define HAVE_SETHOSTNAME 1
| #define HAVE_SETITIMER 1
| #define HAVE_SETLOCALE 1
| #define HAVE_SETPGID 1
| #define HAVE_SETPGRP 1
| #define HAVE_SETPRIORITY 1
| #define HAVE_SETREGID 1
| #define HAVE_SETRESGID 1
| #define HAVE_SETRESUID 1
| #define HAVE_SETREUID 1
| #define HAVE_SETSID 1
| #define HAVE_SETUID 1
| #define HAVE_SETVBUF 1
| #define HAVE_SHUTDOWN 1
| #define HAVE_SIGACTION 1
| #define HAVE_SIGALTSTACK 1
| #define HAVE_SIGFILLSET 1
| #define HAVE_SIGINTERRUPT 1
| #define HAVE_SIGPENDING 1
| #define HAVE_SIGRELSE 1
| #define HAVE_SIGTIMEDWAIT 1
| #define HAVE_SIGWAIT 1
| #define HAVE_SIGWAITINFO 1
| #define HAVE_SNPRINTF 1
| #define HAVE_SPLICE 1
| #define HAVE_STRFTIME 1
| #define HAVE_STRSIGNAL 1
| #define HAVE_SYMLINKAT 1
| #define HAVE_SYNC 1
| #define HAVE_SYSCONF 1
| #define HAVE_TCGETPGRP 1
| #define HAVE_TCSETPGRP 1
| #define HAVE_TEMPNAM 1
| #define HAVE_TIMEGM 1
| #define HAVE_TIMES 1
| #define HAVE_TMPFILE 1
| #define HAVE_TMPNAM 1
| #define HAVE_TMPNAM_R 1
| #define HAVE_TRUNCATE 1
| #define HAVE_TTYNAME_R 1
| #define HAVE_UMASK 1
| #define HAVE_UNAME 1
| #define HAVE_UNLINKAT 1
| #define HAVE_UNLOCKPT 1
| #define HAVE_UTIMENSAT 1
| #define HAVE_UTIMES 1
| #define HAVE_VFORK 1
| #define HAVE_WAIT 1
| #define HAVE_WAIT3 1
| #define HAVE_WAIT4 1
| #define HAVE_WAITID 1
| #define HAVE_WAITPID 1
| #define HAVE_WCSCOLL 1
| #define HAVE_WCSFTIME 1
| #define HAVE_WCSXFRM 1
| #define HAVE_WMEMCMP 1
| #define HAVE_WRITEV 1
| #define HAVE_GETENTROPY 1
| #define HAVE_GETGROUPS 1
| #define HAVE_SYSTEM 1
| #define HAVE_DIRFD 1
| #define HAVE_CHROOT 1
| #define HAVE_LINK 1
| #define HAVE_SYMLINK 1
| #define HAVE_FCHDIR 1
| #define HAVE_FSYNC 1
| #define HAVE_FDATASYNC 1
| #define HAVE_EPOLL 1
| #define HAVE_EPOLL_CREATE1 1
| #define HAVE_PRLIMIT 1
| #define HAVE_MEMFD_CREATE 1
| #define HAVE_EVENTFD 1
| #define HAVE_TIMERFD_CREATE 1
| #define HAVE_FLOCK 1
| #define HAVE_GETPAGESIZE 1
| #define HAVE_ZLIB_COPY 1
| #define HAVE_HSTRERROR 1
| #define HAVE_GETSERVBYNAME 1
| #define HAVE_GETSERVBYPORT 1
| #define HAVE_GETHOSTBYNAME 1
| #define HAVE_GETHOSTBYADDR 1
| #define HAVE_GETPROTOBYNAME 1
| #define HAVE_INET_ATON 1
| #define HAVE_INET_NTOA 1
| #define HAVE_INET_PTON 1
| #define HAVE_GETPEERNAME 1
| #define HAVE_GETSOCKNAME 1
| #define HAVE_ACCEPT 1
| #define HAVE_BIND 1
| #define HAVE_CONNECT 1
| #define HAVE_LISTEN 1
| #define HAVE_RECVFROM 1
| #define HAVE_SENDTO 1
| #define HAVE_SETSOCKOPT 1
| #define HAVE_SOCKET 1
| #define HAVE_SETGROUPS 1
| #define HAVE_DECL_UT_NAMESIZE 1
| #define HAVE_UT_NAMESIZE 1
| #define HAVE_OPENPTY 1
| #define HAVE_LOGIN_TTY 1
| #define HAVE_FORKPTY 1
| #define HAVE_FSEEKO 1
| #define HAVE_FSTATVFS 1
| #define HAVE_FTELLO 1
| #define HAVE_STATVFS 1
| #define HAVE_DUP2 1
| #define HAVE_GETPGRP 1
| #define HAVE_SETPGRP 1
| #define HAVE_SETNS 1
| #define HAVE_UNSHARE 1
| #define HAVE_CLOCK_GETTIME 1
| #define HAVE_CLOCK_GETRES 1
| #define HAVE_CLOCK_SETTIME 1
| #define HAVE_CLOCK_NANOSLEEP 1
| #define HAVE_NANOSLEEP 1
| #define HAVE_DEVICE_MACROS 1
| #define SYS_SELECT_WITH_SYS_TIME 1
| #define HAVE_GETADDRINFO 1
| #define HAVE_GETNAMEINFO 1
| #define HAVE_STRUCT_TM_TM_ZONE 1
| #define HAVE_TM_ZONE 1
| #define HAVE_STRUCT_STAT_ST_RDEV 1
| #define HAVE_STRUCT_STAT_ST_BLKSIZE 1
| #define HAVE_STRUCT_STAT_ST_BLOCKS 1
| #define HAVE_STRUCT_PASSWD_PW_GECOS 1
| #define HAVE_STRUCT_PASSWD_PW_PASSWD 1
| #define HAVE_SIGINFO_T_SI_BAND 1
| #define HAVE_ADDRINFO 1
| #define HAVE_SOCKADDR_STORAGE 1
| #define HAVE_SOCKADDR_ALG 1
| #define HAVE_PROTOTYPES 1
| #define HAVE_SOCKETPAIR 1
| #define HAVE_GETHOSTBYNAME_R 1
| #define HAVE_GETHOSTBYNAME_R 1
| #define HAVE_GETHOSTBYNAME_R_6_ARG 1
| #define HAVE_GCC_ASM_FOR_X64 1
| #define DOUBLE_IS_LITTLE_ENDIAN_IEEE754 1
| #define HAVE_GCC_ASM_FOR_X87 1
| #define HAVE_ACOSH 1
| #define HAVE_ASINH 1
| #define HAVE_ATANH 1
| #define HAVE_ERF 1
| #define HAVE_ERFC 1
| #define HAVE_EXPM1 1
| #define HAVE_LOG1P 1
| #define HAVE_LOG2 1
| #define HAVE_DECL_RTLD_LAZY 1
| #define HAVE_DECL_RTLD_NOW 1
| #define HAVE_DECL_RTLD_GLOBAL 1
| #define HAVE_DECL_RTLD_LOCAL 1
| #define HAVE_DECL_RTLD_NODELETE 1
| #define HAVE_DECL_RTLD_NOLOAD 1
| #define HAVE_DECL_RTLD_DEEPBIND 1
| #define HAVE_DECL_RTLD_MEMBER 0
| #define HAVE_WCHAR_H 1
| #define SIZEOF_WCHAR_T 4
| #define HAVE_GETC_UNLOCKED 1
| /* end confdefs.h.  */
| 
| #include <stdlib.h>
| #include <unistd.h>
| int main(void)
| {
| 	int val1 = nice(1);
| 	if (val1 != -1 && val1 == nice(2))
| 		exit(0);
| 	exit(1);
| }
| 
configure:27942: result: no
configure:27951: checking for broken poll()
configure:27984: gcc -pthread -o conftest    conftest.c -lpthread -ldl  -lutil >&5
configure:27984: $? = 0
configure:27984: ./conftest
configure:27984: $? = 1
configure: program exited with status 1
configure: failed program was:
| /* confdefs.h */
| #define _NETBSD_SOURCE 1
| #define __BSD_VISIBLE 1
| #define _DARWIN_C_SOURCE 1
| #define _PYTHONFRAMEWORK ""
| #define _XOPEN_SOURCE 700
| #define _XOPEN_SOURCE_EXTENDED 1
| #define _POSIX_C_SOURCE 200809L
| #define HAVE_STDIO_H 1
| #define HAVE_STDLIB_H 1
| #define HAVE_STRING_H 1
| #define HAVE_INTTYPES_H 1
| #define HAVE_STDINT_H 1
| #define HAVE_STRINGS_H 1
| #define HAVE_SYS_STAT_H 1
| #define HAVE_SYS_TYPES_H 1
| #define HAVE_UNISTD_H 1
| #define HAVE_WCHAR_H 1
| #define STDC_HEADERS 1
| #define _ALL_SOURCE 1
| #define _DARWIN_C_SOURCE 1
| #define _GNU_SOURCE 1
| #define _HPUX_ALT_XOPEN_SOCKET_API 1
| #define _NETBSD_SOURCE 1
| #define _OPENBSD_SOURCE 1
| #define _POSIX_PTHREAD_SEMANTICS 1
| #define __STDC_WANT_IEC_60559_ATTRIBS_EXT__ 1
| #define __STDC_WANT_IEC_60559_BFP_EXT__ 1
| #define __STDC_WANT_IEC_60559_DFP_EXT__ 1
| #define __STDC_WANT_IEC_60559_EXT__ 1
| #define __STDC_WANT_IEC_60559_FUNCS_EXT__ 1
| #define __STDC_WANT_IEC_60559_TYPES_EXT__ 1
| #define __STDC_WANT_LIB_EXT2__ 1
| #define __STDC_WANT_MATH_SPEC_FUNCS__ 1
| #define _TANDEM_SOURCE 1
| #define __EXTENSIONS__ 1
| #define _Py_STACK_GROWS_DOWN 1
| #define PY_SUPPORT_TIER 1
| #define STDC_HEADERS 1
| #define HAVE_ALLOCA_H 1
| #define HAVE_ASM_TYPES_H 1
| #define HAVE_DLFCN_H 1
| #define HAVE_ENDIAN_H 1
| #define HAVE_ERRNO_H 1
| #define HAVE_FCNTL_H 1
| #define HAVE_GRP_H 1
| #define HAVE_LANGINFO_H 1
| #define HAVE_LIBINTL_H 1
| #define HAVE_LINUX_AUXVEC_H 1
| #define HAVE_SYS_AUXV_H 1
| #define HAVE_LINUX_FS_H 1
| #define HAVE_LINUX_LIMITS_H 1
| #define HAVE_LINUX_MEMFD_H 1
| #define HAVE_LINUX_NETFILTER_IPV4_H 1
| #define HAVE_LINUX_RANDOM_H 1
| #define HAVE_LINUX_SOUNDCARD_H 1
| #define HAVE_LINUX_SCHED_H 1
| #define HAVE_LINUX_TIPC_H 1
| #define HAVE_LINUX_WAIT_H 1
| #define HAVE_NETDB_H 1
| #define HAVE_NET_ETHERNET_H 1
| #define HAVE_NETINET_IN_H 1
| #define HAVE_NETPACKET_PACKET_H 1
| #define HAVE_POLL_H 1
| #define HAVE_PTHREAD_H 1
| #define HAVE_PTY_H 1
| #define HAVE_SCHED_H 1
| #define HAVE_SETJMP_H 1
| #define HAVE_SHADOW_H 1
| #define HAVE_SIGNAL_H 1
| #define HAVE_SPAWN_H 1
| #define HAVE_SYS_EPOLL_H 1
| #define HAVE_SYS_EVENTFD_H 1
| #define HAVE_SYS_FILE_H 1
| #define HAVE_SYS_IOCTL_H 1
| #define HAVE_SYS_MMAN_H 1
| #define HAVE_SYS_PARAM_H 1
| #define HAVE_SYS_POLL_H 1
| #define HAVE_SYS_RANDOM_H 1
| #define HAVE_SYS_RESOURCE_H 1
| #define HAVE_SYS_SELECT_H 1
| #define HAVE_SYS_SENDFILE_H 1
| #define HAVE_SYS_SOCKET_H 1
| #define HAVE_SYS_SOUNDCARD_H 1
| #define HAVE_SYS_STAT_H 1
| #define HAVE_SYS_STATVFS_H 1
| #define HAVE_SYS_SYSCALL_H 1
| #define HAVE_SYS_SYSMACROS_H 1
| #define HAVE_SYS_TIME_H 1
| #define HAVE_SYS_TIMES_H 1
| #define HAVE_SYS_TIMERFD_H 1
| #define HAVE_SYS_TYPES_H 1
| #define HAVE_SYS_UIO_H 1
| #define HAVE_SYS_UN_H 1
| #define HAVE_SYS_UTSNAME_H 1
| #define HAVE_SYS_WAIT_H 1
| #define HAVE_SYS_XATTR_H 1
| #define HAVE_SYSEXITS_H 1
| #define HAVE_SYSLOG_H 1
| #define HAVE_TERMIOS_H 1
| #define HAVE_UTIME_H 1
| #define HAVE_UTMP_H 1
| #define HAVE_DIRENT_H 1
| #define MAJOR_IN_SYSMACROS 1
| #define HAVE_NET_IF_H 1
| #define HAVE_LINUX_NETLINK_H 1
| #define HAVE_LINUX_QRTR_H 1
| #define HAVE_LINUX_VM_SOCKETS_H 1
| #define HAVE_LINUX_CAN_H 1
| #define HAVE_LINUX_CAN_BCM_H 1
| #define HAVE_LINUX_CAN_J1939_H 1
| #define HAVE_LINUX_CAN_RAW_H 1
| #define HAVE_CLOCK_T 1
| #define HAVE_MAKEDEV 1
| #define HAVE_HTOLE64 1
| #define _LARGEFILE_SOURCE 1
| #define _FILE_OFFSET_BITS 64
| #if defined(SCO_DS)
| #undef _OFF_T
| #endif
| #define RETSIGTYPE void
| #define HAVE_SSIZE_T 1
| #define HAVE___UINT128_T 1
| #define HAVE_GCC_UINT128_T 1
| #define SIZEOF_INT 4
| #define SIZEOF_LONG 8
| #define ALIGNOF_LONG 8
| #define SIZEOF_LONG_LONG 8
| #define SIZEOF_VOID_P 8
| #define SIZEOF_SHORT 2
| #define SIZEOF_FLOAT 4
| #define SIZEOF_DOUBLE 8
| #define SIZEOF_FPOS_T 16
| #define SIZEOF_SIZE_T 8
| #define ALIGNOF_SIZE_T 8
| #define SIZEOF_PID_T 4
| #define SIZEOF_UINTPTR_T 8
| #define ALIGNOF_MAX_ALIGN_T 16
| #define HAVE_LONG_DOUBLE 1
| #define SIZEOF_LONG_DOUBLE 16
| #define SIZEOF__BOOL 1
| #define SIZEOF_OFF_T 8
| #define SIZEOF_TIME_T 8
| #define SIZEOF_PTHREAD_T 8
| #define SIZEOF_PTHREAD_KEY_T 4
| #define PTHREAD_KEY_T_IS_COMPATIBLE_WITH_INT 1
| #define PY_HAVE_PERF_TRAMPOLINE 1
| #define HAVE_LIBDL 1
| #define HAVE_EXECINFO_H 1
| #define HAVE_BACKTRACE 1
| #define HAVE_DLADDR1 1
| #define HAVE_LINK_H 1
| #define HAVE_BACKTRACE 1
| #define HAVE_DLADDR1 1
| #define HAVE_DLFCN_H 1
| #define HAVE_BACKTRACE 1
| #define HAVE_DLADDR1 1
| #define HAVE_UUID_H 1
| #define HAVE_UUID_GENERATE_TIME_SAFE 1
| #define HAVE_FFI_PREP_CIF_VAR 1
| #define HAVE_FFI_PREP_CLOSURE_LOC 1
| #define HAVE_FFI_CLOSURE_ALLOC 1
| #define WITH_DECIMAL_CONTEXTVAR 1
| #define HAVE_LIBSQLITE3 1
| #define HAVE_LIBSQLITE3 1
| #define HAVE_LIBSQLITE3 1
| #define HAVE_LIBSQLITE3 1
| #define HAVE_LIBSQLITE3 1
| #define HAVE_LIBSQLITE3 1
| #define HAVE_LIBSQLITE3 1
| #define HAVE_LIBSQLITE3 1
| #define HAVE_LIBSQLITE3 1
| #define PY_SQLITE_HAVE_SERIALIZE 1
| #define PTHREAD_SYSTEM_SCHED_SUPPORTED 1
| #define HAVE_PTHREAD_SIGMASK 1
| #define HAVE_PTHREAD_GETCPUCLOCKID 1
| #define ENABLE_IPV6 1
| #define HAVE_LINUX_CAN_RAW_FD_FRAMES 1
| #define HAVE_LINUX_CAN_RAW_JOIN_FILTERS 1
| #define WITH_DOC_STRINGS 1
| #define HAVE_STD_ATOMIC 1
| #define HAVE_BUILTIN_ATOMIC 1
| #define WITH_MIMALLOC 1
| #define WITH_PYMALLOC 1
| #define PY_COERCE_C_LOCALE 1
| #define HAVE_DLOPEN 1
| #define HAVE_DYNAMIC_LOADING 1
| #define HAVE_ACCEPT4 1
| #define HAVE_ALARM 1
| #define HAVE_BIND_TEXTDOMAIN_CODESET 1
| #define HAVE_CHMOD 1
| #define HAVE_CHOWN 1
| #define HAVE_CLOCK 1
| #define HAVE_CONFSTR 1
| #define HAVE_COPY_FILE_RANGE 1
| #define HAVE_CTERMID 1
| #define HAVE_DLADDR 1
| #define HAVE_DUP 1
| #define HAVE_DUP3 1
| #define HAVE_EXECV 1
| #define HAVE_EXPLICIT_BZERO 1
| #define HAVE_FACCESSAT 1
| #define HAVE_FCHMOD 1
| #define HAVE_FCHMODAT 1
| #define HAVE_FCHOWN 1
| #define HAVE_FCHOWNAT 1
| #define HAVE_FDOPENDIR 1
| #define HAVE_FEXECVE 1
| #define HAVE_FORK 1
| #define HAVE_FPATHCONF 1
| #define HAVE_FSTATAT 1
| #define HAVE_FTIME 1
| #define HAVE_FTRUNCATE 1
| #define HAVE_FUTIMENS 1
| #define HAVE_FUTIMES 1
| #define HAVE_FUTIMESAT 1
| #define HAVE_GAI_STRERROR 1
| #define HAVE_GETEGID 1
| #define HAVE_GETEUID 1
| #define HAVE_GETGID 1
| #define HAVE_GETGRENT 1
| #define HAVE_GETGRGID 1
| #define HAVE_GETGRGID_R 1
| #define HAVE_GETGRNAM_R 1
| #define HAVE_GETGROUPLIST 1
| #define HAVE_GETHOSTNAME 1
| #define HAVE_GETITIMER 1
| #define HAVE_GETLOADAVG 1
| #define HAVE_GETLOGIN 1
| #define HAVE_GETLOGIN_R 1
| #define HAVE_GETPEERNAME 1
| #define HAVE_GETPGID 1
| #define HAVE_GETPID 1
| #define HAVE_GETPPID 1
| #define HAVE_GETPRIORITY 1
| #define HAVE_GETPWENT 1
| #define HAVE_GETPWNAM_R 1
| #define HAVE_GETPWUID 1
| #define HAVE_GETPWUID_R 1
| #define HAVE_GETRESGID 1
| #define HAVE_GETRESUID 1
| #define HAVE_GETRUSAGE 1
| #define HAVE_GETSID 1
| #define HAVE_GETSPENT 1
| #define HAVE_GETSPNAM 1
| #define HAVE_GETUID 1
| #define HAVE_GETWD 1
| #define HAVE_GRANTPT 1
| #define HAVE_IF_NAMEINDEX 1
| #define HAVE_INITGROUPS 1
| #define HAVE_KILL 1
| #define HAVE_KILLPG 1
| #define HAVE_LCHOWN 1
| #define HAVE_LINKAT 1
| #define HAVE_LOCKF 1
| #define HAVE_LSTAT 1
| #define HAVE_LUTIMES 1
| #define HAVE_MADVISE 1
| #define HAVE_MBRTOWC 1
| #define HAVE_MEMRCHR 1
| #define HAVE_MKDIRAT 1
| #define HAVE_MKFIFO 1
| #define HAVE_MKFIFOAT 1
| #define HAVE_MKNOD 1
| #define HAVE_MKNODAT 1
| #define HAVE_MKTIME 1
| #define HAVE_MMAP 1
| #define HAVE_MREMAP 1
| #define HAVE_NICE 1
| #define HAVE_OPENAT 1
| #define HAVE_OPENDIR 1
| #define HAVE_PATHCONF 1
| #define HAVE_PAUSE 1
| #define HAVE_PIPE 1
| #define HAVE_PIPE2 1
| #define HAVE_POLL 1
| #define HAVE_POSIX_FADVISE 1
| #define HAVE_POSIX_FALLOCATE 1
| #define HAVE_POSIX_OPENPT 1
| #define HAVE_POSIX_SPAWN 1
| #define HAVE_POSIX_SPAWNP 1
| #define HAVE_PREAD 1
| #define HAVE_PREADV 1
| #define HAVE_PREADV2 1
| #define HAVE_PROCESS_VM_READV 1
| #define HAVE_PTHREAD_CONDATTR_SETCLOCK 1
| #define HAVE_PTHREAD_KILL 1
| #define HAVE_PTHREAD_GETNAME_NP 1
| #define HAVE_PTHREAD_SETNAME_NP 1
| #define HAVE_PTHREAD_GETATTR_NP 1
| #define HAVE_PTSNAME 1
| #define HAVE_PTSNAME_R 1
| #define HAVE_PWRITE 1
| #define HAVE_PWRITEV 1
| #define HAVE_PWRITEV2 1
| #define HAVE_READLINK 1
| #define HAVE_READLINKAT 1
| #define HAVE_READV 1
| #define HAVE_REALPATH 1
| #define HAVE_RENAMEAT 1
| #define HAVE_SCHED_GET_PRIORITY_MAX 1
| #define HAVE_SCHED_RR_GET_INTERVAL 1
| #define HAVE_SCHED_SETAFFINITY 1
| #define HAVE_SCHED_SETPARAM 1
| #define HAVE_SCHED_SETSCHEDULER 1
| #define HAVE_SEM_CLOCKWAIT 1
| #define HAVE_SEM_GETVALUE 1
| #define HAVE_SEM_OPEN 1
| #define HAVE_SEM_TIMEDWAIT 1
| #define HAVE_SEM_UNLINK 1
| #define HAVE_SENDFILE 1
| #define HAVE_SETEGID 1
| #define HAVE_SETEUID 1
| #define HAVE_SETGID 1
| #define HAVE_SETHOSTNAME 1
| #define HAVE_SETITIMER 1
| #define HAVE_SETLOCALE 1
| #define HAVE_SETPGID 1
| #define HAVE_SETPGRP 1
| #define HAVE_SETPRIORITY 1
| #define HAVE_SETREGID 1
| #define HAVE_SETRESGID 1
| #define HAVE_SETRESUID 1
| #define HAVE_SETREUID 1
| #define HAVE_SETSID 1
| #define HAVE_SETUID 1
| #define HAVE_SETVBUF 1
| #define HAVE_SHUTDOWN 1
| #define HAVE_SIGACTION 1
| #define HAVE_SIGALTSTACK 1
| #define HAVE_SIGFILLSET 1
| #define HAVE_SIGINTERRUPT 1
| #define HAVE_SIGPENDING 1
| #define HAVE_SIGRELSE 1
| #define HAVE_SIGTIMEDWAIT 1
| #define HAVE_SIGWAIT 1
| #define HAVE_SIGWAITINFO 1
| #define HAVE_SNPRINTF 1
| #define HAVE_SPLICE 1
| #define HAVE_STRFTIME 1
| #define HAVE_STRSIGNAL 1
| #define HAVE_SYMLINKAT 1
| #define HAVE_SYNC 1
| #define HAVE_SYSCONF 1
| #define HAVE_TCGETPGRP 1
| #define HAVE_TCSETPGRP 1
| #define HAVE_TEMPNAM 1
| #define HAVE_TIMEGM 1
| #define HAVE_TIMES 1
| #define HAVE_TMPFILE 1
| #define HAVE_TMPNAM 1
| #define HAVE_TMPNAM_R 1
| #define HAVE_TRUNCATE 1
| #define HAVE_TTYNAME_R 1
| #define HAVE_UMASK 1
| #define HAVE_UNAME 1
| #define HAVE_UNLINKAT 1
| #define HAVE_UNLOCKPT 1
| #define HAVE_UTIMENSAT 1
| #define HAVE_UTIMES 1
| #define HAVE_VFORK 1
| #define HAVE_WAIT 1
| #define HAVE_WAIT3 1
| #define HAVE_WAIT4 1
| #define HAVE_WAITID 1
| #define HAVE_WAITPID 1
| #define HAVE_WCSCOLL 1
| #define HAVE_WCSFTIME 1
| #define HAVE_WCSXFRM 1
| #define HAVE_WMEMCMP 1
| #define HAVE_WRITEV 1
| #define HAVE_GETENTROPY 1
| #define HAVE_GETGROUPS 1
| #define HAVE_SYSTEM 1
| #define HAVE_DIRFD 1
| #define HAVE_CHROOT 1
| #define HAVE_LINK 1
| #define HAVE_SYMLINK 1
| #define HAVE_FCHDIR 1
| #define HAVE_FSYNC 1
| #define HAVE_FDATASYNC 1
| #define HAVE_EPOLL 1
| #define HAVE_EPOLL_CREATE1 1
| #define HAVE_PRLIMIT 1
| #define HAVE_MEMFD_CREATE 1
| #define HAVE_EVENTFD 1
| #define HAVE_TIMERFD_CREATE 1
| #define HAVE_FLOCK 1
| #define HAVE_GETPAGESIZE 1
| #define HAVE_ZLIB_COPY 1
| #define HAVE_HSTRERROR 1
| #define HAVE_GETSERVBYNAME 1
| #define HAVE_GETSERVBYPORT 1
| #define HAVE_GETHOSTBYNAME 1
| #define HAVE_GETHOSTBYADDR 1
| #define HAVE_GETPROTOBYNAME 1
| #define HAVE_INET_ATON 1
| #define HAVE_INET_NTOA 1
| #define HAVE_INET_PTON 1
| #define HAVE_GETPEERNAME 1
| #define HAVE_GETSOCKNAME 1
| #define HAVE_ACCEPT 1
| #define HAVE_BIND 1
| #define HAVE_CONNECT 1
| #define HAVE_LISTEN 1
| #define HAVE_RECVFROM 1
| #define HAVE_SENDTO 1
| #define HAVE_SETSOCKOPT 1
| #define HAVE_SOCKET 1
| #define HAVE_SETGROUPS 1
| #define HAVE_DECL_UT_NAMESIZE 1
| #define HAVE_UT_NAMESIZE 1
| #define HAVE_OPENPTY 1
| #define HAVE_LOGIN_TTY 1
| #define HAVE_FORKPTY 1
| #define HAVE_FSEEKO 1
| #define HAVE_FSTATVFS 1
| #define HAVE_FTELLO 1
| #define HAVE_STATVFS 1
| #define HAVE_DUP2 1
| #define HAVE_GETPGRP 1
| #define HAVE_SETPGRP 1
| #define HAVE_SETNS 1
| #define HAVE_UNSHARE 1
| #define HAVE_CLOCK_GETTIME 1
| #define HAVE_CLOCK_GETRES 1
| #define HAVE_CLOCK_SETTIME 1
| #define HAVE_CLOCK_NANOSLEEP 1
| #define HAVE_NANOSLEEP 1
| #define HAVE_DEVICE_MACROS 1
| #define SYS_SELECT_WITH_SYS_TIME 1
| #define HAVE_GETADDRINFO 1
| #define HAVE_GETNAMEINFO 1
| #define HAVE_STRUCT_TM_TM_ZONE 1
| #define HAVE_TM_ZONE 1
| #define HAVE_STRUCT_STAT_ST_RDEV 1
| #define HAVE_STRUCT_STAT_ST_BLKSIZE 1
| #define HAVE_STRUCT_STAT_ST_BLOCKS 1
| #define HAVE_STRUCT_PASSWD_PW_GECOS 1
| #define HAVE_STRUCT_PASSWD_PW_PASSWD 1
| #define HAVE_SIGINFO_T_SI_BAND 1
| #define HAVE_ADDRINFO 1
| #define HAVE_SOCKADDR_STORAGE 1
| #define HAVE_SOCKADDR_ALG 1
| #define HAVE_PROTOTYPES 1
| #define HAVE_SOCKETPAIR 1
| #define HAVE_GETHOSTBYNAME_R 1
| #define HAVE_GETHOSTBYNAME_R 1
| #define HAVE_GETHOSTBYNAME_R_6_ARG 1
| #define HAVE_GCC_ASM_FOR_X64 1
| #define DOUBLE_IS_LITTLE_ENDIAN_IEEE754 1
| #define HAVE_GCC_ASM_FOR_X87 1
| #define HAVE_ACOSH 1
| #define HAVE_ASINH 1
| #define HAVE_ATANH 1
| #define HAVE_ERF 1
| #define HAVE_ERFC 1
| #define HAVE_EXPM1 1
| #define HAVE_LOG1P 1
| #define HAVE_LOG2 1
| #define HAVE_DECL_RTLD_LAZY 1
| #define HAVE_DECL_RTLD_NOW 1
| #define HAVE_DECL_RTLD_GLOBAL 1
| #define HAVE_DECL_RTLD_LOCAL 1
| #define HAVE_DECL_RTLD_NODELETE 1
| #define HAVE_DECL_RTLD_NOLOAD 1
| #define HAVE_DECL_RTLD_DEEPBIND 1
| #define HAVE_DECL_RTLD_MEMBER 0
| #define HAVE_WCHAR_H 1
| #define SIZEOF_WCHAR_T 4
| #define HAVE_GETC_UNLOCKED 1
| /* end confdefs.h.  */
| 
| #include <poll.h>
| #include <unistd.h>
| 
| int main(void)
| {
|     struct pollfd poll_struct = { 42, POLLIN|POLLPRI|POLLOUT, 0 };
|     int poll_test;
| 
|     close (42);
| 
|     poll_test = poll(&poll_struct, 1, 0);
|     if (poll_test < 0)
|         return 0;
|     else if (poll_test == 0 && poll_struct.revents != POLLNVAL)
|         return 0;
|     else
|         return 1;
| }
| 
configure:27998: result: no
configure:28008: checking for working tzset()
configure:28086: gcc -pthread -o conftest    conftest.c -lpthread -ldl  -lutil >&5
configure:28086: $? = 0
configure:28086: ./conftest
configure:28086: $? = 0
configure:28100: result: yes
configure:28110: checking for tv_nsec in struct stat
configure:28130: gcc -pthread -c   conftest.c >&5
configure:28130: $? = 0
configure:28140: result: yes
configure:28150: checking for tv_nsec2 in struct stat
configure:28170: gcc -pthread -c   conftest.c >&5
conftest.c: In function 'main':
conftest.c:481:3: error: 'struct stat' has no member named 'st_mtimespec'
  481 | st.st_mtimespec.tv_nsec = 1;
      |   ^
configure:28170: $? = 1
configure: failed program was:
| /* confdefs.h */
| #define _NETBSD_SOURCE 1
| #define __BSD_VISIBLE 1
| #define _DARWIN_C_SOURCE 1
| #define _PYTHONFRAMEWORK ""
| #define _XOPEN_SOURCE 700
| #define _XOPEN_SOURCE_EXTENDED 1
| #define _POSIX_C_SOURCE 200809L
| #define HAVE_STDIO_H 1
| #define HAVE_STDLIB_H 1
| #define HAVE_STRING_H 1
| #define HAVE_INTTYPES_H 1
| #define HAVE_STDINT_H 1
| #define HAVE_STRINGS_H 1
| #define HAVE_SYS_STAT_H 1
| #define HAVE_SYS_TYPES_H 1
| #define HAVE_UNISTD_H 1
| #define HAVE_WCHAR_H 1
| #define STDC_HEADERS 1
| #define _ALL_SOURCE 1
| #define _DARWIN_C_SOURCE 1
| #define _GNU_SOURCE 1
| #define _HPUX_ALT_XOPEN_SOCKET_API 1
| #define _NETBSD_SOURCE 1
| #define _OPENBSD_SOURCE 1
| #define _POSIX_PTHREAD_SEMANTICS 1
| #define __STDC_WANT_IEC_60559_ATTRIBS_EXT__ 1
| #define __STDC_WANT_IEC_60559_BFP_EXT__ 1
| #define __STDC_WANT_IEC_60559_DFP_EXT__ 1
| #define __STDC_WANT_IEC_60559_EXT__ 1
| #define __STDC_WANT_IEC_60559_FUNCS_EXT__ 1
| #define __STDC_WANT_IEC_60559_TYPES_EXT__ 1
| #define __STDC_WANT_LIB_EXT2__ 1
| #define __STDC_WANT_MATH_SPEC_FUNCS__ 1
| #define _TANDEM_SOURCE 1
| #define __EXTENSIONS__ 1
| #define _Py_STACK_GROWS_DOWN 1
| #define PY_SUPPORT_TIER 1
| #define STDC_HEADERS 1
| #define HAVE_ALLOCA_H 1
| #define HAVE_ASM_TYPES_H 1
| #define HAVE_DLFCN_H 1
| #define HAVE_ENDIAN_H 1
| #define HAVE_ERRNO_H 1
| #define HAVE_FCNTL_H 1
| #define HAVE_GRP_H 1
| #define HAVE_LANGINFO_H 1
| #define HAVE_LIBINTL_H 1
| #define HAVE_LINUX_AUXVEC_H 1
| #define HAVE_SYS_AUXV_H 1
| #define HAVE_LINUX_FS_H 1
| #define HAVE_LINUX_LIMITS_H 1
| #define HAVE_LINUX_MEMFD_H 1
| #define HAVE_LINUX_NETFILTER_IPV4_H 1
| #define HAVE_LINUX_RANDOM_H 1
| #define HAVE_LINUX_SOUNDCARD_H 1
| #define HAVE_LINUX_SCHED_H 1
| #define HAVE_LINUX_TIPC_H 1
| #define HAVE_LINUX_WAIT_H 1
| #define HAVE_NETDB_H 1
| #define HAVE_NET_ETHERNET_H 1
| #define HAVE_NETINET_IN_H 1
| #define HAVE_NETPACKET_PACKET_H 1
| #define HAVE_POLL_H 1
| #define HAVE_PTHREAD_H 1
| #define HAVE_PTY_H 1
| #define HAVE_SCHED_H 1
| #define HAVE_SETJMP_H 1
| #define HAVE_SHADOW_H 1
| #define HAVE_SIGNAL_H 1
| #define HAVE_SPAWN_H 1
| #define HAVE_SYS_EPOLL_H 1
| #define HAVE_SYS_EVENTFD_H 1
| #define HAVE_SYS_FILE_H 1
| #define HAVE_SYS_IOCTL_H 1
| #define HAVE_SYS_MMAN_H 1
| #define HAVE_SYS_PARAM_H 1
| #define HAVE_SYS_POLL_H 1
| #define HAVE_SYS_RANDOM_H 1
| #define HAVE_SYS_RESOURCE_H 1
| #define HAVE_SYS_SELECT_H 1
| #define HAVE_SYS_SENDFILE_H 1
| #define HAVE_SYS_SOCKET_H 1
| #define HAVE_SYS_SOUNDCARD_H 1
| #define HAVE_SYS_STAT_H 1
| #define HAVE_SYS_STATVFS_H 1
| #define HAVE_SYS_SYSCALL_H 1
| #define HAVE_SYS_SYSMACROS_H 1
| #define HAVE_SYS_TIME_H 1
| #define HAVE_SYS_TIMES_H 1
| #define HAVE_SYS_TIMERFD_H 1
| #define HAVE_SYS_TYPES_H 1
| #define HAVE_SYS_UIO_H 1
| #define HAVE_SYS_UN_H 1
| #define HAVE_SYS_UTSNAME_H 1
| #define HAVE_SYS_WAIT_H 1
| #define HAVE_SYS_XATTR_H 1
| #define HAVE_SYSEXITS_H 1
| #define HAVE_SYSLOG_H 1
| #define HAVE_TERMIOS_H 1
| #define HAVE_UTIME_H 1
| #define HAVE_UTMP_H 1
| #define HAVE_DIRENT_H 1
| #define MAJOR_IN_SYSMACROS 1
| #define HAVE_NET_IF_H 1
| #define HAVE_LINUX_NETLINK_H 1
| #define HAVE_LINUX_QRTR_H 1
| #define HAVE_LINUX_VM_SOCKETS_H 1
| #define HAVE_LINUX_CAN_H 1
| #define HAVE_LINUX_CAN_BCM_H 1
| #define HAVE_LINUX_CAN_J1939_H 1
| #define HAVE_LINUX_CAN_RAW_H 1
| #define HAVE_CLOCK_T 1
| #define HAVE_MAKEDEV 1
| #define HAVE_HTOLE64 1
| #define _LARGEFILE_SOURCE 1
| #define _FILE_OFFSET_BITS 64
| #if defined(SCO_DS)
| #undef _OFF_T
| #endif
| #define RETSIGTYPE void
| #define HAVE_SSIZE_T 1
| #define HAVE___UINT128_T 1
| #define HAVE_GCC_UINT128_T 1
| #define SIZEOF_INT 4
| #define SIZEOF_LONG 8
| #define ALIGNOF_LONG 8
| #define SIZEOF_LONG_LONG 8
| #define SIZEOF_VOID_P 8
| #define SIZEOF_SHORT 2
| #define SIZEOF_FLOAT 4
| #define SIZEOF_DOUBLE 8
| #define SIZEOF_FPOS_T 16
| #define SIZEOF_SIZE_T 8
| #define ALIGNOF_SIZE_T 8
| #define SIZEOF_PID_T 4
| #define SIZEOF_UINTPTR_T 8
| #define ALIGNOF_MAX_ALIGN_T 16
| #define HAVE_LONG_DOUBLE 1
| #define SIZEOF_LONG_DOUBLE 16
| #define SIZEOF__BOOL 1
| #define SIZEOF_OFF_T 8
| #define SIZEOF_TIME_T 8
| #define SIZEOF_PTHREAD_T 8
| #define SIZEOF_PTHREAD_KEY_T 4
| #define PTHREAD_KEY_T_IS_COMPATIBLE_WITH_INT 1
| #define PY_HAVE_PERF_TRAMPOLINE 1
| #define HAVE_LIBDL 1
| #define HAVE_EXECINFO_H 1
| #define HAVE_BACKTRACE 1
| #define HAVE_DLADDR1 1
| #define HAVE_LINK_H 1
| #define HAVE_BACKTRACE 1
| #define HAVE_DLADDR1 1
| #define HAVE_DLFCN_H 1
| #define HAVE_BACKTRACE 1
| #define HAVE_DLADDR1 1
| #define HAVE_UUID_H 1
| #define HAVE_UUID_GENERATE_TIME_SAFE 1
| #define HAVE_FFI_PREP_CIF_VAR 1
| #define HAVE_FFI_PREP_CLOSURE_LOC 1
| #define HAVE_FFI_CLOSURE_ALLOC 1
| #define WITH_DECIMAL_CONTEXTVAR 1
| #define HAVE_LIBSQLITE3 1
| #define HAVE_LIBSQLITE3 1
| #define HAVE_LIBSQLITE3 1
| #define HAVE_LIBSQLITE3 1
| #define HAVE_LIBSQLITE3 1
| #define HAVE_LIBSQLITE3 1
| #define HAVE_LIBSQLITE3 1
| #define HAVE_LIBSQLITE3 1
| #define HAVE_LIBSQLITE3 1
| #define PY_SQLITE_HAVE_SERIALIZE 1
| #define PTHREAD_SYSTEM_SCHED_SUPPORTED 1
| #define HAVE_PTHREAD_SIGMASK 1
| #define HAVE_PTHREAD_GETCPUCLOCKID 1
| #define ENABLE_IPV6 1
| #define HAVE_LINUX_CAN_RAW_FD_FRAMES 1
| #define HAVE_LINUX_CAN_RAW_JOIN_FILTERS 1
| #define WITH_DOC_STRINGS 1
| #define HAVE_STD_ATOMIC 1
| #define HAVE_BUILTIN_ATOMIC 1
| #define WITH_MIMALLOC 1
| #define WITH_PYMALLOC 1
| #define PY_COERCE_C_LOCALE 1
| #define HAVE_DLOPEN 1
| #define HAVE_DYNAMIC_LOADING 1
| #define HAVE_ACCEPT4 1
| #define HAVE_ALARM 1
| #define HAVE_BIND_TEXTDOMAIN_CODESET 1
| #define HAVE_CHMOD 1
| #define HAVE_CHOWN 1
| #define HAVE_CLOCK 1
| #define HAVE_CONFSTR 1
| #define HAVE_COPY_FILE_RANGE 1
| #define HAVE_CTERMID 1
| #define HAVE_DLADDR 1
| #define HAVE_DUP 1
| #define HAVE_DUP3 1
| #define HAVE_EXECV 1
| #define HAVE_EXPLICIT_BZERO 1
| #define HAVE_FACCESSAT 1
| #define HAVE_FCHMOD 1
| #define HAVE_FCHMODAT 1
| #define HAVE_FCHOWN 1
| #define HAVE_FCHOWNAT 1
| #define HAVE_FDOPENDIR 1
| #define HAVE_FEXECVE 1
| #define HAVE_FORK 1
| #define HAVE_FPATHCONF 1
| #define HAVE_FSTATAT 1
| #define HAVE_FTIME 1
| #define HAVE_FTRUNCATE 1
| #define HAVE_FUTIMENS 1
| #define HAVE_FUTIMES 1
| #define HAVE_FUTIMESAT 1
| #define HAVE_GAI_STRERROR 1
| #define HAVE_GETEGID 1
| #define HAVE_GETEUID 1
| #define HAVE_GETGID 1
| #define HAVE_GETGRENT 1
| #define HAVE_GETGRGID 1
| #define HAVE_GETGRGID_R 1
| #define HAVE_GETGRNAM_R 1
| #define HAVE_GETGROUPLIST 1
| #define HAVE_GETHOSTNAME 1
| #define HAVE_GETITIMER 1
| #define HAVE_GETLOADAVG 1
| #define HAVE_GETLOGIN 1
| #define HAVE_GETLOGIN_R 1
| #define HAVE_GETPEERNAME 1
| #define HAVE_GETPGID 1
| #define HAVE_GETPID 1
| #define HAVE_GETPPID 1
| #define HAVE_GETPRIORITY 1
| #define HAVE_GETPWENT 1
| #define HAVE_GETPWNAM_R 1
| #define HAVE_GETPWUID 1
| #define HAVE_GETPWUID_R 1
| #define HAVE_GETRESGID 1
| #define HAVE_GETRESUID 1
| #define HAVE_GETRUSAGE 1
| #define HAVE_GETSID 1
| #define HAVE_GETSPENT 1
| #define HAVE_GETSPNAM 1
| #define HAVE_GETUID 1
| #define HAVE_GETWD 1
| #define HAVE_GRANTPT 1
| #define HAVE_IF_NAMEINDEX 1
| #define HAVE_INITGROUPS 1
| #define HAVE_KILL 1
| #define HAVE_KILLPG 1
| #define HAVE_LCHOWN 1
| #define HAVE_LINKAT 1
| #define HAVE_LOCKF 1
| #define HAVE_LSTAT 1
| #define HAVE_LUTIMES 1
| #define HAVE_MADVISE 1
| #define HAVE_MBRTOWC 1
| #define HAVE_MEMRCHR 1
| #define HAVE_MKDIRAT 1
| #define HAVE_MKFIFO 1
| #define HAVE_MKFIFOAT 1
| #define HAVE_MKNOD 1
| #define HAVE_MKNODAT 1
| #define HAVE_MKTIME 1
| #define HAVE_MMAP 1
| #define HAVE_MREMAP 1
| #define HAVE_NICE 1
| #define HAVE_OPENAT 1
| #define HAVE_OPENDIR 1
| #define HAVE_PATHCONF 1
| #define HAVE_PAUSE 1
| #define HAVE_PIPE 1
| #define HAVE_PIPE2 1
| #define HAVE_POLL 1
| #define HAVE_POSIX_FADVISE 1
| #define HAVE_POSIX_FALLOCATE 1
| #define HAVE_POSIX_OPENPT 1
| #define HAVE_POSIX_SPAWN 1
| #define HAVE_POSIX_SPAWNP 1
| #define HAVE_PREAD 1
| #define HAVE_PREADV 1
| #define HAVE_PREADV2 1
| #define HAVE_PROCESS_VM_READV 1
| #define HAVE_PTHREAD_CONDATTR_SETCLOCK 1
| #define HAVE_PTHREAD_KILL 1
| #define HAVE_PTHREAD_GETNAME_NP 1
| #define HAVE_PTHREAD_SETNAME_NP 1
| #define HAVE_PTHREAD_GETATTR_NP 1
| #define HAVE_PTSNAME 1
| #define HAVE_PTSNAME_R 1
| #define HAVE_PWRITE 1
| #define HAVE_PWRITEV 1
| #define HAVE_PWRITEV2 1
| #define HAVE_READLINK 1
| #define HAVE_READLINKAT 1
| #define HAVE_READV 1
| #define HAVE_REALPATH 1
| #define HAVE_RENAMEAT 1
| #define HAVE_SCHED_GET_PRIORITY_MAX 1
| #define HAVE_SCHED_RR_GET_INTERVAL 1
| #define HAVE_SCHED_SETAFFINITY 1
| #define HAVE_SCHED_SETPARAM 1
| #define HAVE_SCHED_SETSCHEDULER 1
| #define HAVE_SEM_CLOCKWAIT 1
| #define HAVE_SEM_GETVALUE 1
| #define HAVE_SEM_OPEN 1
| #define HAVE_SEM_TIMEDWAIT 1
| #define HAVE_SEM_UNLINK 1
| #define HAVE_SENDFILE 1
| #define HAVE_SETEGID 1
| #define HAVE_SETEUID 1
| #define HAVE_SETGID 1
| #define HAVE_SETHOSTNAME 1
| #define HAVE_SETITIMER 1
| #define HAVE_SETLOCALE 1
| #define HAVE_SETPGID 1
| #define HAVE_SETPGRP 1
| #define HAVE_SETPRIORITY 1
| #define HAVE_SETREGID 1
| #define HAVE_SETRESGID 1
| #define HAVE_SETRESUID 1
| #define HAVE_SETREUID 1
| #define HAVE_SETSID 1
| #define HAVE_SETUID 1
| #define HAVE_SETVBUF 1
| #define HAVE_SHUTDOWN 1
| #define HAVE_SIGACTION 1
| #define HAVE_SIGALTSTACK 1
| #define HAVE_SIGFILLSET 1
| #define HAVE_SIGINTERRUPT 1
| #define HAVE_SIGPENDING 1
| #define HAVE_SIGRELSE 1
| #define HAVE_SIGTIMEDWAIT 1
| #define HAVE_SIGWAIT 1
| #define HAVE_SIGWAITINFO 1
| #define HAVE_SNPRINTF 1
| #define HAVE_SPLICE 1
| #define HAVE_STRFTIME 1
| #define HAVE_STRSIGNAL 1
| #define HAVE_SYMLINKAT 1
| #define HAVE_SYNC 1
| #define HAVE_SYSCONF 1
| #define HAVE_TCGETPGRP 1
| #define HAVE_TCSETPGRP 1
| #define HAVE_TEMPNAM 1
| #define HAVE_TIMEGM 1
| #define HAVE_TIMES 1
| #define HAVE_TMPFILE 1
| #define HAVE_TMPNAM 1
| #define HAVE_TMPNAM_R 1
| #define HAVE_TRUNCATE 1
| #define HAVE_TTYNAME_R 1
| #define HAVE_UMASK 1
| #define HAVE_UNAME 1
| #define HAVE_UNLINKAT 1
| #define HAVE_UNLOCKPT 1
| #define HAVE_UTIMENSAT 1
| #define HAVE_UTIMES 1
| #define HAVE_VFORK 1
| #define HAVE_WAIT 1
| #define HAVE_WAIT3 1
| #define HAVE_WAIT4 1
| #define HAVE_WAITID 1
| #define HAVE_WAITPID 1
| #define HAVE_WCSCOLL 1
| #define HAVE_WCSFTIME 1
| #define HAVE_WCSXFRM 1
| #define HAVE_WMEMCMP 1
| #define HAVE_WRITEV 1
| #define HAVE_GETENTROPY 1
| #define HAVE_GETGROUPS 1
| #define HAVE_SYSTEM 1
| #define HAVE_DIRFD 1
| #define HAVE_CHROOT 1
| #define HAVE_LINK 1
| #define HAVE_SYMLINK 1
| #define HAVE_FCHDIR 1
| #define HAVE_FSYNC 1
| #define HAVE_FDATASYNC 1
| #define HAVE_EPOLL 1
| #define HAVE_EPOLL_CREATE1 1
| #define HAVE_PRLIMIT 1
| #define HAVE_MEMFD_CREATE 1
| #define HAVE_EVENTFD 1
| #define HAVE_TIMERFD_CREATE 1
| #define HAVE_FLOCK 1
| #define HAVE_GETPAGESIZE 1
| #define HAVE_ZLIB_COPY 1
| #define HAVE_HSTRERROR 1
| #define HAVE_GETSERVBYNAME 1
| #define HAVE_GETSERVBYPORT 1
| #define HAVE_GETHOSTBYNAME 1
| #define HAVE_GETHOSTBYADDR 1
| #define HAVE_GETPROTOBYNAME 1
| #define HAVE_INET_ATON 1
| #define HAVE_INET_NTOA 1
| #define HAVE_INET_PTON 1
| #define HAVE_GETPEERNAME 1
| #define HAVE_GETSOCKNAME 1
| #define HAVE_ACCEPT 1
| #define HAVE_BIND 1
| #define HAVE_CONNECT 1
| #define HAVE_LISTEN 1
| #define HAVE_RECVFROM 1
| #define HAVE_SENDTO 1
| #define HAVE_SETSOCKOPT 1
| #define HAVE_SOCKET 1
| #define HAVE_SETGROUPS 1
| #define HAVE_DECL_UT_NAMESIZE 1
| #define HAVE_UT_NAMESIZE 1
| #define HAVE_OPENPTY 1
| #define HAVE_LOGIN_TTY 1
| #define HAVE_FORKPTY 1
| #define HAVE_FSEEKO 1
| #define HAVE_FSTATVFS 1
| #define HAVE_FTELLO 1
| #define HAVE_STATVFS 1
| #define HAVE_DUP2 1
| #define HAVE_GETPGRP 1
| #define HAVE_SETPGRP 1
| #define HAVE_SETNS 1
| #define HAVE_UNSHARE 1
| #define HAVE_CLOCK_GETTIME 1
| #define HAVE_CLOCK_GETRES 1
| #define HAVE_CLOCK_SETTIME 1
| #define HAVE_CLOCK_NANOSLEEP 1
| #define HAVE_NANOSLEEP 1
| #define HAVE_DEVICE_MACROS 1
| #define SYS_SELECT_WITH_SYS_TIME 1
| #define HAVE_GETADDRINFO 1
| #define HAVE_GETNAMEINFO 1
| #define HAVE_STRUCT_TM_TM_ZONE 1
| #define HAVE_TM_ZONE 1
| #define HAVE_STRUCT_STAT_ST_RDEV 1
| #define HAVE_STRUCT_STAT_ST_BLKSIZE 1
| #define HAVE_STRUCT_STAT_ST_BLOCKS 1
| #define HAVE_STRUCT_PASSWD_PW_GECOS 1
| #define HAVE_STRUCT_PASSWD_PW_PASSWD 1
| #define HAVE_SIGINFO_T_SI_BAND 1
| #define HAVE_ADDRINFO 1
| #define HAVE_SOCKADDR_STORAGE 1
| #define HAVE_SOCKADDR_ALG 1
| #define HAVE_PROTOTYPES 1
| #define HAVE_SOCKETPAIR 1
| #define HAVE_GETHOSTBYNAME_R 1
| #define HAVE_GETHOSTBYNAME_R 1
| #define HAVE_GETHOSTBYNAME_R_6_ARG 1
| #define HAVE_GCC_ASM_FOR_X64 1
| #define DOUBLE_IS_LITTLE_ENDIAN_IEEE754 1
| #define HAVE_GCC_ASM_FOR_X87 1
| #define HAVE_ACOSH 1
| #define HAVE_ASINH 1
| #define HAVE_ATANH 1
| #define HAVE_ERF 1
| #define HAVE_ERFC 1
| #define HAVE_EXPM1 1
| #define HAVE_LOG1P 1
| #define HAVE_LOG2 1
| #define HAVE_DECL_RTLD_LAZY 1
| #define HAVE_DECL_RTLD_NOW 1
| #define HAVE_DECL_RTLD_GLOBAL 1
| #define HAVE_DECL_RTLD_LOCAL 1
| #define HAVE_DECL_RTLD_NODELETE 1
| #define HAVE_DECL_RTLD_NOLOAD 1
| #define HAVE_DECL_RTLD_DEEPBIND 1
| #define HAVE_DECL_RTLD_MEMBER 0
| #define HAVE_WCHAR_H 1
| #define SIZEOF_WCHAR_T 4
| #define HAVE_GETC_UNLOCKED 1
| #define HAVE_WORKING_TZSET 1
| #define HAVE_STAT_TV_NSEC 1
| /* end confdefs.h.  */
| #include <sys/stat.h>
| int
| main (void)
| {
| 
| struct stat st;
| st.st_mtimespec.tv_nsec = 1;
| 
|   ;
|   return 0;
| }
configure:28180: result: no
configure:28199: checking for ncursesw
configure:28206: $PKG_CONFIG --exists --print-errors "ncursesw"
configure:28209: $? = 0
configure:28223: $PKG_CONFIG --exists --print-errors "ncursesw"
configure:28226: $? = 0
configure:28264: result: yes
configure:28272: checking for panelw
configure:28279: $PKG_CONFIG --exists --print-errors "panelw"
configure:28282: $? = 0
configure:28296: $PKG_CONFIG --exists --print-errors "panelw"
configure:28299: $? = 0
configure:28337: result: yes
configure:28511: checking for ncursesw/curses.h
configure:28511: gcc -pthread -c   -D_GNU_SOURCE -DNCURSES_WIDECHAR -I/home/villarias/miniconda3/include/ncursesw -I/home/villarias/miniconda3/include -D_GNU_SOURCE -DNCURSES_WIDECHAR -D_GNU_SOURCE -DNCURSES_WIDECHAR -I/home/villarias/miniconda3/include/ncursesw -I/home/villarias/miniconda3/include -I/home/villarias/miniconda3/include/ncursesw -I/home/villarias/miniconda3/include conftest.c >&5
configure:28511: $? = 0
configure:28511: result: yes
configure:28517: checking for ncursesw/ncurses.h
configure:28517: gcc -pthread -c   -D_GNU_SOURCE -DNCURSES_WIDECHAR -I/home/villarias/miniconda3/include/ncursesw -I/home/villarias/miniconda3/include -D_GNU_SOURCE -DNCURSES_WIDECHAR -D_GNU_SOURCE -DNCURSES_WIDECHAR -I/home/villarias/miniconda3/include/ncursesw -I/home/villarias/miniconda3/include -I/home/villarias/miniconda3/include/ncursesw -I/home/villarias/miniconda3/include conftest.c >&5
configure:28517: $? = 0
configure:28517: result: yes
configure:28523: checking for ncursesw/panel.h
configure:28523: gcc -pthread -c   -D_GNU_SOURCE -DNCURSES_WIDECHAR -I/home/villarias/miniconda3/include/ncursesw -I/home/villarias/miniconda3/include -D_GNU_SOURCE -DNCURSES_WIDECHAR -D_GNU_SOURCE -DNCURSES_WIDECHAR -I/home/villarias/miniconda3/include/ncursesw -I/home/villarias/miniconda3/include -I/home/villarias/miniconda3/include/ncursesw -I/home/villarias/miniconda3/include conftest.c >&5
configure:28523: $? = 0
configure:28523: result: yes
configure:28529: checking for ncurses/curses.h
configure:28529: gcc -pthread -c   -D_GNU_SOURCE -DNCURSES_WIDECHAR -I/home/villarias/miniconda3/include/ncursesw -I/home/villarias/miniconda3/include -D_GNU_SOURCE -DNCURSES_WIDECHAR -D_GNU_SOURCE -DNCURSES_WIDECHAR -I/home/villarias/miniconda3/include/ncursesw -I/home/villarias/miniconda3/include -I/home/villarias/miniconda3/include/ncursesw -I/home/villarias/miniconda3/include conftest.c >&5
configure:28529: $? = 0
configure:28529: result: yes
configure:28535: checking for ncurses/ncurses.h
configure:28535: gcc -pthread -c   -D_GNU_SOURCE -DNCURSES_WIDECHAR -I/home/villarias/miniconda3/include/ncursesw -I/home/villarias/miniconda3/include -D_GNU_SOURCE -DNCURSES_WIDECHAR -D_GNU_SOURCE -DNCURSES_WIDECHAR -I/home/villarias/miniconda3/include/ncursesw -I/home/villarias/miniconda3/include -I/home/villarias/miniconda3/include/ncursesw -I/home/villarias/miniconda3/include conftest.c >&5
configure:28535: $? = 0
configure:28535: result: yes
configure:28541: checking for ncurses/panel.h
configure:28541: gcc -pthread -c   -D_GNU_SOURCE -DNCURSES_WIDECHAR -I/home/villarias/miniconda3/include/ncursesw -I/home/villarias/miniconda3/include -D_GNU_SOURCE -DNCURSES_WIDECHAR -D_GNU_SOURCE -DNCURSES_WIDECHAR -I/home/villarias/miniconda3/include/ncursesw -I/home/villarias/miniconda3/include -I/home/villarias/miniconda3/include/ncursesw -I/home/villarias/miniconda3/include conftest.c >&5
configure:28541: $? = 0
configure:28541: result: yes
configure:28547: checking for curses.h
configure:28547: gcc -pthread -c   -D_GNU_SOURCE -DNCURSES_WIDECHAR -I/home/villarias/miniconda3/include/ncursesw -I/home/villarias/miniconda3/include -D_GNU_SOURCE -DNCURSES_WIDECHAR -D_GNU_SOURCE -DNCURSES_WIDECHAR -I/home/villarias/miniconda3/include/ncursesw -I/home/villarias/miniconda3/include -I/home/villarias/miniconda3/include/ncursesw -I/home/villarias/miniconda3/include conftest.c >&5
configure:28547: $? = 0
configure:28547: result: yes
configure:28553: checking for ncurses.h
configure:28553: gcc -pthread -c   -D_GNU_SOURCE -DNCURSES_WIDECHAR -I/home/villarias/miniconda3/include/ncursesw -I/home/villarias/miniconda3/include -D_GNU_SOURCE -DNCURSES_WIDECHAR -D_GNU_SOURCE -DNCURSES_WIDECHAR -I/home/villarias/miniconda3/include/ncursesw -I/home/villarias/miniconda3/include -I/home/villarias/miniconda3/include/ncursesw -I/home/villarias/miniconda3/include conftest.c >&5
configure:28553: $? = 0
configure:28553: result: yes
configure:28559: checking for panel.h
configure:28559: gcc -pthread -c   -D_GNU_SOURCE -DNCURSES_WIDECHAR -I/home/villarias/miniconda3/include/ncursesw -I/home/villarias/miniconda3/include -D_GNU_SOURCE -DNCURSES_WIDECHAR -D_GNU_SOURCE -DNCURSES_WIDECHAR -I/home/villarias/miniconda3/include/ncursesw -I/home/villarias/miniconda3/include -I/home/villarias/miniconda3/include/ncursesw -I/home/villarias/miniconda3/include conftest.c >&5
configure:28559: $? = 0
configure:28559: result: yes
configure:28570: checking for library containing initscr
configure:28606: gcc -pthread -o conftest   -D_GNU_SOURCE -DNCURSES_WIDECHAR -I/home/villarias/miniconda3/include/ncursesw -I/home/villarias/miniconda3/include -D_GNU_SOURCE -DNCURSES_WIDECHAR -D_GNU_SOURCE -DNCURSES_WIDECHAR -I/home/villarias/miniconda3/include/ncursesw -I/home/villarias/miniconda3/include -I/home/villarias/miniconda3/include/ncursesw -I/home/villarias/miniconda3/include  conftest.c -lpthread -ldl  -lutil -L/home/villarias/miniconda3/lib -Wl,-O2 -Wl,--sort-common -Wl,--disable-new-dtags -Wl,--gc-sections -Wl,-rpath,/home/villarias/miniconda3/lib -Wl,-rpath-link,/home/villarias/miniconda3/lib -lncursesw -ltinfow -L/home/villarias/miniconda3/lib -Wl,-O2 -Wl,--sort-common -Wl,--disable-new-dtags -Wl,--gc-sections -Wl,-rpath,/home/villarias/miniconda3/lib -Wl,-rpath-link,/home/villarias/miniconda3/lib -lpanelw >&5
configure:28606: $? = 0
configure:28628: result: none required
configure:28644: checking for library containing update_panels
configure:28680: gcc -pthread -o conftest   -D_GNU_SOURCE -DNCURSES_WIDECHAR -I/home/villarias/miniconda3/include/ncursesw -I/home/villarias/miniconda3/include -D_GNU_SOURCE -DNCURSES_WIDECHAR -D_GNU_SOURCE -DNCURSES_WIDECHAR -I/home/villarias/miniconda3/include/ncursesw -I/home/villarias/miniconda3/include -I/home/villarias/miniconda3/include/ncursesw -I/home/villarias/miniconda3/include  conftest.c -lpthread -ldl  -lutil -L/home/villarias/miniconda3/lib -Wl,-O2 -Wl,--sort-common -Wl,--disable-new-dtags -Wl,--gc-sections -Wl,-rpath,/home/villarias/miniconda3/lib -Wl,-rpath-link,/home/villarias/miniconda3/lib -lncursesw -ltinfow -L/home/villarias/miniconda3/lib -Wl,-O2 -Wl,--sort-common -Wl,--disable-new-dtags -Wl,--gc-sections -Wl,-rpath,/home/villarias/miniconda3/lib -Wl,-rpath-link,/home/villarias/miniconda3/lib -lpanelw >&5
configure:28680: $? = 0
configure:28702: result: none required
configure:28737: checking for term.h
configure:28737: gcc -pthread -c   -D_GNU_SOURCE -DNCURSES_WIDECHAR -I/home/villarias/miniconda3/include/ncursesw -I/home/villarias/miniconda3/include -D_GNU_SOURCE -DNCURSES_WIDECHAR -D_GNU_SOURCE -DNCURSES_WIDECHAR -I/home/villarias/miniconda3/include/ncursesw -I/home/villarias/miniconda3/include -I/home/villarias/miniconda3/include/ncursesw -I/home/villarias/miniconda3/include conftest.c >&5
In file included from conftest.c:489:
/home/villarias/miniconda3/include/ncursesw/ncurses.h:152: warning: "NCURSES_OPAQUE" redefined
  152 | #define NCURSES_OPAQUE       1
      | 
conftest.c:487: note: this is the location of the previous definition
  487 | #define NCURSES_OPAQUE 0
      | 
configure:28737: $? = 0
configure:28737: result: yes
configure:28762: checking whether mvwdelch is an expression
configure:28797: gcc -pthread -c   -D_GNU_SOURCE -DNCURSES_WIDECHAR -I/home/villarias/miniconda3/include/ncursesw -I/home/villarias/miniconda3/include -D_GNU_SOURCE -DNCURSES_WIDECHAR -D_GNU_SOURCE -DNCURSES_WIDECHAR -I/home/villarias/miniconda3/include/ncursesw -I/home/villarias/miniconda3/include -I/home/villarias/miniconda3/include/ncursesw -I/home/villarias/miniconda3/include conftest.c >&5
In file included from conftest.c:490:
/home/villarias/miniconda3/include/ncursesw/ncurses.h:152: warning: "NCURSES_OPAQUE" redefined
  152 | #define NCURSES_OPAQUE       1
      | 
conftest.c:488: note: this is the location of the previous definition
  488 | #define NCURSES_OPAQUE 0
      | 
configure:28797: $? = 0
configure:28807: result: yes
configure:28817: checking whether WINDOW has _flags
configure:28852: gcc -pthread -c   -D_GNU_SOURCE -DNCURSES_WIDECHAR -I/home/villarias/miniconda3/include/ncursesw -I/home/villarias/miniconda3/include -D_GNU_SOURCE -DNCURSES_WIDECHAR -D_GNU_SOURCE -DNCURSES_WIDECHAR -I/home/villarias/miniconda3/include/ncursesw -I/home/villarias/miniconda3/include -I/home/villarias/miniconda3/include/ncursesw -I/home/villarias/miniconda3/include conftest.c >&5
In file included from conftest.c:491:
/home/villarias/miniconda3/include/ncursesw/ncurses.h:152: warning: "NCURSES_OPAQUE" redefined
  152 | #define NCURSES_OPAQUE       1
      | 
conftest.c:489: note: this is the location of the previous definition
  489 | #define NCURSES_OPAQUE 0
      | 
conftest.c: In function 'main':
conftest.c:509:4: error: dereferencing pointer to incomplete type 'WINDOW' {aka 'struct _win_st'}
  509 |   w->_flags = 0;
      |    ^~
configure:28852: $? = 1
configure: failed program was:
| /* confdefs.h */
| #define _NETBSD_SOURCE 1
| #define __BSD_VISIBLE 1
| #define _DARWIN_C_SOURCE 1
| #define _PYTHONFRAMEWORK ""
| #define _XOPEN_SOURCE 700
| #define _XOPEN_SOURCE_EXTENDED 1
| #define _POSIX_C_SOURCE 200809L
| #define HAVE_STDIO_H 1
| #define HAVE_STDLIB_H 1
| #define HAVE_STRING_H 1
| #define HAVE_INTTYPES_H 1
| #define HAVE_STDINT_H 1
| #define HAVE_STRINGS_H 1
| #define HAVE_SYS_STAT_H 1
| #define HAVE_SYS_TYPES_H 1
| #define HAVE_UNISTD_H 1
| #define HAVE_WCHAR_H 1
| #define STDC_HEADERS 1
| #define _ALL_SOURCE 1
| #define _DARWIN_C_SOURCE 1
| #define _GNU_SOURCE 1
| #define _HPUX_ALT_XOPEN_SOCKET_API 1
| #define _NETBSD_SOURCE 1
| #define _OPENBSD_SOURCE 1
| #define _POSIX_PTHREAD_SEMANTICS 1
| #define __STDC_WANT_IEC_60559_ATTRIBS_EXT__ 1
| #define __STDC_WANT_IEC_60559_BFP_EXT__ 1
| #define __STDC_WANT_IEC_60559_DFP_EXT__ 1
| #define __STDC_WANT_IEC_60559_EXT__ 1
| #define __STDC_WANT_IEC_60559_FUNCS_EXT__ 1
| #define __STDC_WANT_IEC_60559_TYPES_EXT__ 1
| #define __STDC_WANT_LIB_EXT2__ 1
| #define __STDC_WANT_MATH_SPEC_FUNCS__ 1
| #define _TANDEM_SOURCE 1
| #define __EXTENSIONS__ 1
| #define _Py_STACK_GROWS_DOWN 1
| #define PY_SUPPORT_TIER 1
| #define STDC_HEADERS 1
| #define HAVE_ALLOCA_H 1
| #define HAVE_ASM_TYPES_H 1
| #define HAVE_DLFCN_H 1
| #define HAVE_ENDIAN_H 1
| #define HAVE_ERRNO_H 1
| #define HAVE_FCNTL_H 1
| #define HAVE_GRP_H 1
| #define HAVE_LANGINFO_H 1
| #define HAVE_LIBINTL_H 1
| #define HAVE_LINUX_AUXVEC_H 1
| #define HAVE_SYS_AUXV_H 1
| #define HAVE_LINUX_FS_H 1
| #define HAVE_LINUX_LIMITS_H 1
| #define HAVE_LINUX_MEMFD_H 1
| #define HAVE_LINUX_NETFILTER_IPV4_H 1
| #define HAVE_LINUX_RANDOM_H 1
| #define HAVE_LINUX_SOUNDCARD_H 1
| #define HAVE_LINUX_SCHED_H 1
| #define HAVE_LINUX_TIPC_H 1
| #define HAVE_LINUX_WAIT_H 1
| #define HAVE_NETDB_H 1
| #define HAVE_NET_ETHERNET_H 1
| #define HAVE_NETINET_IN_H 1
| #define HAVE_NETPACKET_PACKET_H 1
| #define HAVE_POLL_H 1
| #define HAVE_PTHREAD_H 1
| #define HAVE_PTY_H 1
| #define HAVE_SCHED_H 1
| #define HAVE_SETJMP_H 1
| #define HAVE_SHADOW_H 1
| #define HAVE_SIGNAL_H 1
| #define HAVE_SPAWN_H 1
| #define HAVE_SYS_EPOLL_H 1
| #define HAVE_SYS_EVENTFD_H 1
| #define HAVE_SYS_FILE_H 1
| #define HAVE_SYS_IOCTL_H 1
| #define HAVE_SYS_MMAN_H 1
| #define HAVE_SYS_PARAM_H 1
| #define HAVE_SYS_POLL_H 1
| #define HAVE_SYS_RANDOM_H 1
| #define HAVE_SYS_RESOURCE_H 1
| #define HAVE_SYS_SELECT_H 1
| #define HAVE_SYS_SENDFILE_H 1
| #define HAVE_SYS_SOCKET_H 1
| #define HAVE_SYS_SOUNDCARD_H 1
| #define HAVE_SYS_STAT_H 1
| #define HAVE_SYS_STATVFS_H 1
| #define HAVE_SYS_SYSCALL_H 1
| #define HAVE_SYS_SYSMACROS_H 1
| #define HAVE_SYS_TIME_H 1
| #define HAVE_SYS_TIMES_H 1
| #define HAVE_SYS_TIMERFD_H 1
| #define HAVE_SYS_TYPES_H 1
| #define HAVE_SYS_UIO_H 1
| #define HAVE_SYS_UN_H 1
| #define HAVE_SYS_UTSNAME_H 1
| #define HAVE_SYS_WAIT_H 1
| #define HAVE_SYS_XATTR_H 1
| #define HAVE_SYSEXITS_H 1
| #define HAVE_SYSLOG_H 1
| #define HAVE_TERMIOS_H 1
| #define HAVE_UTIME_H 1
| #define HAVE_UTMP_H 1
| #define HAVE_DIRENT_H 1
| #define MAJOR_IN_SYSMACROS 1
| #define HAVE_NET_IF_H 1
| #define HAVE_LINUX_NETLINK_H 1
| #define HAVE_LINUX_QRTR_H 1
| #define HAVE_LINUX_VM_SOCKETS_H 1
| #define HAVE_LINUX_CAN_H 1
| #define HAVE_LINUX_CAN_BCM_H 1
| #define HAVE_LINUX_CAN_J1939_H 1
| #define HAVE_LINUX_CAN_RAW_H 1
| #define HAVE_CLOCK_T 1
| #define HAVE_MAKEDEV 1
| #define HAVE_HTOLE64 1
| #define _LARGEFILE_SOURCE 1
| #define _FILE_OFFSET_BITS 64
| #if defined(SCO_DS)
| #undef _OFF_T
| #endif
| #define RETSIGTYPE void
| #define HAVE_SSIZE_T 1
| #define HAVE___UINT128_T 1
| #define HAVE_GCC_UINT128_T 1
| #define SIZEOF_INT 4
| #define SIZEOF_LONG 8
| #define ALIGNOF_LONG 8
| #define SIZEOF_LONG_LONG 8
| #define SIZEOF_VOID_P 8
| #define SIZEOF_SHORT 2
| #define SIZEOF_FLOAT 4
| #define SIZEOF_DOUBLE 8
| #define SIZEOF_FPOS_T 16
| #define SIZEOF_SIZE_T 8
| #define ALIGNOF_SIZE_T 8
| #define SIZEOF_PID_T 4
| #define SIZEOF_UINTPTR_T 8
| #define ALIGNOF_MAX_ALIGN_T 16
| #define HAVE_LONG_DOUBLE 1
| #define SIZEOF_LONG_DOUBLE 16
| #define SIZEOF__BOOL 1
| #define SIZEOF_OFF_T 8
| #define SIZEOF_TIME_T 8
| #define SIZEOF_PTHREAD_T 8
| #define SIZEOF_PTHREAD_KEY_T 4
| #define PTHREAD_KEY_T_IS_COMPATIBLE_WITH_INT 1
| #define PY_HAVE_PERF_TRAMPOLINE 1
| #define HAVE_LIBDL 1
| #define HAVE_EXECINFO_H 1
| #define HAVE_BACKTRACE 1
| #define HAVE_DLADDR1 1
| #define HAVE_LINK_H 1
| #define HAVE_BACKTRACE 1
| #define HAVE_DLADDR1 1
| #define HAVE_DLFCN_H 1
| #define HAVE_BACKTRACE 1
| #define HAVE_DLADDR1 1
| #define HAVE_UUID_H 1
| #define HAVE_UUID_GENERATE_TIME_SAFE 1
| #define HAVE_FFI_PREP_CIF_VAR 1
| #define HAVE_FFI_PREP_CLOSURE_LOC 1
| #define HAVE_FFI_CLOSURE_ALLOC 1
| #define WITH_DECIMAL_CONTEXTVAR 1
| #define HAVE_LIBSQLITE3 1
| #define HAVE_LIBSQLITE3 1
| #define HAVE_LIBSQLITE3 1
| #define HAVE_LIBSQLITE3 1
| #define HAVE_LIBSQLITE3 1
| #define HAVE_LIBSQLITE3 1
| #define HAVE_LIBSQLITE3 1
| #define HAVE_LIBSQLITE3 1
| #define HAVE_LIBSQLITE3 1
| #define PY_SQLITE_HAVE_SERIALIZE 1
| #define PTHREAD_SYSTEM_SCHED_SUPPORTED 1
| #define HAVE_PTHREAD_SIGMASK 1
| #define HAVE_PTHREAD_GETCPUCLOCKID 1
| #define ENABLE_IPV6 1
| #define HAVE_LINUX_CAN_RAW_FD_FRAMES 1
| #define HAVE_LINUX_CAN_RAW_JOIN_FILTERS 1
| #define WITH_DOC_STRINGS 1
| #define HAVE_STD_ATOMIC 1
| #define HAVE_BUILTIN_ATOMIC 1
| #define WITH_MIMALLOC 1
| #define WITH_PYMALLOC 1
| #define PY_COERCE_C_LOCALE 1
| #define HAVE_DLOPEN 1
| #define HAVE_DYNAMIC_LOADING 1
| #define HAVE_ACCEPT4 1
| #define HAVE_ALARM 1
| #define HAVE_BIND_TEXTDOMAIN_CODESET 1
| #define HAVE_CHMOD 1
| #define HAVE_CHOWN 1
| #define HAVE_CLOCK 1
| #define HAVE_CONFSTR 1
| #define HAVE_COPY_FILE_RANGE 1
| #define HAVE_CTERMID 1
| #define HAVE_DLADDR 1
| #define HAVE_DUP 1
| #define HAVE_DUP3 1
| #define HAVE_EXECV 1
| #define HAVE_EXPLICIT_BZERO 1
| #define HAVE_FACCESSAT 1
| #define HAVE_FCHMOD 1
| #define HAVE_FCHMODAT 1
| #define HAVE_FCHOWN 1
| #define HAVE_FCHOWNAT 1
| #define HAVE_FDOPENDIR 1
| #define HAVE_FEXECVE 1
| #define HAVE_FORK 1
| #define HAVE_FPATHCONF 1
| #define HAVE_FSTATAT 1
| #define HAVE_FTIME 1
| #define HAVE_FTRUNCATE 1
| #define HAVE_FUTIMENS 1
| #define HAVE_FUTIMES 1
| #define HAVE_FUTIMESAT 1
| #define HAVE_GAI_STRERROR 1
| #define HAVE_GETEGID 1
| #define HAVE_GETEUID 1
| #define HAVE_GETGID 1
| #define HAVE_GETGRENT 1
| #define HAVE_GETGRGID 1
| #define HAVE_GETGRGID_R 1
| #define HAVE_GETGRNAM_R 1
| #define HAVE_GETGROUPLIST 1
| #define HAVE_GETHOSTNAME 1
| #define HAVE_GETITIMER 1
| #define HAVE_GETLOADAVG 1
| #define HAVE_GETLOGIN 1
| #define HAVE_GETLOGIN_R 1
| #define HAVE_GETPEERNAME 1
| #define HAVE_GETPGID 1
| #define HAVE_GETPID 1
| #define HAVE_GETPPID 1
| #define HAVE_GETPRIORITY 1
| #define HAVE_GETPWENT 1
| #define HAVE_GETPWNAM_R 1
| #define HAVE_GETPWUID 1
| #define HAVE_GETPWUID_R 1
| #define HAVE_GETRESGID 1
| #define HAVE_GETRESUID 1
| #define HAVE_GETRUSAGE 1
| #define HAVE_GETSID 1
| #define HAVE_GETSPENT 1
| #define HAVE_GETSPNAM 1
| #define HAVE_GETUID 1
| #define HAVE_GETWD 1
| #define HAVE_GRANTPT 1
| #define HAVE_IF_NAMEINDEX 1
| #define HAVE_INITGROUPS 1
| #define HAVE_KILL 1
| #define HAVE_KILLPG 1
| #define HAVE_LCHOWN 1
| #define HAVE_LINKAT 1
| #define HAVE_LOCKF 1
| #define HAVE_LSTAT 1
| #define HAVE_LUTIMES 1
| #define HAVE_MADVISE 1
| #define HAVE_MBRTOWC 1
| #define HAVE_MEMRCHR 1
| #define HAVE_MKDIRAT 1
| #define HAVE_MKFIFO 1
| #define HAVE_MKFIFOAT 1
| #define HAVE_MKNOD 1
| #define HAVE_MKNODAT 1
| #define HAVE_MKTIME 1
| #define HAVE_MMAP 1
| #define HAVE_MREMAP 1
| #define HAVE_NICE 1
| #define HAVE_OPENAT 1
| #define HAVE_OPENDIR 1
| #define HAVE_PATHCONF 1
| #define HAVE_PAUSE 1
| #define HAVE_PIPE 1
| #define HAVE_PIPE2 1
| #define HAVE_POLL 1
| #define HAVE_POSIX_FADVISE 1
| #define HAVE_POSIX_FALLOCATE 1
| #define HAVE_POSIX_OPENPT 1
| #define HAVE_POSIX_SPAWN 1
| #define HAVE_POSIX_SPAWNP 1
| #define HAVE_PREAD 1
| #define HAVE_PREADV 1
| #define HAVE_PREADV2 1
| #define HAVE_PROCESS_VM_READV 1
| #define HAVE_PTHREAD_CONDATTR_SETCLOCK 1
| #define HAVE_PTHREAD_KILL 1
| #define HAVE_PTHREAD_GETNAME_NP 1
| #define HAVE_PTHREAD_SETNAME_NP 1
| #define HAVE_PTHREAD_GETATTR_NP 1
| #define HAVE_PTSNAME 1
| #define HAVE_PTSNAME_R 1
| #define HAVE_PWRITE 1
| #define HAVE_PWRITEV 1
| #define HAVE_PWRITEV2 1
| #define HAVE_READLINK 1
| #define HAVE_READLINKAT 1
| #define HAVE_READV 1
| #define HAVE_REALPATH 1
| #define HAVE_RENAMEAT 1
| #define HAVE_SCHED_GET_PRIORITY_MAX 1
| #define HAVE_SCHED_RR_GET_INTERVAL 1
| #define HAVE_SCHED_SETAFFINITY 1
| #define HAVE_SCHED_SETPARAM 1
| #define HAVE_SCHED_SETSCHEDULER 1
| #define HAVE_SEM_CLOCKWAIT 1
| #define HAVE_SEM_GETVALUE 1
| #define HAVE_SEM_OPEN 1
| #define HAVE_SEM_TIMEDWAIT 1
| #define HAVE_SEM_UNLINK 1
| #define HAVE_SENDFILE 1
| #define HAVE_SETEGID 1
| #define HAVE_SETEUID 1
| #define HAVE_SETGID 1
| #define HAVE_SETHOSTNAME 1
| #define HAVE_SETITIMER 1
| #define HAVE_SETLOCALE 1
| #define HAVE_SETPGID 1
| #define HAVE_SETPGRP 1
| #define HAVE_SETPRIORITY 1
| #define HAVE_SETREGID 1
| #define HAVE_SETRESGID 1
| #define HAVE_SETRESUID 1
| #define HAVE_SETREUID 1
| #define HAVE_SETSID 1
| #define HAVE_SETUID 1
| #define HAVE_SETVBUF 1
| #define HAVE_SHUTDOWN 1
| #define HAVE_SIGACTION 1
| #define HAVE_SIGALTSTACK 1
| #define HAVE_SIGFILLSET 1
| #define HAVE_SIGINTERRUPT 1
| #define HAVE_SIGPENDING 1
| #define HAVE_SIGRELSE 1
| #define HAVE_SIGTIMEDWAIT 1
| #define HAVE_SIGWAIT 1
| #define HAVE_SIGWAITINFO 1
| #define HAVE_SNPRINTF 1
| #define HAVE_SPLICE 1
| #define HAVE_STRFTIME 1
| #define HAVE_STRSIGNAL 1
| #define HAVE_SYMLINKAT 1
| #define HAVE_SYNC 1
| #define HAVE_SYSCONF 1
| #define HAVE_TCGETPGRP 1
| #define HAVE_TCSETPGRP 1
| #define HAVE_TEMPNAM 1
| #define HAVE_TIMEGM 1
| #define HAVE_TIMES 1
| #define HAVE_TMPFILE 1
| #define HAVE_TMPNAM 1
| #define HAVE_TMPNAM_R 1
| #define HAVE_TRUNCATE 1
| #define HAVE_TTYNAME_R 1
| #define HAVE_UMASK 1
| #define HAVE_UNAME 1
| #define HAVE_UNLINKAT 1
| #define HAVE_UNLOCKPT 1
| #define HAVE_UTIMENSAT 1
| #define HAVE_UTIMES 1
| #define HAVE_VFORK 1
| #define HAVE_WAIT 1
| #define HAVE_WAIT3 1
| #define HAVE_WAIT4 1
| #define HAVE_WAITID 1
| #define HAVE_WAITPID 1
| #define HAVE_WCSCOLL 1
| #define HAVE_WCSFTIME 1
| #define HAVE_WCSXFRM 1
| #define HAVE_WMEMCMP 1
| #define HAVE_WRITEV 1
| #define HAVE_GETENTROPY 1
| #define HAVE_GETGROUPS 1
| #define HAVE_SYSTEM 1
| #define HAVE_DIRFD 1
| #define HAVE_CHROOT 1
| #define HAVE_LINK 1
| #define HAVE_SYMLINK 1
| #define HAVE_FCHDIR 1
| #define HAVE_FSYNC 1
| #define HAVE_FDATASYNC 1
| #define HAVE_EPOLL 1
| #define HAVE_EPOLL_CREATE1 1
| #define HAVE_PRLIMIT 1
| #define HAVE_MEMFD_CREATE 1
| #define HAVE_EVENTFD 1
| #define HAVE_TIMERFD_CREATE 1
| #define HAVE_FLOCK 1
| #define HAVE_GETPAGESIZE 1
| #define HAVE_ZLIB_COPY 1
| #define HAVE_HSTRERROR 1
| #define HAVE_GETSERVBYNAME 1
| #define HAVE_GETSERVBYPORT 1
| #define HAVE_GETHOSTBYNAME 1
| #define HAVE_GETHOSTBYADDR 1
| #define HAVE_GETPROTOBYNAME 1
| #define HAVE_INET_ATON 1
| #define HAVE_INET_NTOA 1
| #define HAVE_INET_PTON 1
| #define HAVE_GETPEERNAME 1
| #define HAVE_GETSOCKNAME 1
| #define HAVE_ACCEPT 1
| #define HAVE_BIND 1
| #define HAVE_CONNECT 1
| #define HAVE_LISTEN 1
| #define HAVE_RECVFROM 1
| #define HAVE_SENDTO 1
| #define HAVE_SETSOCKOPT 1
| #define HAVE_SOCKET 1
| #define HAVE_SETGROUPS 1
| #define HAVE_DECL_UT_NAMESIZE 1
| #define HAVE_UT_NAMESIZE 1
| #define HAVE_OPENPTY 1
| #define HAVE_LOGIN_TTY 1
| #define HAVE_FORKPTY 1
| #define HAVE_FSEEKO 1
| #define HAVE_FSTATVFS 1
| #define HAVE_FTELLO 1
| #define HAVE_STATVFS 1
| #define HAVE_DUP2 1
| #define HAVE_GETPGRP 1
| #define HAVE_SETPGRP 1
| #define HAVE_SETNS 1
| #define HAVE_UNSHARE 1
| #define HAVE_CLOCK_GETTIME 1
| #define HAVE_CLOCK_GETRES 1
| #define HAVE_CLOCK_SETTIME 1
| #define HAVE_CLOCK_NANOSLEEP 1
| #define HAVE_NANOSLEEP 1
| #define HAVE_DEVICE_MACROS 1
| #define SYS_SELECT_WITH_SYS_TIME 1
| #define HAVE_GETADDRINFO 1
| #define HAVE_GETNAMEINFO 1
| #define HAVE_STRUCT_TM_TM_ZONE 1
| #define HAVE_TM_ZONE 1
| #define HAVE_STRUCT_STAT_ST_RDEV 1
| #define HAVE_STRUCT_STAT_ST_BLKSIZE 1
| #define HAVE_STRUCT_STAT_ST_BLOCKS 1
| #define HAVE_STRUCT_PASSWD_PW_GECOS 1
| #define HAVE_STRUCT_PASSWD_PW_PASSWD 1
| #define HAVE_SIGINFO_T_SI_BAND 1
| #define HAVE_ADDRINFO 1
| #define HAVE_SOCKADDR_STORAGE 1
| #define HAVE_SOCKADDR_ALG 1
| #define HAVE_PROTOTYPES 1
| #define HAVE_SOCKETPAIR 1
| #define HAVE_GETHOSTBYNAME_R 1
| #define HAVE_GETHOSTBYNAME_R 1
| #define HAVE_GETHOSTBYNAME_R_6_ARG 1
| #define HAVE_GCC_ASM_FOR_X64 1
| #define DOUBLE_IS_LITTLE_ENDIAN_IEEE754 1
| #define HAVE_GCC_ASM_FOR_X87 1
| #define HAVE_ACOSH 1
| #define HAVE_ASINH 1
| #define HAVE_ATANH 1
| #define HAVE_ERF 1
| #define HAVE_ERFC 1
| #define HAVE_EXPM1 1
| #define HAVE_LOG1P 1
| #define HAVE_LOG2 1
| #define HAVE_DECL_RTLD_LAZY 1
| #define HAVE_DECL_RTLD_NOW 1
| #define HAVE_DECL_RTLD_GLOBAL 1
| #define HAVE_DECL_RTLD_LOCAL 1
| #define HAVE_DECL_RTLD_NODELETE 1
| #define HAVE_DECL_RTLD_NOLOAD 1
| #define HAVE_DECL_RTLD_DEEPBIND 1
| #define HAVE_DECL_RTLD_MEMBER 0
| #define HAVE_WCHAR_H 1
| #define SIZEOF_WCHAR_T 4
| #define HAVE_GETC_UNLOCKED 1
| #define HAVE_WORKING_TZSET 1
| #define HAVE_STAT_TV_NSEC 1
| #define HAVE_NCURSESW 1
| #define HAVE_PANELW 1
| #define HAVE_NCURSESW_CURSES_H 1
| #define HAVE_NCURSESW_NCURSES_H 1
| #define HAVE_NCURSESW_PANEL_H 1
| #define HAVE_NCURSES_CURSES_H 1
| #define HAVE_NCURSES_NCURSES_H 1
| #define HAVE_NCURSES_PANEL_H 1
| #define HAVE_CURSES_H 1
| #define HAVE_NCURSES_H 1
| #define HAVE_PANEL_H 1
| #define HAVE_TERM_H 1
| #define MVWDELCH_IS_EXPRESSION 1
| /* end confdefs.h.  */
| 
| #define NCURSES_OPAQUE 0
| #if defined(HAVE_NCURSESW_NCURSES_H)
| #  include <ncursesw/ncurses.h>
| #elif defined(HAVE_NCURSESW_CURSES_H)
| #  include <ncursesw/curses.h>
| #elif defined(HAVE_NCURSES_NCURSES_H)
| #  include <ncurses/ncurses.h>
| #elif defined(HAVE_NCURSES_CURSES_H)
| #  include <ncurses/curses.h>
| #elif defined(HAVE_NCURSES_H)
| #  include <ncurses.h>
| #elif defined(HAVE_CURSES_H)
| #  include <curses.h>
| #endif
| 
| int
| main (void)
| {
| 
|   WINDOW *w;
|   w->_flags = 0;
| 
|   ;
|   return 0;
| }
configure:28862: result: no
configure:28877: checking for curses function is_pad
configure:28913: gcc -pthread -c   -D_GNU_SOURCE -DNCURSES_WIDECHAR -I/home/villarias/miniconda3/include/ncursesw -I/home/villarias/miniconda3/include -D_GNU_SOURCE -DNCURSES_WIDECHAR -D_GNU_SOURCE -DNCURSES_WIDECHAR -I/home/villarias/miniconda3/include/ncursesw -I/home/villarias/miniconda3/include -I/home/villarias/miniconda3/include/ncursesw -I/home/villarias/miniconda3/include conftest.c >&5
In file included from conftest.c:491:
/home/villarias/miniconda3/include/ncursesw/ncurses.h:152: warning: "NCURSES_OPAQUE" redefined
  152 | #define NCURSES_OPAQUE       1
      | 
conftest.c:489: note: this is the location of the previous definition
  489 | #define NCURSES_OPAQUE 0
      | 
configure:28913: $? = 0
configure:28924: result: yes
configure:28937: checking for curses function is_term_resized
configure:28973: gcc -pthread -c   -D_GNU_SOURCE -DNCURSES_WIDECHAR -I/home/villarias/miniconda3/include/ncursesw -I/home/villarias/miniconda3/include -D_GNU_SOURCE -DNCURSES_WIDECHAR -D_GNU_SOURCE -DNCURSES_WIDECHAR -I/home/villarias/miniconda3/include/ncursesw -I/home/villarias/miniconda3/include -I/home/villarias/miniconda3/include/ncursesw -I/home/villarias/miniconda3/include conftest.c >&5
In file included from conftest.c:492:
/home/villarias/miniconda3/include/ncursesw/ncurses.h:152: warning: "NCURSES_OPAQUE" redefined
  152 | #define NCURSES_OPAQUE       1
      | 
conftest.c:490: note: this is the location of the previous definition
  490 | #define NCURSES_OPAQUE 0
      | 
configure:28973: $? = 0
configure:28984: result: yes
configure:28997: checking for curses function resize_term
configure:29033: gcc -pthread -c   -D_GNU_SOURCE -DNCURSES_WIDECHAR -I/home/villarias/miniconda3/include/ncursesw -I/home/villarias/miniconda3/include -D_GNU_SOURCE -DNCURSES_WIDECHAR -D_GNU_SOURCE -DNCURSES_WIDECHAR -I/home/villarias/miniconda3/include/ncursesw -I/home/villarias/miniconda3/include -I/home/villarias/miniconda3/include/ncursesw -I/home/villarias/miniconda3/include conftest.c >&5
In file included from conftest.c:493:
/home/villarias/miniconda3/include/ncursesw/ncurses.h:152: warning: "NCURSES_OPAQUE" redefined
  152 | #define NCURSES_OPAQUE       1
      | 
conftest.c:491: note: this is the location of the previous definition
  491 | #define NCURSES_OPAQUE 0
      | 
configure:29033: $? = 0
configure:29044: result: yes
configure:29057: checking for curses function resizeterm
configure:29093: gcc -pthread -c   -D_GNU_SOURCE -DNCURSES_WIDECHAR -I/home/villarias/miniconda3/include/ncursesw -I/home/villarias/miniconda3/include -D_GNU_SOURCE -DNCURSES_WIDECHAR -D_GNU_SOURCE -DNCURSES_WIDECHAR -I/home/villarias/miniconda3/include/ncursesw -I/home/villarias/miniconda3/include -I/home/villarias/miniconda3/include/ncursesw -I/home/villarias/miniconda3/include conftest.c >&5
In file included from conftest.c:494:
/home/villarias/miniconda3/include/ncursesw/ncurses.h:152: warning: "NCURSES_OPAQUE" redefined
  152 | #define NCURSES_OPAQUE       1
      | 
conftest.c:492: note: this is the location of the previous definition
  492 | #define NCURSES_OPAQUE 0
      | 
configure:29093: $? = 0
configure:29104: result: yes
configure:29117: checking for curses function immedok
configure:29153: gcc -pthread -c   -D_GNU_SOURCE -DNCURSES_WIDECHAR -I/home/villarias/miniconda3/include/ncursesw -I/home/villarias/miniconda3/include -D_GNU_SOURCE -DNCURSES_WIDECHAR -D_GNU_SOURCE -DNCURSES_WIDECHAR -I/home/villarias/miniconda3/include/ncursesw -I/home/villarias/miniconda3/include -I/home/villarias/miniconda3/include/ncursesw -I/home/villarias/miniconda3/include conftest.c >&5
In file included from conftest.c:495:
/home/villarias/miniconda3/include/ncursesw/ncurses.h:152: warning: "NCURSES_OPAQUE" redefined
  152 | #define NCURSES_OPAQUE       1
      | 
conftest.c:493: note: this is the location of the previous definition
  493 | #define NCURSES_OPAQUE 0
      | 
configure:29153: $? = 0
configure:29164: result: yes
configure:29177: checking for curses function syncok
configure:29213: gcc -pthread -c   -D_GNU_SOURCE -DNCURSES_WIDECHAR -I/home/villarias/miniconda3/include/ncursesw -I/home/villarias/miniconda3/include -D_GNU_SOURCE -DNCURSES_WIDECHAR -D_GNU_SOURCE -DNCURSES_WIDECHAR -I/home/villarias/miniconda3/include/ncursesw -I/home/villarias/miniconda3/include -I/home/villarias/miniconda3/include/ncursesw -I/home/villarias/miniconda3/include conftest.c >&5
In file included from conftest.c:496:
/home/villarias/miniconda3/include/ncursesw/ncurses.h:152: warning: "NCURSES_OPAQUE" redefined
  152 | #define NCURSES_OPAQUE       1
      | 
conftest.c:494: note: this is the location of the previous definition
  494 | #define NCURSES_OPAQUE 0
      | 
configure:29213: $? = 0
configure:29224: result: yes
configure:29237: checking for curses function wchgat
configure:29273: gcc -pthread -c   -D_GNU_SOURCE -DNCURSES_WIDECHAR -I/home/villarias/miniconda3/include/ncursesw -I/home/villarias/miniconda3/include -D_GNU_SOURCE -DNCURSES_WIDECHAR -D_GNU_SOURCE -DNCURSES_WIDECHAR -I/home/villarias/miniconda3/include/ncursesw -I/home/villarias/miniconda3/include -I/home/villarias/miniconda3/include/ncursesw -I/home/villarias/miniconda3/include conftest.c >&5
In file included from conftest.c:497:
/home/villarias/miniconda3/include/ncursesw/ncurses.h:152: warning: "NCURSES_OPAQUE" redefined
  152 | #define NCURSES_OPAQUE       1
      | 
conftest.c:495: note: this is the location of the previous definition
  495 | #define NCURSES_OPAQUE 0
      | 
configure:29273: $? = 0
configure:29284: result: yes
configure:29297: checking for curses function filter
configure:29333: gcc -pthread -c   -D_GNU_SOURCE -DNCURSES_WIDECHAR -I/home/villarias/miniconda3/include/ncursesw -I/home/villarias/miniconda3/include -D_GNU_SOURCE -DNCURSES_WIDECHAR -D_GNU_SOURCE -DNCURSES_WIDECHAR -I/home/villarias/miniconda3/include/ncursesw -I/home/villarias/miniconda3/include -I/home/villarias/miniconda3/include/ncursesw -I/home/villarias/miniconda3/include conftest.c >&5
In file included from conftest.c:498:
/home/villarias/miniconda3/include/ncursesw/ncurses.h:152: warning: "NCURSES_OPAQUE" redefined
  152 | #define NCURSES_OPAQUE       1
      | 
conftest.c:496: note: this is the location of the previous definition
  496 | #define NCURSES_OPAQUE 0
      | 
configure:29333: $? = 0
configure:29344: result: yes
configure:29357: checking for curses function has_key
configure:29393: gcc -pthread -c   -D_GNU_SOURCE -DNCURSES_WIDECHAR -I/home/villarias/miniconda3/include/ncursesw -I/home/villarias/miniconda3/include -D_GNU_SOURCE -DNCURSES_WIDECHAR -D_GNU_SOURCE -DNCURSES_WIDECHAR -I/home/villarias/miniconda3/include/ncursesw -I/home/villarias/miniconda3/include -I/home/villarias/miniconda3/include/ncursesw -I/home/villarias/miniconda3/include conftest.c >&5
In file included from conftest.c:499:
/home/villarias/miniconda3/include/ncursesw/ncurses.h:152: warning: "NCURSES_OPAQUE" redefined
  152 | #define NCURSES_OPAQUE       1
      | 
conftest.c:497: note: this is the location of the previous definition
  497 | #define NCURSES_OPAQUE 0
      | 
configure:29393: $? = 0
configure:29404: result: yes
configure:29417: checking for curses function typeahead
configure:29453: gcc -pthread -c   -D_GNU_SOURCE -DNCURSES_WIDECHAR -I/home/villarias/miniconda3/include/ncursesw -I/home/villarias/miniconda3/include -D_GNU_SOURCE -DNCURSES_WIDECHAR -D_GNU_SOURCE -DNCURSES_WIDECHAR -I/home/villarias/miniconda3/include/ncursesw -I/home/villarias/miniconda3/include -I/home/villarias/miniconda3/include/ncursesw -I/home/villarias/miniconda3/include conftest.c >&5
In file included from conftest.c:500:
/home/villarias/miniconda3/include/ncursesw/ncurses.h:152: warning: "NCURSES_OPAQUE" redefined
  152 | #define NCURSES_OPAQUE       1
      | 
conftest.c:498: note: this is the location of the previous definition
  498 | #define NCURSES_OPAQUE 0
      | 
configure:29453: $? = 0
configure:29464: result: yes
configure:29477: checking for curses function use_env
configure:29513: gcc -pthread -c   -D_GNU_SOURCE -DNCURSES_WIDECHAR -I/home/villarias/miniconda3/include/ncursesw -I/home/villarias/miniconda3/include -D_GNU_SOURCE -DNCURSES_WIDECHAR -D_GNU_SOURCE -DNCURSES_WIDECHAR -I/home/villarias/miniconda3/include/ncursesw -I/home/villarias/miniconda3/include -I/home/villarias/miniconda3/include/ncursesw -I/home/villarias/miniconda3/include conftest.c >&5
In file included from conftest.c:501:
/home/villarias/miniconda3/include/ncursesw/ncurses.h:152: warning: "NCURSES_OPAQUE" redefined
  152 | #define NCURSES_OPAQUE       1
      | 
conftest.c:499: note: this is the location of the previous definition
  499 | #define NCURSES_OPAQUE 0
      | 
configure:29513: $? = 0
configure:29524: result: yes
configure:29544: checking for device files
configure:29568: checking for /dev/ptmx
configure:29583: result: yes
configure:29595: checking for /dev/ptc
configure:29610: result: no
configure:29629: checking for socklen_t
configure:29629: gcc -pthread -c   conftest.c >&5
configure:29629: $? = 0
configure:29629: gcc -pthread -c   conftest.c >&5
conftest.c: In function 'main':
conftest.c:512:24: error: expected expression before ')' token
  512 | if (sizeof ((socklen_t)))
      |                        ^
configure:29629: $? = 1
configure: failed program was:
| /* confdefs.h */
| #define _NETBSD_SOURCE 1
| #define __BSD_VISIBLE 1
| #define _DARWIN_C_SOURCE 1
| #define _PYTHONFRAMEWORK ""
| #define _XOPEN_SOURCE 700
| #define _XOPEN_SOURCE_EXTENDED 1
| #define _POSIX_C_SOURCE 200809L
| #define HAVE_STDIO_H 1
| #define HAVE_STDLIB_H 1
| #define HAVE_STRING_H 1
| #define HAVE_INTTYPES_H 1
| #define HAVE_STDINT_H 1
| #define HAVE_STRINGS_H 1
| #define HAVE_SYS_STAT_H 1
| #define HAVE_SYS_TYPES_H 1
| #define HAVE_UNISTD_H 1
| #define HAVE_WCHAR_H 1
| #define STDC_HEADERS 1
| #define _ALL_SOURCE 1
| #define _DARWIN_C_SOURCE 1
| #define _GNU_SOURCE 1
| #define _HPUX_ALT_XOPEN_SOCKET_API 1
| #define _NETBSD_SOURCE 1
| #define _OPENBSD_SOURCE 1
| #define _POSIX_PTHREAD_SEMANTICS 1
| #define __STDC_WANT_IEC_60559_ATTRIBS_EXT__ 1
| #define __STDC_WANT_IEC_60559_BFP_EXT__ 1
| #define __STDC_WANT_IEC_60559_DFP_EXT__ 1
| #define __STDC_WANT_IEC_60559_EXT__ 1
| #define __STDC_WANT_IEC_60559_FUNCS_EXT__ 1
| #define __STDC_WANT_IEC_60559_TYPES_EXT__ 1
| #define __STDC_WANT_LIB_EXT2__ 1
| #define __STDC_WANT_MATH_SPEC_FUNCS__ 1
| #define _TANDEM_SOURCE 1
| #define __EXTENSIONS__ 1
| #define _Py_STACK_GROWS_DOWN 1
| #define PY_SUPPORT_TIER 1
| #define STDC_HEADERS 1
| #define HAVE_ALLOCA_H 1
| #define HAVE_ASM_TYPES_H 1
| #define HAVE_DLFCN_H 1
| #define HAVE_ENDIAN_H 1
| #define HAVE_ERRNO_H 1
| #define HAVE_FCNTL_H 1
| #define HAVE_GRP_H 1
| #define HAVE_LANGINFO_H 1
| #define HAVE_LIBINTL_H 1
| #define HAVE_LINUX_AUXVEC_H 1
| #define HAVE_SYS_AUXV_H 1
| #define HAVE_LINUX_FS_H 1
| #define HAVE_LINUX_LIMITS_H 1
| #define HAVE_LINUX_MEMFD_H 1
| #define HAVE_LINUX_NETFILTER_IPV4_H 1
| #define HAVE_LINUX_RANDOM_H 1
| #define HAVE_LINUX_SOUNDCARD_H 1
| #define HAVE_LINUX_SCHED_H 1
| #define HAVE_LINUX_TIPC_H 1
| #define HAVE_LINUX_WAIT_H 1
| #define HAVE_NETDB_H 1
| #define HAVE_NET_ETHERNET_H 1
| #define HAVE_NETINET_IN_H 1
| #define HAVE_NETPACKET_PACKET_H 1
| #define HAVE_POLL_H 1
| #define HAVE_PTHREAD_H 1
| #define HAVE_PTY_H 1
| #define HAVE_SCHED_H 1
| #define HAVE_SETJMP_H 1
| #define HAVE_SHADOW_H 1
| #define HAVE_SIGNAL_H 1
| #define HAVE_SPAWN_H 1
| #define HAVE_SYS_EPOLL_H 1
| #define HAVE_SYS_EVENTFD_H 1
| #define HAVE_SYS_FILE_H 1
| #define HAVE_SYS_IOCTL_H 1
| #define HAVE_SYS_MMAN_H 1
| #define HAVE_SYS_PARAM_H 1
| #define HAVE_SYS_POLL_H 1
| #define HAVE_SYS_RANDOM_H 1
| #define HAVE_SYS_RESOURCE_H 1
| #define HAVE_SYS_SELECT_H 1
| #define HAVE_SYS_SENDFILE_H 1
| #define HAVE_SYS_SOCKET_H 1
| #define HAVE_SYS_SOUNDCARD_H 1
| #define HAVE_SYS_STAT_H 1
| #define HAVE_SYS_STATVFS_H 1
| #define HAVE_SYS_SYSCALL_H 1
| #define HAVE_SYS_SYSMACROS_H 1
| #define HAVE_SYS_TIME_H 1
| #define HAVE_SYS_TIMES_H 1
| #define HAVE_SYS_TIMERFD_H 1
| #define HAVE_SYS_TYPES_H 1
| #define HAVE_SYS_UIO_H 1
| #define HAVE_SYS_UN_H 1
| #define HAVE_SYS_UTSNAME_H 1
| #define HAVE_SYS_WAIT_H 1
| #define HAVE_SYS_XATTR_H 1
| #define HAVE_SYSEXITS_H 1
| #define HAVE_SYSLOG_H 1
| #define HAVE_TERMIOS_H 1
| #define HAVE_UTIME_H 1
| #define HAVE_UTMP_H 1
| #define HAVE_DIRENT_H 1
| #define MAJOR_IN_SYSMACROS 1
| #define HAVE_NET_IF_H 1
| #define HAVE_LINUX_NETLINK_H 1
| #define HAVE_LINUX_QRTR_H 1
| #define HAVE_LINUX_VM_SOCKETS_H 1
| #define HAVE_LINUX_CAN_H 1
| #define HAVE_LINUX_CAN_BCM_H 1
| #define HAVE_LINUX_CAN_J1939_H 1
| #define HAVE_LINUX_CAN_RAW_H 1
| #define HAVE_CLOCK_T 1
| #define HAVE_MAKEDEV 1
| #define HAVE_HTOLE64 1
| #define _LARGEFILE_SOURCE 1
| #define _FILE_OFFSET_BITS 64
| #if defined(SCO_DS)
| #undef _OFF_T
| #endif
| #define RETSIGTYPE void
| #define HAVE_SSIZE_T 1
| #define HAVE___UINT128_T 1
| #define HAVE_GCC_UINT128_T 1
| #define SIZEOF_INT 4
| #define SIZEOF_LONG 8
| #define ALIGNOF_LONG 8
| #define SIZEOF_LONG_LONG 8
| #define SIZEOF_VOID_P 8
| #define SIZEOF_SHORT 2
| #define SIZEOF_FLOAT 4
| #define SIZEOF_DOUBLE 8
| #define SIZEOF_FPOS_T 16
| #define SIZEOF_SIZE_T 8
| #define ALIGNOF_SIZE_T 8
| #define SIZEOF_PID_T 4
| #define SIZEOF_UINTPTR_T 8
| #define ALIGNOF_MAX_ALIGN_T 16
| #define HAVE_LONG_DOUBLE 1
| #define SIZEOF_LONG_DOUBLE 16
| #define SIZEOF__BOOL 1
| #define SIZEOF_OFF_T 8
| #define SIZEOF_TIME_T 8
| #define SIZEOF_PTHREAD_T 8
| #define SIZEOF_PTHREAD_KEY_T 4
| #define PTHREAD_KEY_T_IS_COMPATIBLE_WITH_INT 1
| #define PY_HAVE_PERF_TRAMPOLINE 1
| #define HAVE_LIBDL 1
| #define HAVE_EXECINFO_H 1
| #define HAVE_BACKTRACE 1
| #define HAVE_DLADDR1 1
| #define HAVE_LINK_H 1
| #define HAVE_BACKTRACE 1
| #define HAVE_DLADDR1 1
| #define HAVE_DLFCN_H 1
| #define HAVE_BACKTRACE 1
| #define HAVE_DLADDR1 1
| #define HAVE_UUID_H 1
| #define HAVE_UUID_GENERATE_TIME_SAFE 1
| #define HAVE_FFI_PREP_CIF_VAR 1
| #define HAVE_FFI_PREP_CLOSURE_LOC 1
| #define HAVE_FFI_CLOSURE_ALLOC 1
| #define WITH_DECIMAL_CONTEXTVAR 1
| #define HAVE_LIBSQLITE3 1
| #define HAVE_LIBSQLITE3 1
| #define HAVE_LIBSQLITE3 1
| #define HAVE_LIBSQLITE3 1
| #define HAVE_LIBSQLITE3 1
| #define HAVE_LIBSQLITE3 1
| #define HAVE_LIBSQLITE3 1
| #define HAVE_LIBSQLITE3 1
| #define HAVE_LIBSQLITE3 1
| #define PY_SQLITE_HAVE_SERIALIZE 1
| #define PTHREAD_SYSTEM_SCHED_SUPPORTED 1
| #define HAVE_PTHREAD_SIGMASK 1
| #define HAVE_PTHREAD_GETCPUCLOCKID 1
| #define ENABLE_IPV6 1
| #define HAVE_LINUX_CAN_RAW_FD_FRAMES 1
| #define HAVE_LINUX_CAN_RAW_JOIN_FILTERS 1
| #define WITH_DOC_STRINGS 1
| #define HAVE_STD_ATOMIC 1
| #define HAVE_BUILTIN_ATOMIC 1
| #define WITH_MIMALLOC 1
| #define WITH_PYMALLOC 1
| #define PY_COERCE_C_LOCALE 1
| #define HAVE_DLOPEN 1
| #define HAVE_DYNAMIC_LOADING 1
| #define HAVE_ACCEPT4 1
| #define HAVE_ALARM 1
| #define HAVE_BIND_TEXTDOMAIN_CODESET 1
| #define HAVE_CHMOD 1
| #define HAVE_CHOWN 1
| #define HAVE_CLOCK 1
| #define HAVE_CONFSTR 1
| #define HAVE_COPY_FILE_RANGE 1
| #define HAVE_CTERMID 1
| #define HAVE_DLADDR 1
| #define HAVE_DUP 1
| #define HAVE_DUP3 1
| #define HAVE_EXECV 1
| #define HAVE_EXPLICIT_BZERO 1
| #define HAVE_FACCESSAT 1
| #define HAVE_FCHMOD 1
| #define HAVE_FCHMODAT 1
| #define HAVE_FCHOWN 1
| #define HAVE_FCHOWNAT 1
| #define HAVE_FDOPENDIR 1
| #define HAVE_FEXECVE 1
| #define HAVE_FORK 1
| #define HAVE_FPATHCONF 1
| #define HAVE_FSTATAT 1
| #define HAVE_FTIME 1
| #define HAVE_FTRUNCATE 1
| #define HAVE_FUTIMENS 1
| #define HAVE_FUTIMES 1
| #define HAVE_FUTIMESAT 1
| #define HAVE_GAI_STRERROR 1
| #define HAVE_GETEGID 1
| #define HAVE_GETEUID 1
| #define HAVE_GETGID 1
| #define HAVE_GETGRENT 1
| #define HAVE_GETGRGID 1
| #define HAVE_GETGRGID_R 1
| #define HAVE_GETGRNAM_R 1
| #define HAVE_GETGROUPLIST 1
| #define HAVE_GETHOSTNAME 1
| #define HAVE_GETITIMER 1
| #define HAVE_GETLOADAVG 1
| #define HAVE_GETLOGIN 1
| #define HAVE_GETLOGIN_R 1
| #define HAVE_GETPEERNAME 1
| #define HAVE_GETPGID 1
| #define HAVE_GETPID 1
| #define HAVE_GETPPID 1
| #define HAVE_GETPRIORITY 1
| #define HAVE_GETPWENT 1
| #define HAVE_GETPWNAM_R 1
| #define HAVE_GETPWUID 1
| #define HAVE_GETPWUID_R 1
| #define HAVE_GETRESGID 1
| #define HAVE_GETRESUID 1
| #define HAVE_GETRUSAGE 1
| #define HAVE_GETSID 1
| #define HAVE_GETSPENT 1
| #define HAVE_GETSPNAM 1
| #define HAVE_GETUID 1
| #define HAVE_GETWD 1
| #define HAVE_GRANTPT 1
| #define HAVE_IF_NAMEINDEX 1
| #define HAVE_INITGROUPS 1
| #define HAVE_KILL 1
| #define HAVE_KILLPG 1
| #define HAVE_LCHOWN 1
| #define HAVE_LINKAT 1
| #define HAVE_LOCKF 1
| #define HAVE_LSTAT 1
| #define HAVE_LUTIMES 1
| #define HAVE_MADVISE 1
| #define HAVE_MBRTOWC 1
| #define HAVE_MEMRCHR 1
| #define HAVE_MKDIRAT 1
| #define HAVE_MKFIFO 1
| #define HAVE_MKFIFOAT 1
| #define HAVE_MKNOD 1
| #define HAVE_MKNODAT 1
| #define HAVE_MKTIME 1
| #define HAVE_MMAP 1
| #define HAVE_MREMAP 1
| #define HAVE_NICE 1
| #define HAVE_OPENAT 1
| #define HAVE_OPENDIR 1
| #define HAVE_PATHCONF 1
| #define HAVE_PAUSE 1
| #define HAVE_PIPE 1
| #define HAVE_PIPE2 1
| #define HAVE_POLL 1
| #define HAVE_POSIX_FADVISE 1
| #define HAVE_POSIX_FALLOCATE 1
| #define HAVE_POSIX_OPENPT 1
| #define HAVE_POSIX_SPAWN 1
| #define HAVE_POSIX_SPAWNP 1
| #define HAVE_PREAD 1
| #define HAVE_PREADV 1
| #define HAVE_PREADV2 1
| #define HAVE_PROCESS_VM_READV 1
| #define HAVE_PTHREAD_CONDATTR_SETCLOCK 1
| #define HAVE_PTHREAD_KILL 1
| #define HAVE_PTHREAD_GETNAME_NP 1
| #define HAVE_PTHREAD_SETNAME_NP 1
| #define HAVE_PTHREAD_GETATTR_NP 1
| #define HAVE_PTSNAME 1
| #define HAVE_PTSNAME_R 1
| #define HAVE_PWRITE 1
| #define HAVE_PWRITEV 1
| #define HAVE_PWRITEV2 1
| #define HAVE_READLINK 1
| #define HAVE_READLINKAT 1
| #define HAVE_READV 1
| #define HAVE_REALPATH 1
| #define HAVE_RENAMEAT 1
| #define HAVE_SCHED_GET_PRIORITY_MAX 1
| #define HAVE_SCHED_RR_GET_INTERVAL 1
| #define HAVE_SCHED_SETAFFINITY 1
| #define HAVE_SCHED_SETPARAM 1
| #define HAVE_SCHED_SETSCHEDULER 1
| #define HAVE_SEM_CLOCKWAIT 1
| #define HAVE_SEM_GETVALUE 1
| #define HAVE_SEM_OPEN 1
| #define HAVE_SEM_TIMEDWAIT 1
| #define HAVE_SEM_UNLINK 1
| #define HAVE_SENDFILE 1
| #define HAVE_SETEGID 1
| #define HAVE_SETEUID 1
| #define HAVE_SETGID 1
| #define HAVE_SETHOSTNAME 1
| #define HAVE_SETITIMER 1
| #define HAVE_SETLOCALE 1
| #define HAVE_SETPGID 1
| #define HAVE_SETPGRP 1
| #define HAVE_SETPRIORITY 1
| #define HAVE_SETREGID 1
| #define HAVE_SETRESGID 1
| #define HAVE_SETRESUID 1
| #define HAVE_SETREUID 1
| #define HAVE_SETSID 1
| #define HAVE_SETUID 1
| #define HAVE_SETVBUF 1
| #define HAVE_SHUTDOWN 1
| #define HAVE_SIGACTION 1
| #define HAVE_SIGALTSTACK 1
| #define HAVE_SIGFILLSET 1
| #define HAVE_SIGINTERRUPT 1
| #define HAVE_SIGPENDING 1
| #define HAVE_SIGRELSE 1
| #define HAVE_SIGTIMEDWAIT 1
| #define HAVE_SIGWAIT 1
| #define HAVE_SIGWAITINFO 1
| #define HAVE_SNPRINTF 1
| #define HAVE_SPLICE 1
| #define HAVE_STRFTIME 1
| #define HAVE_STRSIGNAL 1
| #define HAVE_SYMLINKAT 1
| #define HAVE_SYNC 1
| #define HAVE_SYSCONF 1
| #define HAVE_TCGETPGRP 1
| #define HAVE_TCSETPGRP 1
| #define HAVE_TEMPNAM 1
| #define HAVE_TIMEGM 1
| #define HAVE_TIMES 1
| #define HAVE_TMPFILE 1
| #define HAVE_TMPNAM 1
| #define HAVE_TMPNAM_R 1
| #define HAVE_TRUNCATE 1
| #define HAVE_TTYNAME_R 1
| #define HAVE_UMASK 1
| #define HAVE_UNAME 1
| #define HAVE_UNLINKAT 1
| #define HAVE_UNLOCKPT 1
| #define HAVE_UTIMENSAT 1
| #define HAVE_UTIMES 1
| #define HAVE_VFORK 1
| #define HAVE_WAIT 1
| #define HAVE_WAIT3 1
| #define HAVE_WAIT4 1
| #define HAVE_WAITID 1
| #define HAVE_WAITPID 1
| #define HAVE_WCSCOLL 1
| #define HAVE_WCSFTIME 1
| #define HAVE_WCSXFRM 1
| #define HAVE_WMEMCMP 1
| #define HAVE_WRITEV 1
| #define HAVE_GETENTROPY 1
| #define HAVE_GETGROUPS 1
| #define HAVE_SYSTEM 1
| #define HAVE_DIRFD 1
| #define HAVE_CHROOT 1
| #define HAVE_LINK 1
| #define HAVE_SYMLINK 1
| #define HAVE_FCHDIR 1
| #define HAVE_FSYNC 1
| #define HAVE_FDATASYNC 1
| #define HAVE_EPOLL 1
| #define HAVE_EPOLL_CREATE1 1
| #define HAVE_PRLIMIT 1
| #define HAVE_MEMFD_CREATE 1
| #define HAVE_EVENTFD 1
| #define HAVE_TIMERFD_CREATE 1
| #define HAVE_FLOCK 1
| #define HAVE_GETPAGESIZE 1
| #define HAVE_ZLIB_COPY 1
| #define HAVE_HSTRERROR 1
| #define HAVE_GETSERVBYNAME 1
| #define HAVE_GETSERVBYPORT 1
| #define HAVE_GETHOSTBYNAME 1
| #define HAVE_GETHOSTBYADDR 1
| #define HAVE_GETPROTOBYNAME 1
| #define HAVE_INET_ATON 1
| #define HAVE_INET_NTOA 1
| #define HAVE_INET_PTON 1
| #define HAVE_GETPEERNAME 1
| #define HAVE_GETSOCKNAME 1
| #define HAVE_ACCEPT 1
| #define HAVE_BIND 1
| #define HAVE_CONNECT 1
| #define HAVE_LISTEN 1
| #define HAVE_RECVFROM 1
| #define HAVE_SENDTO 1
| #define HAVE_SETSOCKOPT 1
| #define HAVE_SOCKET 1
| #define HAVE_SETGROUPS 1
| #define HAVE_DECL_UT_NAMESIZE 1
| #define HAVE_UT_NAMESIZE 1
| #define HAVE_OPENPTY 1
| #define HAVE_LOGIN_TTY 1
| #define HAVE_FORKPTY 1
| #define HAVE_FSEEKO 1
| #define HAVE_FSTATVFS 1
| #define HAVE_FTELLO 1
| #define HAVE_STATVFS 1
| #define HAVE_DUP2 1
| #define HAVE_GETPGRP 1
| #define HAVE_SETPGRP 1
| #define HAVE_SETNS 1
| #define HAVE_UNSHARE 1
| #define HAVE_CLOCK_GETTIME 1
| #define HAVE_CLOCK_GETRES 1
| #define HAVE_CLOCK_SETTIME 1
| #define HAVE_CLOCK_NANOSLEEP 1
| #define HAVE_NANOSLEEP 1
| #define HAVE_DEVICE_MACROS 1
| #define SYS_SELECT_WITH_SYS_TIME 1
| #define HAVE_GETADDRINFO 1
| #define HAVE_GETNAMEINFO 1
| #define HAVE_STRUCT_TM_TM_ZONE 1
| #define HAVE_TM_ZONE 1
| #define HAVE_STRUCT_STAT_ST_RDEV 1
| #define HAVE_STRUCT_STAT_ST_BLKSIZE 1
| #define HAVE_STRUCT_STAT_ST_BLOCKS 1
| #define HAVE_STRUCT_PASSWD_PW_GECOS 1
| #define HAVE_STRUCT_PASSWD_PW_PASSWD 1
| #define HAVE_SIGINFO_T_SI_BAND 1
| #define HAVE_ADDRINFO 1
| #define HAVE_SOCKADDR_STORAGE 1
| #define HAVE_SOCKADDR_ALG 1
| #define HAVE_PROTOTYPES 1
| #define HAVE_SOCKETPAIR 1
| #define HAVE_GETHOSTBYNAME_R 1
| #define HAVE_GETHOSTBYNAME_R 1
| #define HAVE_GETHOSTBYNAME_R_6_ARG 1
| #define HAVE_GCC_ASM_FOR_X64 1
| #define DOUBLE_IS_LITTLE_ENDIAN_IEEE754 1
| #define HAVE_GCC_ASM_FOR_X87 1
| #define HAVE_ACOSH 1
| #define HAVE_ASINH 1
| #define HAVE_ATANH 1
| #define HAVE_ERF 1
| #define HAVE_ERFC 1
| #define HAVE_EXPM1 1
| #define HAVE_LOG1P 1
| #define HAVE_LOG2 1
| #define HAVE_DECL_RTLD_LAZY 1
| #define HAVE_DECL_RTLD_NOW 1
| #define HAVE_DECL_RTLD_GLOBAL 1
| #define HAVE_DECL_RTLD_LOCAL 1
| #define HAVE_DECL_RTLD_NODELETE 1
| #define HAVE_DECL_RTLD_NOLOAD 1
| #define HAVE_DECL_RTLD_DEEPBIND 1
| #define HAVE_DECL_RTLD_MEMBER 0
| #define HAVE_WCHAR_H 1
| #define SIZEOF_WCHAR_T 4
| #define HAVE_GETC_UNLOCKED 1
| #define HAVE_WORKING_TZSET 1
| #define HAVE_STAT_TV_NSEC 1
| #define HAVE_NCURSESW 1
| #define HAVE_PANELW 1
| #define HAVE_NCURSESW_CURSES_H 1
| #define HAVE_NCURSESW_NCURSES_H 1
| #define HAVE_NCURSESW_PANEL_H 1
| #define HAVE_NCURSES_CURSES_H 1
| #define HAVE_NCURSES_NCURSES_H 1
| #define HAVE_NCURSES_PANEL_H 1
| #define HAVE_CURSES_H 1
| #define HAVE_NCURSES_H 1
| #define HAVE_PANEL_H 1
| #define HAVE_TERM_H 1
| #define MVWDELCH_IS_EXPRESSION 1
| #define HAVE_CURSES_IS_PAD 1
| #define HAVE_CURSES_IS_TERM_RESIZED 1
| #define HAVE_CURSES_RESIZE_TERM 1
| #define HAVE_CURSES_RESIZETERM 1
| #define HAVE_CURSES_IMMEDOK 1
| #define HAVE_CURSES_SYNCOK 1
| #define HAVE_CURSES_WCHGAT 1
| #define HAVE_CURSES_FILTER 1
| #define HAVE_CURSES_HAS_KEY 1
| #define HAVE_CURSES_TYPEAHEAD 1
| #define HAVE_CURSES_USE_ENV 1
| #define HAVE_DEV_PTMX 1
| /* end confdefs.h.  */
| 
| #ifdef HAVE_SYS_TYPES_H
| #include <sys/types.h>
| #endif
| #ifdef HAVE_SYS_SOCKET_H
| #include <sys/socket.h>
| #endif
| 
| 
| int
| main (void)
| {
| if (sizeof ((socklen_t)))
| 	    return 0;
|   ;
|   return 0;
| }
configure:29629: result: yes
configure:29652: checking for broken mbstowcs
configure:29676: gcc -pthread -o conftest    conftest.c -lpthread -ldl  -lutil >&5
configure:29676: $? = 0
configure:29676: ./conftest
configure:29676: $? = 0
configure:29690: result: no
configure:29700: checking for --with-computed-gotos
configure:29725: result: no value specified
configure:29731: checking whether gcc -pthread supports computed gotos
configure:29760: gcc -pthread -o conftest    conftest.c -lpthread -ldl  -lutil >&5
configure:29760: $? = 0
configure:29760: ./conftest
configure:29760: $? = 0
configure:29774: result: yes
configure:29783: checking for --with-tail-call-interp
configure:29808: result: no value specified
configure:29815: checking for --with-remote-debug
configure:29832: result: yes
configure:29882: checking for build directories
configure:29889: result: done
configure:29893: checking for -O2
configure:29913: gcc -pthread -c -O2  conftest.c >&5
configure:29913: $? = 0
configure:29925: result: yes
configure:29930: checking for glibc _FORTIFY_SOURCE/memmove bug
configure:29960: gcc -pthread -o conftest -O2 -D_FORTIFY_SOURCE=2   conftest.c -lpthread -ldl  -lutil >&5
configure:29960: $? = 0
configure:29960: ./conftest
configure:29960: $? = 0
configure:29973: result: no
configure:29987: checking for gcc ipa-pure-const bug
configure:30015: gcc -pthread -o conftest -O2   conftest.c -lpthread -ldl  -lutil >&5
configure:30015: $? = 0
configure:30015: ./conftest
configure:30015: $? = 0
configure:30028: result: no
configure:30040: checking for ensurepip
configure:30074: result: upgrade
configure:30079: checking if the dirent structure of a d_type field
configure:30099: gcc -pthread -o conftest    conftest.c -lpthread -ldl  -lutil >&5
configure:30099: $? = 0
configure:30111: result: yes
configure:30124: checking for the Linux getrandom() syscall
configure:30151: gcc -pthread -o conftest    conftest.c -lpthread -ldl  -lutil >&5
configure:30151: $? = 0
configure:30163: result: yes
configure:30177: checking for the getrandom() function
configure:30202: gcc -pthread -o conftest    conftest.c -lpthread -ldl  -lutil >&5
configure:30202: $? = 0
configure:30214: result: yes
configure:30235: checking for library containing shm_open
configure:30271: gcc -pthread -o conftest    conftest.c -lpthread -ldl  -lutil >&5
/usr/bin/ld: /tmp/cc8Bu9qv.o: in function `main':
conftest.c:(.text+0x9): undefined reference to `shm_open'
collect2: error: ld returned 1 exit status
configure:30271: $? = 1
configure: failed program was:
| /* confdefs.h */
| #define _NETBSD_SOURCE 1
| #define __BSD_VISIBLE 1
| #define _DARWIN_C_SOURCE 1
| #define _PYTHONFRAMEWORK ""
| #define _XOPEN_SOURCE 700
| #define _XOPEN_SOURCE_EXTENDED 1
| #define _POSIX_C_SOURCE 200809L
| #define HAVE_STDIO_H 1
| #define HAVE_STDLIB_H 1
| #define HAVE_STRING_H 1
| #define HAVE_INTTYPES_H 1
| #define HAVE_STDINT_H 1
| #define HAVE_STRINGS_H 1
| #define HAVE_SYS_STAT_H 1
| #define HAVE_SYS_TYPES_H 1
| #define HAVE_UNISTD_H 1
| #define HAVE_WCHAR_H 1
| #define STDC_HEADERS 1
| #define _ALL_SOURCE 1
| #define _DARWIN_C_SOURCE 1
| #define _GNU_SOURCE 1
| #define _HPUX_ALT_XOPEN_SOCKET_API 1
| #define _NETBSD_SOURCE 1
| #define _OPENBSD_SOURCE 1
| #define _POSIX_PTHREAD_SEMANTICS 1
| #define __STDC_WANT_IEC_60559_ATTRIBS_EXT__ 1
| #define __STDC_WANT_IEC_60559_BFP_EXT__ 1
| #define __STDC_WANT_IEC_60559_DFP_EXT__ 1
| #define __STDC_WANT_IEC_60559_EXT__ 1
| #define __STDC_WANT_IEC_60559_FUNCS_EXT__ 1
| #define __STDC_WANT_IEC_60559_TYPES_EXT__ 1
| #define __STDC_WANT_LIB_EXT2__ 1
| #define __STDC_WANT_MATH_SPEC_FUNCS__ 1
| #define _TANDEM_SOURCE 1
| #define __EXTENSIONS__ 1
| #define _Py_STACK_GROWS_DOWN 1
| #define PY_SUPPORT_TIER 1
| #define STDC_HEADERS 1
| #define HAVE_ALLOCA_H 1
| #define HAVE_ASM_TYPES_H 1
| #define HAVE_DLFCN_H 1
| #define HAVE_ENDIAN_H 1
| #define HAVE_ERRNO_H 1
| #define HAVE_FCNTL_H 1
| #define HAVE_GRP_H 1
| #define HAVE_LANGINFO_H 1
| #define HAVE_LIBINTL_H 1
| #define HAVE_LINUX_AUXVEC_H 1
| #define HAVE_SYS_AUXV_H 1
| #define HAVE_LINUX_FS_H 1
| #define HAVE_LINUX_LIMITS_H 1
| #define HAVE_LINUX_MEMFD_H 1
| #define HAVE_LINUX_NETFILTER_IPV4_H 1
| #define HAVE_LINUX_RANDOM_H 1
| #define HAVE_LINUX_SOUNDCARD_H 1
| #define HAVE_LINUX_SCHED_H 1
| #define HAVE_LINUX_TIPC_H 1
| #define HAVE_LINUX_WAIT_H 1
| #define HAVE_NETDB_H 1
| #define HAVE_NET_ETHERNET_H 1
| #define HAVE_NETINET_IN_H 1
| #define HAVE_NETPACKET_PACKET_H 1
| #define HAVE_POLL_H 1
| #define HAVE_PTHREAD_H 1
| #define HAVE_PTY_H 1
| #define HAVE_SCHED_H 1
| #define HAVE_SETJMP_H 1
| #define HAVE_SHADOW_H 1
| #define HAVE_SIGNAL_H 1
| #define HAVE_SPAWN_H 1
| #define HAVE_SYS_EPOLL_H 1
| #define HAVE_SYS_EVENTFD_H 1
| #define HAVE_SYS_FILE_H 1
| #define HAVE_SYS_IOCTL_H 1
| #define HAVE_SYS_MMAN_H 1
| #define HAVE_SYS_PARAM_H 1
| #define HAVE_SYS_POLL_H 1
| #define HAVE_SYS_RANDOM_H 1
| #define HAVE_SYS_RESOURCE_H 1
| #define HAVE_SYS_SELECT_H 1
| #define HAVE_SYS_SENDFILE_H 1
| #define HAVE_SYS_SOCKET_H 1
| #define HAVE_SYS_SOUNDCARD_H 1
| #define HAVE_SYS_STAT_H 1
| #define HAVE_SYS_STATVFS_H 1
| #define HAVE_SYS_SYSCALL_H 1
| #define HAVE_SYS_SYSMACROS_H 1
| #define HAVE_SYS_TIME_H 1
| #define HAVE_SYS_TIMES_H 1
| #define HAVE_SYS_TIMERFD_H 1
| #define HAVE_SYS_TYPES_H 1
| #define HAVE_SYS_UIO_H 1
| #define HAVE_SYS_UN_H 1
| #define HAVE_SYS_UTSNAME_H 1
| #define HAVE_SYS_WAIT_H 1
| #define HAVE_SYS_XATTR_H 1
| #define HAVE_SYSEXITS_H 1
| #define HAVE_SYSLOG_H 1
| #define HAVE_TERMIOS_H 1
| #define HAVE_UTIME_H 1
| #define HAVE_UTMP_H 1
| #define HAVE_DIRENT_H 1
| #define MAJOR_IN_SYSMACROS 1
| #define HAVE_NET_IF_H 1
| #define HAVE_LINUX_NETLINK_H 1
| #define HAVE_LINUX_QRTR_H 1
| #define HAVE_LINUX_VM_SOCKETS_H 1
| #define HAVE_LINUX_CAN_H 1
| #define HAVE_LINUX_CAN_BCM_H 1
| #define HAVE_LINUX_CAN_J1939_H 1
| #define HAVE_LINUX_CAN_RAW_H 1
| #define HAVE_CLOCK_T 1
| #define HAVE_MAKEDEV 1
| #define HAVE_HTOLE64 1
| #define _LARGEFILE_SOURCE 1
| #define _FILE_OFFSET_BITS 64
| #if defined(SCO_DS)
| #undef _OFF_T
| #endif
| #define RETSIGTYPE void
| #define HAVE_SSIZE_T 1
| #define HAVE___UINT128_T 1
| #define HAVE_GCC_UINT128_T 1
| #define SIZEOF_INT 4
| #define SIZEOF_LONG 8
| #define ALIGNOF_LONG 8
| #define SIZEOF_LONG_LONG 8
| #define SIZEOF_VOID_P 8
| #define SIZEOF_SHORT 2
| #define SIZEOF_FLOAT 4
| #define SIZEOF_DOUBLE 8
| #define SIZEOF_FPOS_T 16
| #define SIZEOF_SIZE_T 8
| #define ALIGNOF_SIZE_T 8
| #define SIZEOF_PID_T 4
| #define SIZEOF_UINTPTR_T 8
| #define ALIGNOF_MAX_ALIGN_T 16
| #define HAVE_LONG_DOUBLE 1
| #define SIZEOF_LONG_DOUBLE 16
| #define SIZEOF__BOOL 1
| #define SIZEOF_OFF_T 8
| #define SIZEOF_TIME_T 8
| #define SIZEOF_PTHREAD_T 8
| #define SIZEOF_PTHREAD_KEY_T 4
| #define PTHREAD_KEY_T_IS_COMPATIBLE_WITH_INT 1
| #define PY_HAVE_PERF_TRAMPOLINE 1
| #define HAVE_LIBDL 1
| #define HAVE_EXECINFO_H 1
| #define HAVE_BACKTRACE 1
| #define HAVE_DLADDR1 1
| #define HAVE_LINK_H 1
| #define HAVE_BACKTRACE 1
| #define HAVE_DLADDR1 1
| #define HAVE_DLFCN_H 1
| #define HAVE_BACKTRACE 1
| #define HAVE_DLADDR1 1
| #define HAVE_UUID_H 1
| #define HAVE_UUID_GENERATE_TIME_SAFE 1
| #define HAVE_FFI_PREP_CIF_VAR 1
| #define HAVE_FFI_PREP_CLOSURE_LOC 1
| #define HAVE_FFI_CLOSURE_ALLOC 1
| #define WITH_DECIMAL_CONTEXTVAR 1
| #define HAVE_LIBSQLITE3 1
| #define HAVE_LIBSQLITE3 1
| #define HAVE_LIBSQLITE3 1
| #define HAVE_LIBSQLITE3 1
| #define HAVE_LIBSQLITE3 1
| #define HAVE_LIBSQLITE3 1
| #define HAVE_LIBSQLITE3 1
| #define HAVE_LIBSQLITE3 1
| #define HAVE_LIBSQLITE3 1
| #define PY_SQLITE_HAVE_SERIALIZE 1
| #define PTHREAD_SYSTEM_SCHED_SUPPORTED 1
| #define HAVE_PTHREAD_SIGMASK 1
| #define HAVE_PTHREAD_GETCPUCLOCKID 1
| #define ENABLE_IPV6 1
| #define HAVE_LINUX_CAN_RAW_FD_FRAMES 1
| #define HAVE_LINUX_CAN_RAW_JOIN_FILTERS 1
| #define WITH_DOC_STRINGS 1
| #define HAVE_STD_ATOMIC 1
| #define HAVE_BUILTIN_ATOMIC 1
| #define WITH_MIMALLOC 1
| #define WITH_PYMALLOC 1
| #define PY_COERCE_C_LOCALE 1
| #define HAVE_DLOPEN 1
| #define HAVE_DYNAMIC_LOADING 1
| #define HAVE_ACCEPT4 1
| #define HAVE_ALARM 1
| #define HAVE_BIND_TEXTDOMAIN_CODESET 1
| #define HAVE_CHMOD 1
| #define HAVE_CHOWN 1
| #define HAVE_CLOCK 1
| #define HAVE_CONFSTR 1
| #define HAVE_COPY_FILE_RANGE 1
| #define HAVE_CTERMID 1
| #define HAVE_DLADDR 1
| #define HAVE_DUP 1
| #define HAVE_DUP3 1
| #define HAVE_EXECV 1
| #define HAVE_EXPLICIT_BZERO 1
| #define HAVE_FACCESSAT 1
| #define HAVE_FCHMOD 1
| #define HAVE_FCHMODAT 1
| #define HAVE_FCHOWN 1
| #define HAVE_FCHOWNAT 1
| #define HAVE_FDOPENDIR 1
| #define HAVE_FEXECVE 1
| #define HAVE_FORK 1
| #define HAVE_FPATHCONF 1
| #define HAVE_FSTATAT 1
| #define HAVE_FTIME 1
| #define HAVE_FTRUNCATE 1
| #define HAVE_FUTIMENS 1
| #define HAVE_FUTIMES 1
| #define HAVE_FUTIMESAT 1
| #define HAVE_GAI_STRERROR 1
| #define HAVE_GETEGID 1
| #define HAVE_GETEUID 1
| #define HAVE_GETGID 1
| #define HAVE_GETGRENT 1
| #define HAVE_GETGRGID 1
| #define HAVE_GETGRGID_R 1
| #define HAVE_GETGRNAM_R 1
| #define HAVE_GETGROUPLIST 1
| #define HAVE_GETHOSTNAME 1
| #define HAVE_GETITIMER 1
| #define HAVE_GETLOADAVG 1
| #define HAVE_GETLOGIN 1
| #define HAVE_GETLOGIN_R 1
| #define HAVE_GETPEERNAME 1
| #define HAVE_GETPGID 1
| #define HAVE_GETPID 1
| #define HAVE_GETPPID 1
| #define HAVE_GETPRIORITY 1
| #define HAVE_GETPWENT 1
| #define HAVE_GETPWNAM_R 1
| #define HAVE_GETPWUID 1
| #define HAVE_GETPWUID_R 1
| #define HAVE_GETRESGID 1
| #define HAVE_GETRESUID 1
| #define HAVE_GETRUSAGE 1
| #define HAVE_GETSID 1
| #define HAVE_GETSPENT 1
| #define HAVE_GETSPNAM 1
| #define HAVE_GETUID 1
| #define HAVE_GETWD 1
| #define HAVE_GRANTPT 1
| #define HAVE_IF_NAMEINDEX 1
| #define HAVE_INITGROUPS 1
| #define HAVE_KILL 1
| #define HAVE_KILLPG 1
| #define HAVE_LCHOWN 1
| #define HAVE_LINKAT 1
| #define HAVE_LOCKF 1
| #define HAVE_LSTAT 1
| #define HAVE_LUTIMES 1
| #define HAVE_MADVISE 1
| #define HAVE_MBRTOWC 1
| #define HAVE_MEMRCHR 1
| #define HAVE_MKDIRAT 1
| #define HAVE_MKFIFO 1
| #define HAVE_MKFIFOAT 1
| #define HAVE_MKNOD 1
| #define HAVE_MKNODAT 1
| #define HAVE_MKTIME 1
| #define HAVE_MMAP 1
| #define HAVE_MREMAP 1
| #define HAVE_NICE 1
| #define HAVE_OPENAT 1
| #define HAVE_OPENDIR 1
| #define HAVE_PATHCONF 1
| #define HAVE_PAUSE 1
| #define HAVE_PIPE 1
| #define HAVE_PIPE2 1
| #define HAVE_POLL 1
| #define HAVE_POSIX_FADVISE 1
| #define HAVE_POSIX_FALLOCATE 1
| #define HAVE_POSIX_OPENPT 1
| #define HAVE_POSIX_SPAWN 1
| #define HAVE_POSIX_SPAWNP 1
| #define HAVE_PREAD 1
| #define HAVE_PREADV 1
| #define HAVE_PREADV2 1
| #define HAVE_PROCESS_VM_READV 1
| #define HAVE_PTHREAD_CONDATTR_SETCLOCK 1
| #define HAVE_PTHREAD_KILL 1
| #define HAVE_PTHREAD_GETNAME_NP 1
| #define HAVE_PTHREAD_SETNAME_NP 1
| #define HAVE_PTHREAD_GETATTR_NP 1
| #define HAVE_PTSNAME 1
| #define HAVE_PTSNAME_R 1
| #define HAVE_PWRITE 1
| #define HAVE_PWRITEV 1
| #define HAVE_PWRITEV2 1
| #define HAVE_READLINK 1
| #define HAVE_READLINKAT 1
| #define HAVE_READV 1
| #define HAVE_REALPATH 1
| #define HAVE_RENAMEAT 1
| #define HAVE_SCHED_GET_PRIORITY_MAX 1
| #define HAVE_SCHED_RR_GET_INTERVAL 1
| #define HAVE_SCHED_SETAFFINITY 1
| #define HAVE_SCHED_SETPARAM 1
| #define HAVE_SCHED_SETSCHEDULER 1
| #define HAVE_SEM_CLOCKWAIT 1
| #define HAVE_SEM_GETVALUE 1
| #define HAVE_SEM_OPEN 1
| #define HAVE_SEM_TIMEDWAIT 1
| #define HAVE_SEM_UNLINK 1
| #define HAVE_SENDFILE 1
| #define HAVE_SETEGID 1
| #define HAVE_SETEUID 1
| #define HAVE_SETGID 1
| #define HAVE_SETHOSTNAME 1
| #define HAVE_SETITIMER 1
| #define HAVE_SETLOCALE 1
| #define HAVE_SETPGID 1
| #define HAVE_SETPGRP 1
| #define HAVE_SETPRIORITY 1
| #define HAVE_SETREGID 1
| #define HAVE_SETRESGID 1
| #define HAVE_SETRESUID 1
| #define HAVE_SETREUID 1
| #define HAVE_SETSID 1
| #define HAVE_SETUID 1
| #define HAVE_SETVBUF 1
| #define HAVE_SHUTDOWN 1
| #define HAVE_SIGACTION 1
| #define HAVE_SIGALTSTACK 1
| #define HAVE_SIGFILLSET 1
| #define HAVE_SIGINTERRUPT 1
| #define HAVE_SIGPENDING 1
| #define HAVE_SIGRELSE 1
| #define HAVE_SIGTIMEDWAIT 1
| #define HAVE_SIGWAIT 1
| #define HAVE_SIGWAITINFO 1
| #define HAVE_SNPRINTF 1
| #define HAVE_SPLICE 1
| #define HAVE_STRFTIME 1
| #define HAVE_STRSIGNAL 1
| #define HAVE_SYMLINKAT 1
| #define HAVE_SYNC 1
| #define HAVE_SYSCONF 1
| #define HAVE_TCGETPGRP 1
| #define HAVE_TCSETPGRP 1
| #define HAVE_TEMPNAM 1
| #define HAVE_TIMEGM 1
| #define HAVE_TIMES 1
| #define HAVE_TMPFILE 1
| #define HAVE_TMPNAM 1
| #define HAVE_TMPNAM_R 1
| #define HAVE_TRUNCATE 1
| #define HAVE_TTYNAME_R 1
| #define HAVE_UMASK 1
| #define HAVE_UNAME 1
| #define HAVE_UNLINKAT 1
| #define HAVE_UNLOCKPT 1
| #define HAVE_UTIMENSAT 1
| #define HAVE_UTIMES 1
| #define HAVE_VFORK 1
| #define HAVE_WAIT 1
| #define HAVE_WAIT3 1
| #define HAVE_WAIT4 1
| #define HAVE_WAITID 1
| #define HAVE_WAITPID 1
| #define HAVE_WCSCOLL 1
| #define HAVE_WCSFTIME 1
| #define HAVE_WCSXFRM 1
| #define HAVE_WMEMCMP 1
| #define HAVE_WRITEV 1
| #define HAVE_GETENTROPY 1
| #define HAVE_GETGROUPS 1
| #define HAVE_SYSTEM 1
| #define HAVE_DIRFD 1
| #define HAVE_CHROOT 1
| #define HAVE_LINK 1
| #define HAVE_SYMLINK 1
| #define HAVE_FCHDIR 1
| #define HAVE_FSYNC 1
| #define HAVE_FDATASYNC 1
| #define HAVE_EPOLL 1
| #define HAVE_EPOLL_CREATE1 1
| #define HAVE_PRLIMIT 1
| #define HAVE_MEMFD_CREATE 1
| #define HAVE_EVENTFD 1
| #define HAVE_TIMERFD_CREATE 1
| #define HAVE_FLOCK 1
| #define HAVE_GETPAGESIZE 1
| #define HAVE_ZLIB_COPY 1
| #define HAVE_HSTRERROR 1
| #define HAVE_GETSERVBYNAME 1
| #define HAVE_GETSERVBYPORT 1
| #define HAVE_GETHOSTBYNAME 1
| #define HAVE_GETHOSTBYADDR 1
| #define HAVE_GETPROTOBYNAME 1
| #define HAVE_INET_ATON 1
| #define HAVE_INET_NTOA 1
| #define HAVE_INET_PTON 1
| #define HAVE_GETPEERNAME 1
| #define HAVE_GETSOCKNAME 1
| #define HAVE_ACCEPT 1
| #define HAVE_BIND 1
| #define HAVE_CONNECT 1
| #define HAVE_LISTEN 1
| #define HAVE_RECVFROM 1
| #define HAVE_SENDTO 1
| #define HAVE_SETSOCKOPT 1
| #define HAVE_SOCKET 1
| #define HAVE_SETGROUPS 1
| #define HAVE_DECL_UT_NAMESIZE 1
| #define HAVE_UT_NAMESIZE 1
| #define HAVE_OPENPTY 1
| #define HAVE_LOGIN_TTY 1
| #define HAVE_FORKPTY 1
| #define HAVE_FSEEKO 1
| #define HAVE_FSTATVFS 1
| #define HAVE_FTELLO 1
| #define HAVE_STATVFS 1
| #define HAVE_DUP2 1
| #define HAVE_GETPGRP 1
| #define HAVE_SETPGRP 1
| #define HAVE_SETNS 1
| #define HAVE_UNSHARE 1
| #define HAVE_CLOCK_GETTIME 1
| #define HAVE_CLOCK_GETRES 1
| #define HAVE_CLOCK_SETTIME 1
| #define HAVE_CLOCK_NANOSLEEP 1
| #define HAVE_NANOSLEEP 1
| #define HAVE_DEVICE_MACROS 1
| #define SYS_SELECT_WITH_SYS_TIME 1
| #define HAVE_GETADDRINFO 1
| #define HAVE_GETNAMEINFO 1
| #define HAVE_STRUCT_TM_TM_ZONE 1
| #define HAVE_TM_ZONE 1
| #define HAVE_STRUCT_STAT_ST_RDEV 1
| #define HAVE_STRUCT_STAT_ST_BLKSIZE 1
| #define HAVE_STRUCT_STAT_ST_BLOCKS 1
| #define HAVE_STRUCT_PASSWD_PW_GECOS 1
| #define HAVE_STRUCT_PASSWD_PW_PASSWD 1
| #define HAVE_SIGINFO_T_SI_BAND 1
| #define HAVE_ADDRINFO 1
| #define HAVE_SOCKADDR_STORAGE 1
| #define HAVE_SOCKADDR_ALG 1
| #define HAVE_PROTOTYPES 1
| #define HAVE_SOCKETPAIR 1
| #define HAVE_GETHOSTBYNAME_R 1
| #define HAVE_GETHOSTBYNAME_R 1
| #define HAVE_GETHOSTBYNAME_R_6_ARG 1
| #define HAVE_GCC_ASM_FOR_X64 1
| #define DOUBLE_IS_LITTLE_ENDIAN_IEEE754 1
| #define HAVE_GCC_ASM_FOR_X87 1
| #define HAVE_ACOSH 1
| #define HAVE_ASINH 1
| #define HAVE_ATANH 1
| #define HAVE_ERF 1
| #define HAVE_ERFC 1
| #define HAVE_EXPM1 1
| #define HAVE_LOG1P 1
| #define HAVE_LOG2 1
| #define HAVE_DECL_RTLD_LAZY 1
| #define HAVE_DECL_RTLD_NOW 1
| #define HAVE_DECL_RTLD_GLOBAL 1
| #define HAVE_DECL_RTLD_LOCAL 1
| #define HAVE_DECL_RTLD_NODELETE 1
| #define HAVE_DECL_RTLD_NOLOAD 1
| #define HAVE_DECL_RTLD_DEEPBIND 1
| #define HAVE_DECL_RTLD_MEMBER 0
| #define HAVE_WCHAR_H 1
| #define SIZEOF_WCHAR_T 4
| #define HAVE_GETC_UNLOCKED 1
| #define HAVE_WORKING_TZSET 1
| #define HAVE_STAT_TV_NSEC 1
| #define HAVE_NCURSESW 1
| #define HAVE_PANELW 1
| #define HAVE_NCURSESW_CURSES_H 1
| #define HAVE_NCURSESW_NCURSES_H 1
| #define HAVE_NCURSESW_PANEL_H 1
| #define HAVE_NCURSES_CURSES_H 1
| #define HAVE_NCURSES_NCURSES_H 1
| #define HAVE_NCURSES_PANEL_H 1
| #define HAVE_CURSES_H 1
| #define HAVE_NCURSES_H 1
| #define HAVE_PANEL_H 1
| #define HAVE_TERM_H 1
| #define MVWDELCH_IS_EXPRESSION 1
| #define HAVE_CURSES_IS_PAD 1
| #define HAVE_CURSES_IS_TERM_RESIZED 1
| #define HAVE_CURSES_RESIZE_TERM 1
| #define HAVE_CURSES_RESIZETERM 1
| #define HAVE_CURSES_IMMEDOK 1
| #define HAVE_CURSES_SYNCOK 1
| #define HAVE_CURSES_WCHGAT 1
| #define HAVE_CURSES_FILTER 1
| #define HAVE_CURSES_HAS_KEY 1
| #define HAVE_CURSES_TYPEAHEAD 1
| #define HAVE_CURSES_USE_ENV 1
| #define HAVE_DEV_PTMX 1
| #define HAVE_SOCKLEN_T 1
| #define HAVE_COMPUTED_GOTOS 1
| #define Py_REMOTE_DEBUG 1
| #define HAVE_DIRENT_D_TYPE 1
| #define HAVE_GETRANDOM_SYSCALL 1
| #define HAVE_GETRANDOM 1
| /* end confdefs.h.  */
| 
| /* Override any GCC internal prototype to avoid an error.
|    Use char because int might match the return type of a GCC
|    builtin and then its argument prototype would still apply.
|    The 'extern "C"' is for builds by C++ compilers;
|    although this is not generally supported in C code supporting it here
|    has little cost and some practical benefit (sr 110532).  */
| #ifdef __cplusplus
| extern "C"
| #endif
| char shm_open (void);
| int
| main (void)
| {
| return shm_open ();
|   ;
|   return 0;
| }
configure:30271: gcc -pthread -o conftest    conftest.c -lrt  -lpthread -ldl  -lutil >&5
configure:30271: $? = 0
configure:30293: result: -lrt
configure:30320: checking for shm_open
configure:30320: gcc -pthread -o conftest    conftest.c -lrt -lpthread -ldl  -lutil >&5
configure:30320: $? = 0
configure:30320: result: yes
configure:30320: checking for shm_unlink
configure:30320: gcc -pthread -o conftest    conftest.c -lrt -lpthread -ldl  -lutil >&5
configure:30320: $? = 0
configure:30320: result: yes
configure:30411: checking for pkg-config
configure:30444: result: /home/villarias/miniconda3/envs/jayraldines_tablet/bin/pkg-config
configure:30515: checking whether compiling and linking against OpenSSL works
Trying link with OPENSSL_LDFLAGS=-L/home/villarias/miniconda3/lib; OPENSSL_LIBS=-lssl -lcrypto; OPENSSL_INCLUDES=-I/home/villarias/miniconda3/include
configure:30537: gcc -pthread -o conftest  -I/home/villarias/miniconda3/include   -L/home/villarias/miniconda3/lib conftest.c -lssl -lcrypto -lpthread -ldl  -lutil >&5
configure:30537: $? = 0
configure:30540: result: yes
configure:30581: checking for --with-openssl-rpath
configure:30624: result: 
configure:30677: checking whether OpenSSL provides required ssl module APIs
configure:30710: gcc -pthread -o conftest  -I/home/villarias/miniconda3/include   -L/home/villarias/miniconda3/lib  conftest.c -lpthread -ldl  -lutil -lssl -lcrypto >&5
configure:30710: $? = 0
configure:30722: result: yes
configure:30742: checking whether OpenSSL provides required hashlib module APIs
configure:30772: gcc -pthread -o conftest  -I/home/villarias/miniconda3/include   -L/home/villarias/miniconda3/lib  conftest.c -lpthread -ldl  -lutil  -lcrypto >&5
configure:30772: $? = 0
configure:30784: result: yes
configure:30798: checking for --with-ssl-default-suites
configure:30826: result: python
configure:30837: checking for --with-builtin-hashlib-hashes
configure:30860: result: md5,sha1,sha2,sha3,blake2
configure:30889: checking for --disable-test-modules
configure:30908: result: yes
configure:30929: checking whether libatomic is needed by <pyatomic.h>
configure:30975: gcc -pthread -o conftest  -IObjects -IInclude -IPython -I. -I/home/villarias/Projects/jayraldinescateringsystem/Tablet/.buildozer/android/platform/build-arm64-v8a/build/other_builds/hostpython3/desktop/hostpython3/Include   conftest.c -lpthread -ldl  -lutil >&5
configure:30975: $? = 0
configure:30986: result: no
configure:31648: checking for stdlib extension module _multiprocessing
configure:31684: result: yes
configure:31688: checking for stdlib extension module _posixshmem
configure:31724: result: yes
configure:31819: checking for stdlib extension module fcntl
configure:31855: result: yes
configure:31859: checking for stdlib extension module mmap
configure:31895: result: yes
configure:31899: checking for stdlib extension module _socket
configure:31935: result: yes
configure:31940: checking for stdlib extension module grp
configure:31977: result: yes
configure:31981: checking for stdlib extension module pwd
configure:32017: result: yes
configure:32021: checking for stdlib extension module resource
configure:32057: result: yes
configure:32061: checking for stdlib extension module _scproxy
configure:32097: result: n/a
configure:32101: checking for stdlib extension module syslog
configure:32137: result: yes
configure:32141: checking for stdlib extension module termios
configure:32177: result: yes
configure:32182: checking for stdlib extension module pyexpat
configure:32218: result: yes
configure:32222: checking for stdlib extension module _elementtree
configure:32258: result: yes
configure:32494: checking whether C compiler accepts -msse -msse2 -msse3 -msse4.1 -msse4.2
configure:32514: gcc -pthread -c  -Werror -msse -msse2 -msse3 -msse4.1 -msse4.2  conftest.c >&5
configure:32514: $? = 0
configure:32525: result: yes
configure:32539: checking for HACL* SIMD128 implementation
configure:32547: result: standard
configure:32571: checking whether C compiler accepts -mavx2
configure:32591: gcc -pthread -c  -Werror -mavx2  conftest.c >&5
configure:32591: $? = 0
configure:32602: result: yes
configure:32616: checking for HACL* SIMD256 implementation
configure:32624: result: standard
configure:32641: checking for HACL* library linking type
configure:32649: result: shared
configure:32662: checking for stdlib extension module _md5
configure:32698: result: yes
configure:32707: checking for stdlib extension module _sha1
configure:32743: result: yes
configure:32752: checking for stdlib extension module _sha2
configure:32788: result: yes
configure:32797: checking for stdlib extension module _sha3
configure:32833: result: yes
configure:32842: checking for stdlib extension module _blake2
configure:32878: result: yes
configure:32888: checking for stdlib extension module _hmac
configure:32924: result: yes
configure:32932: checking for stdlib extension module _ctypes
configure:32968: result: yes
configure:32972: checking for stdlib extension module _curses
configure:33009: result: yes
configure:33013: checking for stdlib extension module _curses_panel
configure:33050: result: yes
configure:33054: checking for stdlib extension module _decimal
configure:33090: result: yes
configure:33094: checking for stdlib extension module _dbm
configure:33130: result: missing
configure:33134: checking for stdlib extension module _gdbm
configure:33170: result: missing
configure:33174: checking for stdlib extension module readline
configure:33210: result: missing
configure:33214: checking for stdlib extension module _sqlite3
configure:33250: result: yes
configure:33254: checking for stdlib extension module _tkinter
configure:33290: result: yes
configure:33294: checking for stdlib extension module _uuid
configure:33330: result: yes
configure:33335: checking for stdlib extension module zlib
configure:33371: result: yes
configure:33397: checking for stdlib extension module _bz2
configure:33433: result: missing
configure:33437: checking for stdlib extension module _lzma
configure:33473: result: yes
configure:33477: checking for stdlib extension module _zstd
configure:33513: result: yes
configure:33518: checking for stdlib extension module _ssl
configure:33554: result: yes
configure:33558: checking for stdlib extension module _hashlib
configure:33594: result: yes
configure:33599: checking for stdlib extension module _testcapi
configure:33635: result: yes
configure:33639: checking for stdlib extension module _testclinic
configure:33675: result: yes
configure:33679: checking for stdlib extension module _testclinic_limited
configure:33715: result: yes
configure:33719: checking for stdlib extension module _testlimitedcapi
configure:33755: result: yes
configure:33759: checking for stdlib extension module _testinternalcapi
configure:33795: result: yes
configure:33799: checking for stdlib extension module _testbuffer
configure:33835: result: yes
configure:33839: checking for stdlib extension module _testimportmultiple
configure:33875: result: yes
configure:33879: checking for stdlib extension module _testmultiphase
configure:33915: result: yes
configure:33919: checking for stdlib extension module _testsinglephase
configure:33955: result: yes
configure:33959: checking for stdlib extension module xxsubtype
configure:33995: result: yes
configure:33999: checking for stdlib extension module _xxtestfuzz
configure:34035: result: yes
configure:34039: checking for stdlib extension module _ctypes_test
configure:34075: result: yes
configure:34080: checking for stdlib extension module xxlimited
configure:34116: result: yes
configure:34120: checking for stdlib extension module xxlimited_35
configure:34156: result: yes
configure:34614: creating ./config.status

## ---------------------- ##
## Running config.status. ##
## ---------------------- ##

This file was extended by python config.status 3.14, which was
generated by GNU Autoconf 2.72.  Invocation command line was

  CONFIG_FILES    = 
  CONFIG_HEADERS  = 
  CONFIG_LINKS    = 
  CONFIG_COMMANDS = 
  $ ./config.status 

on dev

config.status:1835: creating Makefile.pre
config.status:1835: creating Misc/python.pc
config.status:1835: creating Misc/python-embed.pc
config.status:1835: creating Misc/python-config.sh
config.status:1835: creating Modules/Setup.bootstrap
config.status:1835: creating Modules/Setup.stdlib
config.status:1835: creating Modules/ld_so_aix
config.status:1835: creating pyconfig.h
configure:35800: creating Modules/Setup.local
configure:35807: creating Makefile
configure:35824:

If you want a release build with all stable optimizations active (PGO, etc),
please run ./configure --enable-optimizations


## ---------------- ##
## Cache variables. ##
## ---------------- ##

ac_cv_aligned_required=no
ac_cv_alignof_long=8
ac_cv_alignof_max_align_t=16
ac_cv_alignof_size_t=8
ac_cv_broken_mbstowcs=no
ac_cv_broken_nice=no
ac_cv_broken_poll=no
ac_cv_broken_sem_getvalue=no
ac_cv_broken_unsetenv=no
ac_cv_buggy_getaddrinfo=no
ac_cv_build=x86_64-pc-linux-gnu
ac_cv_builtin_atomic=yes
ac_cv_c_bigendian=no
ac_cv_c_compiler_gnu=yes
ac_cv_c_const=yes
ac_cv_c_undeclared_builtin_options='none needed'
ac_cv_can_raw_fd_frames=yes
ac_cv_can_raw_join_filters=yes
ac_cv_cc_name=gcc
ac_cv_cc_supports_fstrict_overflow=yes
ac_cv_cc_supports_og=yes
ac_cv_compile_o2=yes
ac_cv_computed_gotos=yes
ac_cv_cxx_thread=yes
ac_cv_defined_IPV6_INRIA_VERSION_netinet_in_h=no
ac_cv_defined___GLIBC___features_h=yes
ac_cv_defined___KAME___netinet_in_h=no
ac_cv_device_macros=yes
ac_cv_dirent_d_type=yes
ac_cv_disable_int_conversion_warning=yes
ac_cv_disable_missing_field_initializers_warning=yes
ac_cv_disable_unused_parameter_warning=yes
ac_cv_enable_extra_warning=yes
ac_cv_enable_implicit_function_declaration_error=yes
ac_cv_enable_sign_compare_warning=yes
ac_cv_enable_strict_prototypes_warning=yes
ac_cv_enable_unreachable_code_warning=no
ac_cv_enable_visibility=yes
ac_cv_env_BOLT_APPLY_FLAGS_set=
ac_cv_env_BOLT_APPLY_FLAGS_value=
ac_cv_env_BOLT_COMMON_FLAGS_set=
ac_cv_env_BOLT_COMMON_FLAGS_value=
ac_cv_env_BOLT_INSTRUMENT_FLAGS_set=
ac_cv_env_BOLT_INSTRUMENT_FLAGS_value=
ac_cv_env_BZIP2_CFLAGS_set=
ac_cv_env_BZIP2_CFLAGS_value=
ac_cv_env_BZIP2_LIBS_set=
ac_cv_env_BZIP2_LIBS_value=
ac_cv_env_CC_set=
ac_cv_env_CC_value=
ac_cv_env_CFLAGS_set=
ac_cv_env_CFLAGS_value=
ac_cv_env_CPPFLAGS_set=
ac_cv_env_CPPFLAGS_value=
ac_cv_env_CPP_set=
ac_cv_env_CPP_value=
ac_cv_env_CURSES_CFLAGS_set=
ac_cv_env_CURSES_CFLAGS_value=
ac_cv_env_CURSES_LIBS_set=
ac_cv_env_CURSES_LIBS_value=
ac_cv_env_GDBM_CFLAGS_set=
ac_cv_env_GDBM_CFLAGS_value=
ac_cv_env_GDBM_LIBS_set=
ac_cv_env_GDBM_LIBS_value=
ac_cv_env_LDFLAGS_set=
ac_cv_env_LDFLAGS_value=
ac_cv_env_LIBEDIT_CFLAGS_set=
ac_cv_env_LIBEDIT_CFLAGS_value=
ac_cv_env_LIBEDIT_LIBS_set=
ac_cv_env_LIBEDIT_LIBS_value=
ac_cv_env_LIBFFI_CFLAGS_set=
ac_cv_env_LIBFFI_CFLAGS_value=
ac_cv_env_LIBFFI_LIBS_set=
ac_cv_env_LIBFFI_LIBS_value=
ac_cv_env_LIBLZMA_CFLAGS_set=
ac_cv_env_LIBLZMA_CFLAGS_value=
ac_cv_env_LIBLZMA_LIBS_set=
ac_cv_env_LIBLZMA_LIBS_value=
ac_cv_env_LIBMPDEC_CFLAGS_set=
ac_cv_env_LIBMPDEC_CFLAGS_value=
ac_cv_env_LIBMPDEC_LIBS_set=
ac_cv_env_LIBMPDEC_LIBS_value=
ac_cv_env_LIBREADLINE_CFLAGS_set=
ac_cv_env_LIBREADLINE_CFLAGS_value=
ac_cv_env_LIBREADLINE_LIBS_set=
ac_cv_env_LIBREADLINE_LIBS_value=
ac_cv_env_LIBSQLITE3_CFLAGS_set=
ac_cv_env_LIBSQLITE3_CFLAGS_value=
ac_cv_env_LIBSQLITE3_LIBS_set=
ac_cv_env_LIBSQLITE3_LIBS_value=
ac_cv_env_LIBS_set=
ac_cv_env_LIBS_value=
ac_cv_env_LIBUUID_CFLAGS_set=
ac_cv_env_LIBUUID_CFLAGS_value=
ac_cv_env_LIBUUID_LIBS_set=
ac_cv_env_LIBUUID_LIBS_value=
ac_cv_env_LIBZSTD_CFLAGS_set=
ac_cv_env_LIBZSTD_CFLAGS_value=
ac_cv_env_LIBZSTD_LIBS_set=
ac_cv_env_LIBZSTD_LIBS_value=
ac_cv_env_MACHDEP_set=
ac_cv_env_MACHDEP_value=
ac_cv_env_PANEL_CFLAGS_set=
ac_cv_env_PANEL_CFLAGS_value=
ac_cv_env_PANEL_LIBS_set=
ac_cv_env_PANEL_LIBS_value=
ac_cv_env_PKG_CONFIG_LIBDIR_set=
ac_cv_env_PKG_CONFIG_LIBDIR_value=
ac_cv_env_PKG_CONFIG_PATH_set=set
ac_cv_env_PKG_CONFIG_PATH_value=
ac_cv_env_PKG_CONFIG_set=
ac_cv_env_PKG_CONFIG_value=
ac_cv_env_PROFILE_TASK_set=
ac_cv_env_PROFILE_TASK_value=
ac_cv_env_TCLTK_CFLAGS_set=
ac_cv_env_TCLTK_CFLAGS_value=
ac_cv_env_TCLTK_LIBS_set=
ac_cv_env_TCLTK_LIBS_value=
ac_cv_env_X11_CFLAGS_set=
ac_cv_env_X11_CFLAGS_value=
ac_cv_env_X11_LIBS_set=
ac_cv_env_X11_LIBS_value=
ac_cv_env_ZLIB_CFLAGS_set=
ac_cv_env_ZLIB_CFLAGS_value=
ac_cv_env_ZLIB_LIBS_set=
ac_cv_env_ZLIB_LIBS_value=
ac_cv_env_build_alias_set=
ac_cv_env_build_alias_value=
ac_cv_env_host_alias_set=
ac_cv_env_host_alias_value=
ac_cv_env_target_alias_set=
ac_cv_env_target_alias_value=
ac_cv_ffi_complex_double_supported=no
ac_cv_file__dev_ptc=no
ac_cv_file__dev_ptmx=yes
ac_cv_flock_decl=yes
ac_cv_func___fpu_control=yes
ac_cv_func__dyld_shared_cache_contains_path=no
ac_cv_func__getpty=no
ac_cv_func_accept4=yes
ac_cv_func_accept=yes
ac_cv_func_acosh=yes
ac_cv_func_alarm=yes
ac_cv_func_asinh=yes
ac_cv_func_atanh=yes
ac_cv_func_backtrace=yes
ac_cv_func_bind=yes
ac_cv_func_bind_textdomain_codeset=yes
ac_cv_func_chmod=yes
ac_cv_func_chown=yes
ac_cv_func_chroot=yes
ac_cv_func_clock=yes
ac_cv_func_clock_getres=yes
ac_cv_func_clock_gettime=yes
ac_cv_func_clock_nanosleep=yes
ac_cv_func_clock_settime=yes
ac_cv_func_close_range=no
ac_cv_func_closefrom=no
ac_cv_func_confstr=yes
ac_cv_func_connect=yes
ac_cv_func_copy_file_range=yes
ac_cv_func_ctermid=yes
ac_cv_func_ctermid_r=no
ac_cv_func_dladdr1=yes
ac_cv_func_dladdr=yes
ac_cv_func_dlopen=yes
ac_cv_func_dup2=yes
ac_cv_func_dup3=yes
ac_cv_func_dup=yes
ac_cv_func_epoll_create1=yes
ac_cv_func_epoll_create=yes
ac_cv_func_erf=yes
ac_cv_func_erfc=yes
ac_cv_func_eventfd=yes
ac_cv_func_execv=yes
ac_cv_func_explicit_bzero=yes
ac_cv_func_explicit_memset=no
ac_cv_func_expm1=yes
ac_cv_func_faccessat=yes
ac_cv_func_fchdir=yes
ac_cv_func_fchmod=yes
ac_cv_func_fchmodat=yes
ac_cv_func_fchown=yes
ac_cv_func_fchownat=yes
ac_cv_func_fdatasync=yes
ac_cv_func_fdopendir=yes
ac_cv_func_fdwalk=no
ac_cv_func_fexecve=yes
ac_cv_func_ffi_closure_alloc=yes
ac_cv_func_ffi_prep_cif_var=yes
ac_cv_func_ffi_prep_closure_loc=yes
ac_cv_func_flock=yes
ac_cv_func_fork1=no
ac_cv_func_fork=yes
ac_cv_func_forkpty=yes
ac_cv_func_fpathconf=yes
ac_cv_func_fseek64=no
ac_cv_func_fseeko=yes
ac_cv_func_fstatat=yes
ac_cv_func_fstatvfs=yes
ac_cv_func_fsync=yes
ac_cv_func_ftell64=no
ac_cv_func_ftello=yes
ac_cv_func_ftime=yes
ac_cv_func_ftruncate=yes
ac_cv_func_futimens=yes
ac_cv_func_futimes=yes
ac_cv_func_futimesat=yes
ac_cv_func_gai_strerror=yes
ac_cv_func_getaddrinfo=yes
ac_cv_func_getegid=yes
ac_cv_func_getentropy=yes
ac_cv_func_geteuid=yes
ac_cv_func_getgid=yes
ac_cv_func_getgrent=yes
ac_cv_func_getgrgid=yes
ac_cv_func_getgrgid_r=yes
ac_cv_func_getgrnam_r=yes
ac_cv_func_getgrouplist=yes
ac_cv_func_getgroups=yes
ac_cv_func_gethostbyaddr=yes
ac_cv_func_gethostbyname=yes
ac_cv_func_gethostbyname_r=yes
ac_cv_func_gethostname=yes
ac_cv_func_getitimer=yes
ac_cv_func_getloadavg=yes
ac_cv_func_getlogin=yes
ac_cv_func_getlogin_r=yes
ac_cv_func_getnameinfo=yes
ac_cv_func_getpagesize=yes
ac_cv_func_getpeername=yes
ac_cv_func_getpgid=yes
ac_cv_func_getpgrp=yes
ac_cv_func_getpid=yes
ac_cv_func_getppid=yes
ac_cv_func_getpriority=yes
ac_cv_func_getprotobyname=yes
ac_cv_func_getpwent=yes
ac_cv_func_getpwnam_r=yes
ac_cv_func_getpwuid=yes
ac_cv_func_getpwuid_r=yes
ac_cv_func_getrandom=yes
ac_cv_func_getresgid=yes
ac_cv_func_getresuid=yes
ac_cv_func_getrusage=yes
ac_cv_func_getservbyname=yes
ac_cv_func_getservbyport=yes
ac_cv_func_getsid=yes
ac_cv_func_getsockname=yes
ac_cv_func_getspent=yes
ac_cv_func_getspnam=yes
ac_cv_func_getuid=yes
ac_cv_func_getwd=yes
ac_cv_func_grantpt=yes
ac_cv_func_hstrerror=yes
ac_cv_func_if_nameindex=yes
ac_cv_func_inet_aton=yes
ac_cv_func_inet_ntoa=yes
ac_cv_func_inet_pton=yes
ac_cv_func_initgroups=yes
ac_cv_func_kill=yes
ac_cv_func_killpg=yes
ac_cv_func_kqueue=no
ac_cv_func_lchown=yes
ac_cv_func_le64toh=yes
ac_cv_func_link=yes
ac_cv_func_linkat=yes
ac_cv_func_listen=yes
ac_cv_func_lockf=yes
ac_cv_func_log1p=yes
ac_cv_func_log2=yes
ac_cv_func_lstat=yes
ac_cv_func_lutimes=yes
ac_cv_func_madvise=yes
ac_cv_func_makedev=yes
ac_cv_func_mbrtowc=yes
ac_cv_func_memfd_create=yes
ac_cv_func_memrchr=yes
ac_cv_func_mkdirat=yes
ac_cv_func_mkfifo=yes
ac_cv_func_mkfifoat=yes
ac_cv_func_mknod=yes
ac_cv_func_mknodat=yes
ac_cv_func_mktime=yes
ac_cv_func_mmap=yes
ac_cv_func_mremap=yes
ac_cv_func_nanosleep=yes
ac_cv_func_nice=yes
ac_cv_func_openat=yes
ac_cv_func_opendir=yes
ac_cv_func_openpty=no
ac_cv_func_pathconf=yes
ac_cv_func_pause=yes
ac_cv_func_pipe2=yes
ac_cv_func_pipe=yes
ac_cv_func_plock=no
ac_cv_func_poll=yes
ac_cv_func_posix_fadvise=yes
ac_cv_func_posix_fallocate=yes
ac_cv_func_posix_openpt=yes
ac_cv_func_posix_spawn=yes
ac_cv_func_posix_spawn_file_actions_addclosefrom_np=no
ac_cv_func_posix_spawnp=yes
ac_cv_func_pread=yes
ac_cv_func_preadv2=yes
ac_cv_func_preadv=yes
ac_cv_func_prlimit=yes
ac_cv_func_process_vm_readv=yes
ac_cv_func_pthread_cond_timedwait_relative_np=no
ac_cv_func_pthread_condattr_setclock=yes
ac_cv_func_pthread_get_name_np=no
ac_cv_func_pthread_getattr_np=yes
ac_cv_func_pthread_getcpuclockid=yes
ac_cv_func_pthread_getname_np=yes
ac_cv_func_pthread_init=no
ac_cv_func_pthread_kill=yes
ac_cv_func_pthread_set_name_np=no
ac_cv_func_pthread_setname_np=yes
ac_cv_func_pthread_sigmask=yes
ac_cv_func_ptsname=yes
ac_cv_func_ptsname_r=yes
ac_cv_func_pwrite=yes
ac_cv_func_pwritev2=yes
ac_cv_func_pwritev=yes
ac_cv_func_readlink=yes
ac_cv_func_readlinkat=yes
ac_cv_func_readv=yes
ac_cv_func_realpath=yes
ac_cv_func_recvfrom=yes
ac_cv_func_renameat=yes
ac_cv_func_rtpSpawn=no
ac_cv_func_sched_get_priority_max=yes
ac_cv_func_sched_rr_get_interval=yes
ac_cv_func_sched_setaffinity=yes
ac_cv_func_sched_setparam=yes
ac_cv_func_sched_setscheduler=yes
ac_cv_func_sem_clockwait=yes
ac_cv_func_sem_getvalue=yes
ac_cv_func_sem_open=yes
ac_cv_func_sem_timedwait=yes
ac_cv_func_sem_unlink=yes
ac_cv_func_sendfile=yes
ac_cv_func_sendto=yes
ac_cv_func_setegid=yes
ac_cv_func_seteuid=yes
ac_cv_func_setgid=yes
ac_cv_func_setgroups=yes
ac_cv_func_sethostname=yes
ac_cv_func_setitimer=yes
ac_cv_func_setlocale=yes
ac_cv_func_setns=yes
ac_cv_func_setpgid=yes
ac_cv_func_setpgrp=yes
ac_cv_func_setpriority=yes
ac_cv_func_setregid=yes
ac_cv_func_setresgid=yes
ac_cv_func_setresuid=yes
ac_cv_func_setreuid=yes
ac_cv_func_setsid=yes
ac_cv_func_setsockopt=yes
ac_cv_func_setuid=yes
ac_cv_func_setvbuf=yes
ac_cv_func_shm_open=yes
ac_cv_func_shm_unlink=yes
ac_cv_func_shutdown=yes
ac_cv_func_sigaction=yes
ac_cv_func_sigaltstack=yes
ac_cv_func_sigfillset=yes
ac_cv_func_siginterrupt=yes
ac_cv_func_sigpending=yes
ac_cv_func_sigrelse=yes
ac_cv_func_sigtimedwait=yes
ac_cv_func_sigwait=yes
ac_cv_func_sigwaitinfo=yes
ac_cv_func_snprintf=yes
ac_cv_func_socket=yes
ac_cv_func_socketpair=yes
ac_cv_func_splice=yes
ac_cv_func_statvfs=yes
ac_cv_func_strftime=yes
ac_cv_func_strlcpy=no
ac_cv_func_strsignal=yes
ac_cv_func_symlink=yes
ac_cv_func_symlinkat=yes
ac_cv_func_sync=yes
ac_cv_func_sysconf=yes
ac_cv_func_system=yes
ac_cv_func_tcgetpgrp=yes
ac_cv_func_tcsetpgrp=yes
ac_cv_func_tempnam=yes
ac_cv_func_timegm=yes
ac_cv_func_timerfd_create=yes
ac_cv_func_times=yes
ac_cv_func_tmpfile=yes
ac_cv_func_tmpnam=yes
ac_cv_func_tmpnam_r=yes
ac_cv_func_truncate=yes
ac_cv_func_ttyname_r=yes
ac_cv_func_umask=yes
ac_cv_func_uname=yes
ac_cv_func_unlinkat=yes
ac_cv_func_unlockpt=yes
ac_cv_func_unshare=yes
ac_cv_func_utimensat=yes
ac_cv_func_utimes=yes
ac_cv_func_vfork=yes
ac_cv_func_wait3=yes
ac_cv_func_wait4=yes
ac_cv_func_wait=yes
ac_cv_func_waitid=yes
ac_cv_func_waitpid=yes
ac_cv_func_wcscoll=yes
ac_cv_func_wcsftime=yes
ac_cv_func_wcsxfrm=yes
ac_cv_func_wmemcmp=yes
ac_cv_func_writev=yes
ac_cv_function_prototypes=yes
ac_cv_gcc_asm_for_mc68881=no
ac_cv_gcc_asm_for_x64=yes
ac_cv_gcc_asm_for_x87=yes
ac_cv_gcc_compat=yes
ac_cv_getrandom_syscall=yes
ac_cv_have_chflags=no
ac_cv_have_decl_MAXLOGNAME=no
ac_cv_have_decl_RTLD_DEEPBIND=yes
ac_cv_have_decl_RTLD_GLOBAL=yes
ac_cv_have_decl_RTLD_LAZY=yes
ac_cv_have_decl_RTLD_LOCAL=yes
ac_cv_have_decl_RTLD_MEMBER=no
ac_cv_have_decl_RTLD_NODELETE=yes
ac_cv_have_decl_RTLD_NOLOAD=yes
ac_cv_have_decl_RTLD_NOW=yes
ac_cv_have_decl_UT_NAMESIZE=yes
ac_cv_have_decl_dirfd=yes
ac_cv_have_getc_unlocked=yes
ac_cv_have_lchflags=no
ac_cv_have_pthread_t=yes
ac_cv_have_uuid_generate_time_safe=yes
ac_cv_have_uuid_h=yes
ac_cv_header_alloca_h=yes
ac_cv_header_asm_types_h=yes
ac_cv_header_bluetooth_bluetooth_h=no
ac_cv_header_bluetooth_h=no
ac_cv_header_bzlib_h=no
ac_cv_header_conio_h=no
ac_cv_header_curses_h=yes
ac_cv_header_db_h=no
ac_cv_header_direct_h=no
ac_cv_header_dirent_dirent_h=yes
ac_cv_header_dlfcn_h=yes
ac_cv_header_endian_h=yes
ac_cv_header_errno_h=yes
ac_cv_header_execinfo_h=yes
ac_cv_header_fcntl_h=yes
ac_cv_header_gdbm_dash_ndbm_h=no
ac_cv_header_gdbm_h=no
ac_cv_header_gdbm_slash_ndbm_h=no
ac_cv_header_grp_h=yes
ac_cv_header_inttypes_h=yes
ac_cv_header_io_h=no
ac_cv_header_langinfo_h=yes
ac_cv_header_libintl_h=yes
ac_cv_header_libutil_h=no
ac_cv_header_link_h=yes
ac_cv_header_linux_auxvec_h=yes
ac_cv_header_linux_can_bcm_h=yes
ac_cv_header_linux_can_h=yes
ac_cv_header_linux_can_j1939_h=yes
ac_cv_header_linux_can_raw_h=yes
ac_cv_header_linux_fs_h=yes
ac_cv_header_linux_limits_h=yes
ac_cv_header_linux_memfd_h=yes
ac_cv_header_linux_netfilter_ipv4_h=yes
ac_cv_header_linux_netlink_h=yes
ac_cv_header_linux_qrtr_h=yes
ac_cv_header_linux_random_h=yes
ac_cv_header_linux_sched_h=yes
ac_cv_header_linux_soundcard_h=yes
ac_cv_header_linux_tipc_h=yes
ac_cv_header_linux_vm_sockets_h=yes
ac_cv_header_linux_wait_h=yes
ac_cv_header_minix_config_h=no
ac_cv_header_ncurses_curses_h=yes
ac_cv_header_ncurses_h=yes
ac_cv_header_ncurses_ncurses_h=yes
ac_cv_header_ncurses_panel_h=yes
ac_cv_header_ncursesw_curses_h=yes
ac_cv_header_ncursesw_ncurses_h=yes
ac_cv_header_ncursesw_panel_h=yes
ac_cv_header_ndbm_h=no
ac_cv_header_net_ethernet_h=yes
ac_cv_header_net_if_h=yes
ac_cv_header_netcan_can_h=no
ac_cv_header_netdb_h=yes
ac_cv_header_netinet_in_h=yes
ac_cv_header_netlink_netlink_h=no
ac_cv_header_netpacket_packet_h=yes
ac_cv_header_panel_h=yes
ac_cv_header_poll_h=yes
ac_cv_header_process_h=no
ac_cv_header_pthread_h=yes
ac_cv_header_pty_h=yes
ac_cv_header_readline_readline_h=no
ac_cv_header_sched_h=yes
ac_cv_header_setjmp_h=yes
ac_cv_header_shadow_h=yes
ac_cv_header_signal_h=yes
ac_cv_header_spawn_h=yes
ac_cv_header_sqlite3_h=yes
ac_cv_header_stdatomic_h=yes
ac_cv_header_stdint_h=yes
ac_cv_header_stdio_h=yes
ac_cv_header_stdlib_h=yes
ac_cv_header_string_h=yes
ac_cv_header_strings_h=yes
ac_cv_header_stropts_h=no
ac_cv_header_sys_audioio_h=no
ac_cv_header_sys_auxv_h=yes
ac_cv_header_sys_bsdtty_h=no
ac_cv_header_sys_devpoll_h=no
ac_cv_header_sys_endian_h=no
ac_cv_header_sys_epoll_h=yes
ac_cv_header_sys_event_h=no
ac_cv_header_sys_eventfd_h=yes
ac_cv_header_sys_file_h=yes
ac_cv_header_sys_ioctl_h=yes
ac_cv_header_sys_kern_control_h=no
ac_cv_header_sys_loadavg_h=no
ac_cv_header_sys_lock_h=no
ac_cv_header_sys_memfd_h=no
ac_cv_header_sys_mkdev_h=no
ac_cv_header_sys_mman_h=yes
ac_cv_header_sys_modem_h=no
ac_cv_header_sys_param_h=yes
ac_cv_header_sys_pidfd_h=no
ac_cv_header_sys_poll_h=yes
ac_cv_header_sys_random_h=yes
ac_cv_header_sys_resource_h=yes
ac_cv_header_sys_select_h=yes
ac_cv_header_sys_sendfile_h=yes
ac_cv_header_sys_socket_h=yes
ac_cv_header_sys_soundcard_h=yes
ac_cv_header_sys_stat_h=yes
ac_cv_header_sys_statvfs_h=yes
ac_cv_header_sys_sys_domain_h=no
ac_cv_header_sys_syscall_h=yes
ac_cv_header_sys_sysmacros_h=yes
ac_cv_header_sys_termio_h=no
ac_cv_header_sys_time_h=yes
ac_cv_header_sys_timerfd_h=yes
ac_cv_header_sys_times_h=yes
ac_cv_header_sys_types_h=yes
ac_cv_header_sys_uio_h=yes
ac_cv_header_sys_un_h=yes
ac_cv_header_sys_utsname_h=yes
ac_cv_header_sys_wait_h=yes
ac_cv_header_sys_xattr_h=yes
ac_cv_header_sysexits_h=yes
ac_cv_header_syslog_h=yes
ac_cv_header_term_h=yes
ac_cv_header_termios_h=yes
ac_cv_header_time_altzone=no
ac_cv_header_unistd_h=yes
ac_cv_header_util_h=no
ac_cv_header_utime_h=yes
ac_cv_header_utmp_h=yes
ac_cv_header_uuid_h=no
ac_cv_header_wchar_h=yes
ac_cv_host=x86_64-pc-linux-gnu
ac_cv_kpthread=no
ac_cv_kthread=no
ac_cv_lib_c_hstrerror=yes
ac_cv_lib_c_inet_aton=yes
ac_cv_lib_curses_filter=yes
ac_cv_lib_curses_has_key=yes
ac_cv_lib_curses_immedok=yes
ac_cv_lib_curses_is_pad=yes
ac_cv_lib_curses_is_term_resized=yes
ac_cv_lib_curses_resize_term=yes
ac_cv_lib_curses_resizeterm=yes
ac_cv_lib_curses_syncok=yes
ac_cv_lib_curses_typeahead=yes
ac_cv_lib_curses_use_env=yes
ac_cv_lib_curses_wchgat=yes
ac_cv_lib_dl_dlopen=yes
ac_cv_lib_dld_shl_load=no
ac_cv_lib_intl_textdomain=no
ac_cv_lib_nsl_t_open=no
ac_cv_lib_sendfile_sendfile=no
ac_cv_lib_socket_socket=no
ac_cv_lib_sqlite3_sqlite3_bind_double=yes
ac_cv_lib_sqlite3_sqlite3_column_decltype=yes
ac_cv_lib_sqlite3_sqlite3_column_double=yes
ac_cv_lib_sqlite3_sqlite3_complete=yes
ac_cv_lib_sqlite3_sqlite3_load_extension=yes
ac_cv_lib_sqlite3_sqlite3_progress_handler=yes
ac_cv_lib_sqlite3_sqlite3_result_double=yes
ac_cv_lib_sqlite3_sqlite3_serialize=yes
ac_cv_lib_sqlite3_sqlite3_set_authorizer=yes
ac_cv_lib_sqlite3_sqlite3_trace_v2=yes
ac_cv_lib_sqlite3_sqlite3_value_double=yes
ac_cv_lib_util_openpty=yes
ac_cv_libatomic_needed=no
ac_cv_member_siginfo_t_si_band=yes
ac_cv_member_struct_passwd_pw_gecos=yes
ac_cv_member_struct_passwd_pw_passwd=yes
ac_cv_member_struct_stat_st_birthtime=no
ac_cv_member_struct_stat_st_blksize=yes
ac_cv_member_struct_stat_st_blocks=yes
ac_cv_member_struct_stat_st_flags=no
ac_cv_member_struct_stat_st_gen=no
ac_cv_member_struct_stat_st_rdev=yes
ac_cv_member_struct_tm_tm_zone=yes
ac_cv_mvwdelch_is_expression=yes
ac_cv_no_strict_aliasing=no
ac_cv_objext=o
ac_cv_path_EGREP='/usr/bin/grep -E'
ac_cv_path_EGREP_TRADITIONAL='/usr/bin/grep -E'
ac_cv_path_GREP=/usr/bin/grep
ac_cv_path_SED=/usr/bin/sed
ac_cv_path_ac_pt_PKG_CONFIG=/home/villarias/miniconda3/envs/jayraldines_tablet/bin/pkg-config
ac_cv_path_install='/usr/bin/install -c'
ac_cv_path_mkdir=/usr/bin/mkdir
ac_cv_posix_semaphores_enabled=yes
ac_cv_prog_CPP='gcc -E'
ac_cv_prog_PYTHON_FOR_REGEN=python3.13
ac_cv_prog_TRUE=true
ac_cv_prog_ac_ct_AR=ar
ac_cv_prog_ac_ct_CC=gcc
ac_cv_prog_ac_ct_PKG_CONFIG=/home/villarias/miniconda3/envs/jayraldines_tablet/bin/pkg-config
ac_cv_prog_cc_c11=
ac_cv_prog_cc_g=yes
ac_cv_prog_cc_stdc=
ac_cv_pthread=yes
ac_cv_pthread_is_default=no
ac_cv_pthread_key_t_is_arithmetic_type=yes
ac_cv_pthread_system_supported=yes
ac_cv_require_ldl=yes
ac_cv_rshift_extends_sign=yes
ac_cv_safe_to_define___extensions__=yes
ac_cv_search_initscr='none required'
ac_cv_search_login_tty='none required'
ac_cv_search_opendir='none required'
ac_cv_search_sem_init=-lpthread
ac_cv_search_shm_open=-lrt
ac_cv_search_update_panels='none required'
ac_cv_should_define__xopen_source=no
ac_cv_sizeof__Bool=1
ac_cv_sizeof_double=8
ac_cv_sizeof_float=4
ac_cv_sizeof_fpos_t=16
ac_cv_sizeof_int=4
ac_cv_sizeof_long=8
ac_cv_sizeof_long_double=16
ac_cv_sizeof_long_long=8
ac_cv_sizeof_off_t=8
ac_cv_sizeof_pid_t=4
ac_cv_sizeof_pthread_key_t=4
ac_cv_sizeof_pthread_t=8
ac_cv_sizeof_short=2
ac_cv_sizeof_size_t=8
ac_cv_sizeof_time_t=8
ac_cv_sizeof_uintptr_t=8
ac_cv_sizeof_void_p=8
ac_cv_sizeof_wchar_t=4
ac_cv_stat_tv_nsec2=no
ac_cv_stat_tv_nsec=yes
ac_cv_struct_addrinfo=yes
ac_cv_struct_sockaddr_alg=yes
ac_cv_struct_sockaddr_sa_len=no
ac_cv_struct_sockaddr_storage=yes
ac_cv_struct_tm=time.h
ac_cv_type___uint128_t=yes
ac_cv_type_clock_t=yes
ac_cv_type_gid_t=yes
ac_cv_type_long_double=yes
ac_cv_type_mode_t=yes
ac_cv_type_off_t=yes
ac_cv_type_pid_t=yes
ac_cv_type_size_t=yes
ac_cv_type_socklen_t=yes
ac_cv_type_ssize_t=yes
ac_cv_type_uid_t=yes
ac_cv_wchar_t_signed=yes
ac_cv_window_has_flags=no
ac_cv_wl_no_as_needed=yes
ac_cv_working_openssl_hashlib=yes
ac_cv_working_openssl_ssl=yes
ac_cv_working_signed_char_c=yes
ac_cv_working_tzset=yes
ac_cv_x87_double_rounding=no
ax_cv_c_float_words_bigendian=no
ax_cv_check_cflags__Werror__mavx2=yes
ax_cv_check_cflags__Werror__msse__msse2__msse3__msse4_1__msse4_2=yes
pkg_cv_CURSES_CFLAGS='-D_GNU_SOURCE -DNCURSES_WIDECHAR -I/home/villarias/miniconda3/include/ncursesw -I/home/villarias/miniconda3/include'
pkg_cv_CURSES_LIBS='-L/home/villarias/miniconda3/lib -Wl,-O2 -Wl,--sort-common -Wl,--disable-new-dtags -Wl,--gc-sections -Wl,-rpath,/home/villarias/miniconda3/lib -Wl,-rpath-link,/home/villarias/miniconda3/lib -lncursesw -ltinfow'
pkg_cv_LIBFFI_CFLAGS=-I/home/villarias/miniconda3/include
pkg_cv_LIBFFI_LIBS='-L/home/villarias/miniconda3/lib -lffi'
pkg_cv_LIBLZMA_CFLAGS=-I/home/villarias/miniconda3/include
pkg_cv_LIBLZMA_LIBS='-L/home/villarias/miniconda3/lib -llzma'
pkg_cv_LIBSQLITE3_CFLAGS=-I/home/villarias/miniconda3/include
pkg_cv_LIBSQLITE3_LIBS='-L/home/villarias/miniconda3/lib -lsqlite3'
pkg_cv_LIBUUID_CFLAGS=-I/home/villarias/miniconda3/include/uuid
pkg_cv_LIBUUID_LIBS='-L/home/villarias/miniconda3/lib -luuid'
pkg_cv_LIBZSTD_CFLAGS=-I/home/villarias/miniconda3/include
pkg_cv_LIBZSTD_LIBS='-L/home/villarias/miniconda3/lib -lzstd'
pkg_cv_PANEL_CFLAGS='-D_GNU_SOURCE -DNCURSES_WIDECHAR -D_GNU_SOURCE -DNCURSES_WIDECHAR -I/home/villarias/miniconda3/include/ncursesw -I/home/villarias/miniconda3/include -I/home/villarias/miniconda3/include/ncursesw -I/home/villarias/miniconda3/include'
pkg_cv_PANEL_LIBS='-L/home/villarias/miniconda3/lib -Wl,-O2 -Wl,--sort-common -Wl,--disable-new-dtags -Wl,--gc-sections -Wl,-rpath,/home/villarias/miniconda3/lib -Wl,-rpath-link,/home/villarias/miniconda3/lib -lpanelw'
pkg_cv_TCLTK_CFLAGS=-I/home/villarias/miniconda3/include
pkg_cv_TCLTK_LIBS='-L/home/villarias/miniconda3/lib -ltk8.6 -ltkstub8.6 -ltcl8.6 -ltclstub8.6'
pkg_cv_ZLIB_CFLAGS=-I/home/villarias/miniconda3/include
pkg_cv_ZLIB_LIBS='-L/home/villarias/miniconda3/lib -lz'
py_cv_module__asyncio=yes
py_cv_module__bisect=yes
py_cv_module__blake2=yes
py_cv_module__bz2=missing
py_cv_module__codecs_cn=yes
py_cv_module__codecs_hk=yes
py_cv_module__codecs_iso2022=yes
py_cv_module__codecs_jp=yes
py_cv_module__codecs_kr=yes
py_cv_module__codecs_tw=yes
py_cv_module__csv=yes
py_cv_module__ctypes=yes
py_cv_module__ctypes_test=yes
py_cv_module__curses=yes
py_cv_module__curses_panel=yes
py_cv_module__datetime=yes
py_cv_module__dbm=missing
py_cv_module__decimal=yes
py_cv_module__elementtree=yes
py_cv_module__gdbm=missing
py_cv_module__hashlib=yes
py_cv_module__heapq=yes
py_cv_module__hmac=yes
py_cv_module__interpchannels=yes
py_cv_module__interpqueues=yes
py_cv_module__interpreters=yes
py_cv_module__io=yes
py_cv_module__json=yes
py_cv_module__lsprof=yes
py_cv_module__lzma=yes
py_cv_module__md5=yes
py_cv_module__multibytecodec=yes
py_cv_module__multiprocessing=yes
py_cv_module__pickle=yes
py_cv_module__posixshmem=yes
py_cv_module__posixsubprocess=yes
py_cv_module__queue=yes
py_cv_module__random=yes
py_cv_module__remote_debugging=yes
py_cv_module__scproxy=n/a
py_cv_module__sha1=yes
py_cv_module__sha2=yes
py_cv_module__sha3=yes
py_cv_module__socket=yes
py_cv_module__sqlite3=yes
py_cv_module__ssl=yes
py_cv_module__statistics=yes
py_cv_module__struct=yes
py_cv_module__testbuffer=yes
py_cv_module__testcapi=yes
py_cv_module__testclinic=yes
py_cv_module__testclinic_limited=yes
py_cv_module__testimportmultiple=yes
py_cv_module__testinternalcapi=yes
py_cv_module__testlimitedcapi=yes
py_cv_module__testmultiphase=yes
py_cv_module__testsinglephase=yes
py_cv_module__tkinter=yes
py_cv_module__types=yes
py_cv_module__typing=yes
py_cv_module__uuid=yes
py_cv_module__xxtestfuzz=yes
py_cv_module__zoneinfo=yes
py_cv_module__zstd=yes
py_cv_module_array=yes
py_cv_module_binascii=yes
py_cv_module_cmath=yes
py_cv_module_fcntl=yes
py_cv_module_grp=yes
py_cv_module_math=yes
py_cv_module_mmap=yes
py_cv_module_pwd=yes
py_cv_module_pyexpat=yes
py_cv_module_readline=missing
py_cv_module_resource=yes
py_cv_module_select=yes
py_cv_module_syslog=yes
py_cv_module_termios=yes
py_cv_module_time=yes
py_cv_module_unicodedata=yes
py_cv_module_xxlimited=yes
py_cv_module_xxlimited_35=yes
py_cv_module_xxsubtype=yes
py_cv_module_zlib=yes

## ----------------- ##
## Output variables. ##
## ----------------- ##



'
ABIFLAGS=''
ABI_THREAD=''
ALT_SOABI=''
APP_STORE_COMPLIANCE_PATCH=''
AR='ar'
ARCH_RUN_32BIT=''
ARFLAGS='rcs'
BASECFLAGS=' -fno-strict-overflow -Wsign-compare'
BASECPPFLAGS='-IObjects -IInclude -IPython'
BINLIBDEST='$(LIBDIR)/python$(VERSION)$(ABI_THREAD)'
BLDLIBRARY='$(LDLIBRARY)'
BLDSHARED='$(CC) -shared'
BOLT_APPLY_FLAGS='  -update-debug-sections -skip-funcs=_PyEval_EvalFrameDefault,sre_ucs1_match/1,sre_ucs2_match/1,sre_ucs4_match/1  -reorder-blocks=ext-tsp -reorder-functions=cdsort -split-functions -icf=1 -inline-all -split-eh -reorder-functions-use-hot-size -peepholes=none -jump-tables=aggressive -inline-ap -indirect-call-promotion=all -dyno-stats -use-gnu-stack -frame-opt=hot '
BOLT_BINARIES='$(BUILDPYTHON)'
BOLT_COMMON_FLAGS=' -update-debug-sections -skip-funcs=_PyEval_EvalFrameDefault,sre_ucs1_match/1,sre_ucs2_match/1,sre_ucs4_match/1 '
BOLT_INSTRUMENT_FLAGS=' -update-debug-sections -skip-funcs=_PyEval_EvalFrameDefault,sre_ucs1_match/1,sre_ucs2_match/1,sre_ucs4_match/1 '
BUILDEXEEXT=''
BZIP2_CFLAGS=''
BZIP2_LIBS=''
CC='gcc -pthread'
CCSHARED='-fPIC'
CFLAGS=''
CFLAGSFORSHARED=''
CFLAGS_ALIASING='-fno-strict-aliasing'
CFLAGS_NODIST=' -std=c11 -Wextra -Wno-unused-parameter -Wno-missing-field-initializers -Wstrict-prototypes -Werror=implicit-function-declaration -fvisibility=hidden'
CONFIGURE_MACOSX_DEPLOYMENT_TARGET=''
CONFIG_ARGS=' '\''--prefix'\'' '\''/home/villarias/Projects/jayraldinescateringsystem/Tablet/.buildozer/android/platform/build-arm64-v8a/build/other_builds/hostpython3/desktop/hostpython3/native-build/root/usr/local/'\'' '\''PKG_CONFIG_PATH='\'''
CPP='gcc -E'
CPPFLAGS=''
CURSES_CFLAGS='-D_GNU_SOURCE -DNCURSES_WIDECHAR -I/home/villarias/miniconda3/include/ncursesw -I/home/villarias/miniconda3/include'
CURSES_LIBS='-L/home/villarias/miniconda3/lib -Wl,-O2 -Wl,--sort-common -Wl,--disable-new-dtags -Wl,--gc-sections -Wl,-rpath,/home/villarias/miniconda3/lib -Wl,-rpath-link,/home/villarias/miniconda3/lib -lncursesw -ltinfow'
CXX='g++ -pthread'
DEFS='-DHAVE_CONFIG_H'
DEF_MAKE_ALL_RULE='build_all'
DEF_MAKE_RULE='all'
DFLAGS=''
DLINCLDIR='.'
DLLLIBRARY=''
DSYMUTIL=''
DSYMUTIL_PATH=''
DTRACE=''
DTRACE_HEADERS=''
DTRACE_OBJS=''
DYNLOADFILE='dynload_shlib.o'
ECHO_C=''
ECHO_N='-n'
ECHO_T=''
EGREP='/usr/bin/grep -E'
ENSUREPIP='upgrade'
EXEEXT=''
EXPORTSFROM=''
EXPORTSYMS=''
EXPORT_MACOSX_DEPLOYMENT_TARGET='#'
EXT_SUFFIX='.cpython-314-x86_64-linux-gnu.so'
FRAMEWORKALTINSTALLFIRST=''
FRAMEWORKALTINSTALLLAST=''
FRAMEWORKINSTALLAPPSPREFIX=''
FRAMEWORKINSTALLFIRST=''
FRAMEWORKINSTALLLAST=''
FRAMEWORKPYTHONW=''
FRAMEWORKUNIXTOOLSPREFIX='/home/villarias/Projects/jayraldinescateringsystem/Tablet/.buildozer/android/platform/build-arm64-v8a/build/other_builds/hostpython3/desktop/hostpython3/native-build/root/usr/local'
FREEZE_MODULE='$(PYTHON_FOR_FREEZE) $(srcdir)/Programs/_freeze_module.py'
FREEZE_MODULE_BOOTSTRAP='./Programs/_freeze_module'
FREEZE_MODULE_BOOTSTRAP_DEPS='Programs/_freeze_module'
FREEZE_MODULE_DEPS='_bootstrap_python $(srcdir)/Programs/_freeze_module.py'
GDBM_CFLAGS=''
GDBM_LIBS=''
GITBRANCH=''
GITTAG=''
GITVERSION=''
GNULD='yes'
GREP='/usr/bin/grep'
HAS_GIT='no-repository'
HAS_XCRUN=''
HAVE_GETHOSTBYNAME=''
HAVE_GETHOSTBYNAME_R=''
HAVE_GETHOSTBYNAME_R_3_ARG=''
HAVE_GETHOSTBYNAME_R_5_ARG=''
HAVE_GETHOSTBYNAME_R_6_ARG=''
HOSTRUNNER=''
INSTALLTARGETS='commoninstall bininstall maninstall'
INSTALL_DATA='${INSTALL} -m 644'
INSTALL_MIMALLOC='yes'
INSTALL_PROGRAM='${INSTALL}'
INSTALL_SCRIPT='${INSTALL}'
INSTSONAME='$(LDLIBRARY)'
IPHONEOS_DEPLOYMENT_TARGET=''
JIT_STENCILS_H=''
LDCXXSHARED='$(CXX) -shared'
LDFLAGS=''
LDFLAGS_NODIST=''
LDFLAGS_NOLTO=''
LDLIBRARY='libpython$(VERSION)$(ABIFLAGS).a'
LDLIBRARYDIR=''
LDSHARED='$(CC) -shared'
LDVERSION='$(VERSION)$(ABIFLAGS)'
LIBC=''
LIBEDIT_CFLAGS=''
LIBEDIT_LIBS=''
LIBEXPAT_CFLAGS='-I$(srcdir)/Modules/expat'
LIBEXPAT_INTERNAL='$(LIBEXPAT_HEADERS) $(LIBEXPAT_A)'
LIBFFI_CFLAGS='-I/home/villarias/miniconda3/include'
LIBFFI_LIBS='-L/home/villarias/miniconda3/lib -lffi -ldl'
LIBHACL_BLAKE2_SIMD128_OBJS='Modules/_hacl/Hacl_Hash_Blake2s_Simd128.o'
LIBHACL_BLAKE2_SIMD256_OBJS='Modules/_hacl/Hacl_Hash_Blake2b_Simd256.o'
LIBHACL_CFLAGS='-I$(srcdir)/Modules/_hacl -I$(srcdir)/Modules/_hacl/include -D_BSD_SOURCE -D_DEFAULT_SOURCE $(PY_STDMODULE_CFLAGS) $(CCSHARED)'
LIBHACL_LDEPS_LIBTYPE='SHARED'
LIBHACL_LDFLAGS=''
LIBHACL_SIMD128_FLAGS='-msse -msse2 -msse3 -msse4.1 -msse4.2'
LIBHACL_SIMD256_FLAGS='-mavx2'
LIBLZMA_CFLAGS='-I/home/villarias/miniconda3/include'
LIBLZMA_LIBS='-L/home/villarias/miniconda3/lib -llzma'
LIBM='-lm'
LIBMPDEC_CFLAGS='-I$(srcdir)/Modules/_decimal/libmpdec -DCONFIG_64=1 -DANSI=1 -DHAVE_UINT128_T=1'
LIBMPDEC_INTERNAL='$(LIBMPDEC_HEADERS) $(LIBMPDEC_A)'
LIBMPDEC_LIBS='-lm $(LIBMPDEC_A)'
LIBOBJS=''
LIBPL='$(prefix)/lib/python3.14/config-$(VERSION)$(ABIFLAGS)-x86_64-linux-gnu'
LIBPYTHON=''
LIBRARY='libpython$(VERSION)$(ABIFLAGS).a'
LIBRARY_DEPS='$(LIBRARY) $(PY3LIBRARY) $(EXPORTSYMS)'
LIBREADLINE_CFLAGS=''
LIBREADLINE_LIBS=''
LIBS='-lpthread -ldl  -lutil'
LIBSQLITE3_CFLAGS='-I/home/villarias/miniconda3/include -I$(srcdir)/Modules/_sqlite'
LIBSQLITE3_LIBS='-L/home/villarias/miniconda3/lib -lsqlite3'
LIBUUID_CFLAGS='-I/home/villarias/miniconda3/include/uuid'
LIBUUID_LIBS='-L/home/villarias/miniconda3/lib -luuid'
LIBZSTD_CFLAGS='-I/home/villarias/miniconda3/include'
LIBZSTD_LIBS='-L/home/villarias/miniconda3/lib -lzstd'
LINKCC='$(PURIFY) $(CC)'
LINKFORSHARED='-Xlinker -export-dynamic'
LINK_PYTHON_DEPS='$(LIBRARY_DEPS)'
LINK_PYTHON_OBJS='$(LIBRARY_OBJS)'
LIPO_32BIT_FLAGS=''
LIPO_INTEL64_FLAGS=''
LLVM_AR=''
LLVM_AR_FOUND=''
LLVM_BOLT=''
LLVM_PROFDATA=''\'''\'''
LLVM_PROF_ERR='no'
LLVM_PROF_FILE=''
LLVM_PROF_FOUND='not-found'
LLVM_PROF_MERGER='true'
LN='ln'
LTLIBOBJS=''
MACHDEP='linux'
MACHDEP_OBJS=''
MERGE_FDATA=''
MIMALLOC_HEADERS='$(MIMALLOC_HEADERS)'
MKDIR_P='/usr/bin/mkdir -p'
MODULE_ARRAY_FALSE='#'
MODULE_ARRAY_STATE=yes
MODULE_ARRAY_TRUE=''
MODULE_BINASCII_CFLAGS=-DUSE_ZLIB_CRC32 -I/home/villarias/miniconda3/include
MODULE_BINASCII_FALSE='#'
MODULE_BINASCII_LDFLAGS=-L/home/villarias/miniconda3/lib -lz
MODULE_BINASCII_STATE=yes
MODULE_BINASCII_TRUE=''
MODULE_BLOCK='MODULE__IO_STATE=yes
MODULE_BUILDTYPE='shared'
MODULE_CMATH_FALSE='#'
MODULE_CMATH_LDFLAGS=-lm
MODULE_CMATH_STATE=yes
MODULE_CMATH_TRUE=''
MODULE_DEPS_SHARED='$(MODULE_DEPS_STATIC) $(EXPORTSYMS)'
MODULE_FCNTL_FALSE='#'
MODULE_FCNTL_LDFLAGS=
MODULE_FCNTL_STATE=yes
MODULE_FCNTL_TRUE=''
MODULE_GRP_FALSE='#'
MODULE_GRP_STATE=yes
MODULE_GRP_TRUE=''
MODULE_MATH_FALSE='#'
MODULE_MATH_LDFLAGS=-lm
MODULE_MATH_STATE=yes
MODULE_MATH_TRUE=''
MODULE_MMAP_FALSE='#'
MODULE_MMAP_STATE=yes
MODULE_MMAP_TRUE=''
MODULE_PWD_FALSE='#'
MODULE_PWD_STATE=yes
MODULE_PWD_TRUE=''
MODULE_PYEXPAT_CFLAGS=-I$(srcdir)/Modules/expat
MODULE_PYEXPAT_FALSE='#'
MODULE_PYEXPAT_LDFLAGS=-lm $(LIBEXPAT_A)
MODULE_PYEXPAT_STATE=yes
MODULE_PYEXPAT_TRUE=''
MODULE_READLINE_FALSE=''
MODULE_READLINE_STATE=missing
MODULE_READLINE_TRUE='#'
MODULE_RESOURCE_FALSE='#'
MODULE_RESOURCE_STATE=yes
MODULE_RESOURCE_TRUE=''
MODULE_SELECT_FALSE='#'
MODULE_SELECT_STATE=yes
MODULE_SELECT_TRUE=''
MODULE_SYSLOG_FALSE='#'
MODULE_SYSLOG_STATE=yes
MODULE_SYSLOG_TRUE=''
MODULE_TERMIOS_FALSE='#'
MODULE_TERMIOS_STATE=yes
MODULE_TERMIOS_TRUE=''
MODULE_TIME_FALSE='#'
MODULE_TIME_LDFLAGS=
MODULE_TIME_STATE=yes
MODULE_TIME_TRUE=''
MODULE_UNICODEDATA_FALSE='#'
MODULE_UNICODEDATA_STATE=yes
MODULE_UNICODEDATA_TRUE=''
MODULE_XXLIMITED_35_FALSE='#'
MODULE_XXLIMITED_35_STATE=yes
MODULE_XXLIMITED_35_TRUE=''
MODULE_XXLIMITED_FALSE='#'
MODULE_XXLIMITED_STATE=yes
MODULE_XXLIMITED_TRUE=''
MODULE_XXSUBTYPE_FALSE='#'
MODULE_XXSUBTYPE_STATE=yes
MODULE_XXSUBTYPE_TRUE=''
MODULE_ZLIB_CFLAGS=-I/home/villarias/miniconda3/include
MODULE_ZLIB_FALSE='#'
MODULE_ZLIB_LDFLAGS=-L/home/villarias/miniconda3/lib -lz
MODULE_ZLIB_STATE=yes
MODULE_ZLIB_TRUE=''
MODULE__ASYNCIO_FALSE='#'
MODULE__ASYNCIO_STATE=yes
MODULE__ASYNCIO_TRUE=''
MODULE__BISECT_FALSE='#'
MODULE__BISECT_STATE=yes
MODULE__BISECT_TRUE=''
MODULE__BLAKE2_CFLAGS=-I$(srcdir)/Modules/_hacl -I$(srcdir)/Modules/_hacl/include -D_BSD_SOURCE -D_DEFAULT_SOURCE $(PY_STDMODULE_CFLAGS) $(CCSHARED)
MODULE__BLAKE2_FALSE='#'
MODULE__BLAKE2_LDFLAGS=$(LIBHACL_BLAKE2_LIB_SHARED)
MODULE__BLAKE2_STATE=yes
MODULE__BLAKE2_TRUE=''
MODULE__BZ2_FALSE=''
MODULE__BZ2_STATE=missing
MODULE__BZ2_TRUE='#'
MODULE__CODECS_CN_FALSE='#'
MODULE__CODECS_CN_STATE=yes
MODULE__CODECS_CN_TRUE=''
MODULE__CODECS_HK_FALSE='#'
MODULE__CODECS_HK_STATE=yes
MODULE__CODECS_HK_TRUE=''
MODULE__CODECS_ISO2022_FALSE='#'
MODULE__CODECS_ISO2022_STATE=yes
MODULE__CODECS_ISO2022_TRUE=''
MODULE__CODECS_JP_FALSE='#'
MODULE__CODECS_JP_STATE=yes
MODULE__CODECS_JP_TRUE=''
MODULE__CODECS_KR_FALSE='#'
MODULE__CODECS_KR_STATE=yes
MODULE__CODECS_KR_TRUE=''
MODULE__CODECS_TW_FALSE='#'
MODULE__CODECS_TW_STATE=yes
MODULE__CODECS_TW_TRUE=''
MODULE__CSV_FALSE='#'
MODULE__CSV_STATE=yes
MODULE__CSV_TRUE=''
MODULE__CTYPES_CFLAGS=-fno-strict-overflow -I/home/villarias/miniconda3/include
MODULE__CTYPES_FALSE='#'
MODULE__CTYPES_LDFLAGS=-L/home/villarias/miniconda3/lib -lffi -ldl
MODULE__CTYPES_MALLOC_CLOSURE=''
MODULE__CTYPES_STATE=yes
MODULE__CTYPES_TEST_CFLAGS=-I/home/villarias/miniconda3/include
MODULE__CTYPES_TEST_FALSE='#'
MODULE__CTYPES_TEST_LDFLAGS=-L/home/villarias/miniconda3/lib -lffi -ldl -lm
MODULE__CTYPES_TEST_STATE=yes
MODULE__CTYPES_TEST_TRUE=''
MODULE__CTYPES_TRUE=''
MODULE__CURSES_CFLAGS=-D_GNU_SOURCE -DNCURSES_WIDECHAR -I/home/villarias/miniconda3/include/ncursesw -I/home/villarias/miniconda3/include
MODULE__CURSES_FALSE='#'
MODULE__CURSES_LDFLAGS=-L/home/villarias/miniconda3/lib -Wl,-O2 -Wl,--sort-common -Wl,--disable-new-dtags -Wl,--gc-sections -Wl,-rpath,/home/villarias/miniconda3/lib -Wl,-rpath-link,/home/villarias/miniconda3/lib -lncursesw -ltinfow
MODULE__CURSES_PANEL_CFLAGS=-D_GNU_SOURCE -DNCURSES_WIDECHAR -D_GNU_SOURCE -DNCURSES_WIDECHAR -I/home/villarias/miniconda3/include/ncursesw -I/home/villarias/miniconda3/include -I/home/villarias/miniconda3/include/ncursesw -I/home/villarias/miniconda3/include -D_GNU_SOURCE -DNCURSES_WIDECHAR -I/home/villarias/miniconda3/include/ncursesw -I/home/villarias/miniconda3/include
MODULE__CURSES_PANEL_FALSE='#'
MODULE__CURSES_PANEL_LDFLAGS=-L/home/villarias/miniconda3/lib -Wl,-O2 -Wl,--sort-common -Wl,--disable-new-dtags -Wl,--gc-sections -Wl,-rpath,/home/villarias/miniconda3/lib -Wl,-rpath-link,/home/villarias/miniconda3/lib -lpanelw -L/home/villarias/miniconda3/lib -Wl,-O2 -Wl,--sort-common -Wl,--disable-new-dtags -Wl,--gc-sections -Wl,-rpath,/home/villarias/miniconda3/lib -Wl,-rpath-link,/home/villarias/miniconda3/lib -lncursesw -ltinfow
MODULE__CURSES_PANEL_STATE=yes
MODULE__CURSES_PANEL_TRUE=''
MODULE__CURSES_STATE=yes
MODULE__CURSES_TRUE=''
MODULE__DATETIME_FALSE='#'
MODULE__DATETIME_LDFLAGS= -lm
MODULE__DATETIME_STATE=yes
MODULE__DATETIME_TRUE=''
MODULE__DBM_FALSE=''
MODULE__DBM_STATE=missing
MODULE__DBM_TRUE='#'
MODULE__DECIMAL_CFLAGS=-I$(srcdir)/Modules/_decimal/libmpdec -DCONFIG_64=1 -DANSI=1 -DHAVE_UINT128_T=1
MODULE__DECIMAL_FALSE='#'
MODULE__DECIMAL_LDFLAGS=-lm $(LIBMPDEC_A)
MODULE__DECIMAL_STATE=yes
MODULE__DECIMAL_TRUE=''
MODULE__ELEMENTTREE_CFLAGS=-I$(srcdir)/Modules/expat
MODULE__ELEMENTTREE_FALSE='#'
MODULE__ELEMENTTREE_STATE=yes
MODULE__ELEMENTTREE_TRUE=''
MODULE__GDBM_FALSE=''
MODULE__GDBM_STATE=missing
MODULE__GDBM_TRUE='#'
MODULE__HASHLIB_CFLAGS=-I/home/villarias/miniconda3/include
MODULE__HASHLIB_FALSE='#'
MODULE__HASHLIB_LDFLAGS=-L/home/villarias/miniconda3/lib   -lcrypto
MODULE__HASHLIB_STATE=yes
MODULE__HASHLIB_TRUE=''
MODULE__HEAPQ_FALSE='#'
MODULE__HEAPQ_STATE=yes
MODULE__HEAPQ_TRUE=''
MODULE__HMAC_CFLAGS=-I$(srcdir)/Modules/_hacl -I$(srcdir)/Modules/_hacl/include -D_BSD_SOURCE -D_DEFAULT_SOURCE $(PY_STDMODULE_CFLAGS) $(CCSHARED)
MODULE__HMAC_FALSE='#'
MODULE__HMAC_LDFLAGS=$(LIBHACL_HMAC_LIB_SHARED)
MODULE__HMAC_STATE=yes
MODULE__HMAC_TRUE=''
MODULE__INTERPCHANNELS_FALSE='#'
MODULE__INTERPCHANNELS_STATE=yes
MODULE__INTERPCHANNELS_TRUE=''
MODULE__INTERPQUEUES_FALSE='#'
MODULE__INTERPQUEUES_STATE=yes
MODULE__INTERPQUEUES_TRUE=''
MODULE__INTERPRETERS_FALSE='#'
MODULE__INTERPRETERS_STATE=yes
MODULE__INTERPRETERS_TRUE=''
MODULE__IO_CFLAGS=-I$(srcdir)/Modules/_io
MODULE__IO_FALSE='#'
MODULE__IO_TRUE=''
MODULE__JSON_FALSE='#'
MODULE__JSON_STATE=yes
MODULE__JSON_TRUE=''
MODULE__LSPROF_FALSE='#'
MODULE__LSPROF_STATE=yes
MODULE__LSPROF_TRUE=''
MODULE__LZMA_CFLAGS=-I/home/villarias/miniconda3/include
MODULE__LZMA_FALSE='#'
MODULE__LZMA_LDFLAGS=-L/home/villarias/miniconda3/lib -llzma
MODULE__LZMA_STATE=yes
MODULE__LZMA_TRUE=''
MODULE__MD5_CFLAGS=-I$(srcdir)/Modules/_hacl -I$(srcdir)/Modules/_hacl/include -D_BSD_SOURCE -D_DEFAULT_SOURCE $(PY_STDMODULE_CFLAGS) $(CCSHARED)
MODULE__MD5_FALSE='#'
MODULE__MD5_LDFLAGS=$(LIBHACL_MD5_LIB_SHARED)
MODULE__MD5_STATE=yes
MODULE__MD5_TRUE=''
MODULE__MULTIBYTECODEC_FALSE='#'
MODULE__MULTIBYTECODEC_STATE=yes
MODULE__MULTIBYTECODEC_TRUE=''
MODULE__MULTIPROCESSING_CFLAGS=-I$(srcdir)/Modules/_multiprocessing
MODULE__MULTIPROCESSING_FALSE='#'
MODULE__MULTIPROCESSING_STATE=yes
MODULE__MULTIPROCESSING_TRUE=''
MODULE__PICKLE_FALSE='#'
MODULE__PICKLE_STATE=yes
MODULE__PICKLE_TRUE=''
MODULE__POSIXSHMEM_CFLAGS=-I$(srcdir)/Modules/_multiprocessing
MODULE__POSIXSHMEM_FALSE='#'
MODULE__POSIXSHMEM_LDFLAGS=-lrt
MODULE__POSIXSHMEM_STATE=yes
MODULE__POSIXSHMEM_TRUE=''
MODULE__POSIXSUBPROCESS_FALSE='#'
MODULE__POSIXSUBPROCESS_STATE=yes
MODULE__POSIXSUBPROCESS_TRUE=''
MODULE__QUEUE_FALSE='#'
MODULE__QUEUE_STATE=yes
MODULE__QUEUE_TRUE=''
MODULE__RANDOM_FALSE='#'
MODULE__RANDOM_STATE=yes
MODULE__RANDOM_TRUE=''
MODULE__REMOTE_DEBUGGING_FALSE='#'
MODULE__REMOTE_DEBUGGING_STATE=yes
MODULE__REMOTE_DEBUGGING_TRUE=''
MODULE__SCPROXY_FALSE=''
MODULE__SCPROXY_STATE=n/a
MODULE__SCPROXY_TRUE='#'
MODULE__SHA1_CFLAGS=-I$(srcdir)/Modules/_hacl -I$(srcdir)/Modules/_hacl/include -D_BSD_SOURCE -D_DEFAULT_SOURCE $(PY_STDMODULE_CFLAGS) $(CCSHARED)
MODULE__SHA1_FALSE='#'
MODULE__SHA1_LDFLAGS=$(LIBHACL_SHA1_LIB_SHARED)
MODULE__SHA1_STATE=yes
MODULE__SHA1_TRUE=''
MODULE__SHA2_CFLAGS=-I$(srcdir)/Modules/_hacl -I$(srcdir)/Modules/_hacl/include -D_BSD_SOURCE -D_DEFAULT_SOURCE $(PY_STDMODULE_CFLAGS) $(CCSHARED)
MODULE__SHA2_FALSE='#'
MODULE__SHA2_LDFLAGS=$(LIBHACL_SHA2_LIB_SHARED)
MODULE__SHA2_STATE=yes
MODULE__SHA2_TRUE=''
MODULE__SHA3_CFLAGS=-I$(srcdir)/Modules/_hacl -I$(srcdir)/Modules/_hacl/include -D_BSD_SOURCE -D_DEFAULT_SOURCE $(PY_STDMODULE_CFLAGS) $(CCSHARED)
MODULE__SHA3_FALSE='#'
MODULE__SHA3_LDFLAGS=$(LIBHACL_SHA3_LIB_SHARED)
MODULE__SHA3_STATE=yes
MODULE__SHA3_TRUE=''
MODULE__SOCKET_FALSE='#'
MODULE__SOCKET_LDFLAGS=
MODULE__SOCKET_STATE=yes
MODULE__SOCKET_TRUE=''
MODULE__SQLITE3_CFLAGS=-I/home/villarias/miniconda3/include -I$(srcdir)/Modules/_sqlite
MODULE__SQLITE3_FALSE='#'
MODULE__SQLITE3_LDFLAGS=-L/home/villarias/miniconda3/lib -lsqlite3
MODULE__SQLITE3_STATE=yes
MODULE__SQLITE3_TRUE=''
MODULE__SSL_CFLAGS=-I/home/villarias/miniconda3/include
MODULE__SSL_FALSE='#'
MODULE__SSL_LDFLAGS=-L/home/villarias/miniconda3/lib  -lssl -lcrypto
MODULE__SSL_STATE=yes
MODULE__SSL_TRUE=''
MODULE__STATISTICS_FALSE='#'
MODULE__STATISTICS_LDFLAGS=-lm
MODULE__STATISTICS_STATE=yes
MODULE__STATISTICS_TRUE=''
MODULE__STRUCT_FALSE='#'
MODULE__STRUCT_STATE=yes
MODULE__STRUCT_TRUE=''
MODULE__TESTBUFFER_FALSE='#'
MODULE__TESTBUFFER_STATE=yes
MODULE__TESTBUFFER_TRUE=''
MODULE__TESTCAPI_FALSE='#'
MODULE__TESTCAPI_LDFLAGS=
MODULE__TESTCAPI_STATE=yes
MODULE__TESTCAPI_TRUE=''
MODULE__TESTCLINIC_FALSE='#'
MODULE__TESTCLINIC_LIMITED_FALSE='#'
MODULE__TESTCLINIC_LIMITED_STATE=yes
MODULE__TESTCLINIC_LIMITED_TRUE=''
MODULE__TESTCLINIC_STATE=yes
MODULE__TESTCLINIC_TRUE=''
MODULE__TESTIMPORTMULTIPLE_FALSE='#'
MODULE__TESTIMPORTMULTIPLE_STATE=yes
MODULE__TESTIMPORTMULTIPLE_TRUE=''
MODULE__TESTINTERNALCAPI_FALSE='#'
MODULE__TESTINTERNALCAPI_STATE=yes
MODULE__TESTINTERNALCAPI_TRUE=''
MODULE__TESTLIMITEDCAPI_FALSE='#'
MODULE__TESTLIMITEDCAPI_STATE=yes
MODULE__TESTLIMITEDCAPI_TRUE=''
MODULE__TESTMULTIPHASE_FALSE='#'
MODULE__TESTMULTIPHASE_STATE=yes
MODULE__TESTMULTIPHASE_TRUE=''
MODULE__TESTSINGLEPHASE_FALSE='#'
MODULE__TESTSINGLEPHASE_STATE=yes
MODULE__TESTSINGLEPHASE_TRUE=''
MODULE__TKINTER_CFLAGS=-I/home/villarias/miniconda3/include -Wno-strict-prototypes -DWITH_APPINIT=1
MODULE__TKINTER_FALSE='#'
MODULE__TKINTER_LDFLAGS=-L/home/villarias/miniconda3/lib -ltk8.6 -ltkstub8.6 -ltcl8.6 -ltclstub8.6
MODULE__TKINTER_STATE=yes
MODULE__TKINTER_TRUE=''
MODULE__TYPES_FALSE='#'
MODULE__TYPES_STATE=yes
MODULE__TYPES_TRUE=''
MODULE__TYPING_FALSE='#'
MODULE__TYPING_STATE=yes
MODULE__TYPING_TRUE=''
MODULE__UUID_CFLAGS=-I/home/villarias/miniconda3/include/uuid
MODULE__UUID_FALSE='#'
MODULE__UUID_LDFLAGS=-L/home/villarias/miniconda3/lib -luuid
MODULE__UUID_STATE=yes
MODULE__UUID_TRUE=''
MODULE__XXTESTFUZZ_FALSE='#'
MODULE__XXTESTFUZZ_STATE=yes
MODULE__XXTESTFUZZ_TRUE=''
MODULE__ZONEINFO_FALSE='#'
MODULE__ZONEINFO_STATE=yes
MODULE__ZONEINFO_TRUE=''
MODULE__ZSTD_CFLAGS=-I/home/villarias/miniconda3/include
MODULE__ZSTD_FALSE='#'
MODULE__ZSTD_LDFLAGS=-L/home/villarias/miniconda3/lib -lzstd
MODULE__ZSTD_STATE=yes
MODULE__ZSTD_TRUE=''
MULTIARCH='x86_64-linux-gnu'
MULTIARCH_CPPFLAGS='-DMULTIARCH=\"x86_64-linux-gnu\"'
NODE=''
NO_AS_NEEDED='-Wl,--no-as-needed'
OBJEXT='o'
OPENSSL_INCLUDES='-I/home/villarias/miniconda3/include'
OPENSSL_LDFLAGS='-L/home/villarias/miniconda3/lib'
OPENSSL_LIBS='-lssl -lcrypto'
OPT='-DNDEBUG -g -O3 -Wall'
PACKAGE_BUGREPORT='https://github.com/python/cpython/issues/'
PACKAGE_NAME='python'
PACKAGE_STRING='python 3.14'
PACKAGE_TARNAME='python'
PACKAGE_URL=''
PACKAGE_VERSION='3.14'
PANEL_CFLAGS='-D_GNU_SOURCE -DNCURSES_WIDECHAR -D_GNU_SOURCE -DNCURSES_WIDECHAR -I/home/villarias/miniconda3/include/ncursesw -I/home/villarias/miniconda3/include -I/home/villarias/miniconda3/include/ncursesw -I/home/villarias/miniconda3/include'
PANEL_LIBS='-L/home/villarias/miniconda3/lib -Wl,-O2 -Wl,--sort-common -Wl,--disable-new-dtags -Wl,--gc-sections -Wl,-rpath,/home/villarias/miniconda3/lib -Wl,-rpath-link,/home/villarias/miniconda3/lib -lpanelw'
PATH_SEPARATOR=':'
PERF_TRAMPOLINE_OBJ='Python/asm_trampoline.o'
PGO_PROF_GEN_FLAG='-fprofile-generate'
PGO_PROF_USE_FLAG='-fprofile-use -fprofile-correction'
PKG_CONFIG='/home/villarias/miniconda3/envs/jayraldines_tablet/bin/pkg-config'
PKG_CONFIG_LIBDIR=''
PKG_CONFIG_PATH=''
PLATFORM_HEADERS=''
PLATFORM_OBJS=''
PLATFORM_TRIPLET='x86_64-linux-gnu'
PLATLIBDIR='lib'
PREBOLT_RULE=''
PROFILE_TASK='-m test --pgo --timeout=$(TESTTIMEOUT)'
PY3LIBRARY=''
PYTHONFRAMEWORK=''
PYTHONFRAMEWORKDIR='no-framework'
PYTHONFRAMEWORKIDENTIFIER='org.python.python'
PYTHONFRAMEWORKINSTALLDIR=''
PYTHONFRAMEWORKINSTALLNAMEPREFIX=''
PYTHONFRAMEWORKPREFIX=''
PYTHON_FOR_BUILD='./$(BUILDPYTHON) -E'
PYTHON_FOR_BUILD_DEPS='$(BUILDPYTHON)'
PYTHON_FOR_FREEZE='./_bootstrap_python'
PYTHON_FOR_REGEN='python3.13'
PY_ENABLE_SHARED='0'
REGEN_JIT_COMMAND=''
RESSRCDIR=''
RUNSHARED=''
SED='/usr/bin/sed'
SHELL='/bin/bash'
SHLIBS='$(LIBS)'
SHLIB_SUFFIX='.so'
SOABI='cpython-314-x86_64-linux-gnu'
SOVERSION='1.0'
SRCDIRS='  Modules   Modules/_ctypes   Modules/_decimal   Modules/_decimal/libmpdec   Modules/_hacl   Modules/_io   Modules/_multiprocessing   Modules/_sqlite   Modules/_sre   Modules/_testcapi   Modules/_testinternalcapi   Modules/_testlimitedcapi   Modules/_xxtestfuzz   Modules/_zstd   Modules/cjkcodecs   Modules/expat   Objects   Objects/mimalloc   Objects/mimalloc/prim   Parser   Parser/tokenizer   Parser/lexer   Programs   Python   Python/frozen_modules'
STATIC_LIBPYTHON='1'
TCLTK_CFLAGS='-I/home/villarias/miniconda3/include -Wno-strict-prototypes -DWITH_APPINIT=1'
TCLTK_LIBS='-L/home/villarias/miniconda3/lib -ltk8.6 -ltkstub8.6 -ltcl8.6 -ltclstub8.6'
TEST_MODULES='yes'
THREADHEADERS=' $(srcdir)/Python/thread_nt.h $(srcdir)/Python/thread_pthread.h $(srcdir)/Python/thread_pthread_stubs.h'
TRUE='true'
TZPATH='/usr/share/zoneinfo:/usr/lib/zoneinfo:/usr/share/lib/zoneinfo:/etc/zoneinfo'
UNIVERSALSDK=''
UNIVERSAL_ARCH_FLAGS=''
VERSION='3.14'
WASM_ASSETS_DIR=''
WASM_STDLIB=''
WHEEL_PKG_DIR=''
X11_CFLAGS=''
X11_LIBS=''
ZLIB_CFLAGS='-I/home/villarias/miniconda3/include'
ZLIB_LIBS='-L/home/villarias/miniconda3/lib -lz'
_PYTHON_HOST_PLATFORM=''
_PYTHREAD_NAME_MAXLEN='15'
_Py_STACK_GROWS_DOWN='1'
ac_ct_AR='ar'
ac_ct_CC='gcc'
ac_ct_CXX=''
bindir='${exec_prefix}/bin'
build='x86_64-pc-linux-gnu'
build_alias=''
build_cpu='x86_64'
build_os='linux-gnu'
build_vendor='pc'
datadir='${datarootdir}'
datarootdir='${prefix}/share'
docdir='${datarootdir}/doc/${PACKAGE_TARNAME}'
dvidir='${docdir}'
exec_prefix='${prefix}'
host='x86_64-pc-linux-gnu'
host_alias=''
host_cpu='x86_64'
host_exec_prefix='${exec_prefix}'
host_os='linux-gnu'
host_prefix='${prefix}'
host_vendor='pc'
htmldir='${docdir}'
includedir='${prefix}/include'
infodir='${datarootdir}/info'
libdir='${exec_prefix}/lib'
libexecdir='${exec_prefix}/libexec'
localedir='${datarootdir}/locale'
localstatedir='${prefix}/var'
mandir='${datarootdir}/man'
oldincludedir='/usr/include'
pdfdir='${docdir}'
prefix='/home/villarias/Projects/jayraldinescateringsystem/Tablet/.buildozer/android/platform/build-arm64-v8a/build/other_builds/hostpython3/desktop/hostpython3/native-build/root/usr/local'
program_transform_name='s,x,x,'
psdir='${docdir}'
runstatedir='${localstatedir}/run'
sbindir='${exec_prefix}/sbin'
sharedstatedir='${prefix}/com'
sysconfdir='${prefix}/etc'
target_alias=''

## ----------- ##
## confdefs.h. ##
## ----------- ##

/* confdefs.h */
#define _NETBSD_SOURCE 1
#define __BSD_VISIBLE 1
#define _DARWIN_C_SOURCE 1
#define _PYTHONFRAMEWORK ""
#define _XOPEN_SOURCE 700
#define _XOPEN_SOURCE_EXTENDED 1
#define _POSIX_C_SOURCE 200809L
#define HAVE_STDIO_H 1
#define HAVE_STDLIB_H 1
#define HAVE_STRING_H 1
#define HAVE_INTTYPES_H 1
#define HAVE_STDINT_H 1
#define HAVE_STRINGS_H 1
#define HAVE_SYS_STAT_H 1
#define HAVE_SYS_TYPES_H 1
#define HAVE_UNISTD_H 1
#define HAVE_WCHAR_H 1
#define STDC_HEADERS 1
#define _ALL_SOURCE 1
#define _DARWIN_C_SOURCE 1
#define _GNU_SOURCE 1
#define _HPUX_ALT_XOPEN_SOCKET_API 1
#define _NETBSD_SOURCE 1
#define _OPENBSD_SOURCE 1
#define _POSIX_PTHREAD_SEMANTICS 1
#define __STDC_WANT_IEC_60559_ATTRIBS_EXT__ 1
#define __STDC_WANT_IEC_60559_BFP_EXT__ 1
#define __STDC_WANT_IEC_60559_DFP_EXT__ 1
#define __STDC_WANT_IEC_60559_EXT__ 1
#define __STDC_WANT_IEC_60559_FUNCS_EXT__ 1
#define __STDC_WANT_IEC_60559_TYPES_EXT__ 1
#define __STDC_WANT_LIB_EXT2__ 1
#define __STDC_WANT_MATH_SPEC_FUNCS__ 1
#define _TANDEM_SOURCE 1
#define __EXTENSIONS__ 1
#define _Py_STACK_GROWS_DOWN 1
#define PY_SUPPORT_TIER 1
#define STDC_HEADERS 1
#define HAVE_ALLOCA_H 1
#define HAVE_ASM_TYPES_H 1
#define HAVE_DLFCN_H 1
#define HAVE_ENDIAN_H 1
#define HAVE_ERRNO_H 1
#define HAVE_FCNTL_H 1
#define HAVE_GRP_H 1
#define HAVE_LANGINFO_H 1
#define HAVE_LIBINTL_H 1
#define HAVE_LINUX_AUXVEC_H 1
#define HAVE_SYS_AUXV_H 1
#define HAVE_LINUX_FS_H 1
#define HAVE_LINUX_LIMITS_H 1
#define HAVE_LINUX_MEMFD_H 1
#define HAVE_LINUX_NETFILTER_IPV4_H 1
#define HAVE_LINUX_RANDOM_H 1
#define HAVE_LINUX_SOUNDCARD_H 1
#define HAVE_LINUX_SCHED_H 1
#define HAVE_LINUX_TIPC_H 1
#define HAVE_LINUX_WAIT_H 1
#define HAVE_NETDB_H 1
#define HAVE_NET_ETHERNET_H 1
#define HAVE_NETINET_IN_H 1
#define HAVE_NETPACKET_PACKET_H 1
#define HAVE_POLL_H 1
#define HAVE_PTHREAD_H 1
#define HAVE_PTY_H 1
#define HAVE_SCHED_H 1
#define HAVE_SETJMP_H 1
#define HAVE_SHADOW_H 1
#define HAVE_SIGNAL_H 1
#define HAVE_SPAWN_H 1
#define HAVE_SYS_EPOLL_H 1
#define HAVE_SYS_EVENTFD_H 1
#define HAVE_SYS_FILE_H 1
#define HAVE_SYS_IOCTL_H 1
#define HAVE_SYS_MMAN_H 1
#define HAVE_SYS_PARAM_H 1
#define HAVE_SYS_POLL_H 1
#define HAVE_SYS_RANDOM_H 1
#define HAVE_SYS_RESOURCE_H 1
#define HAVE_SYS_SELECT_H 1
#define HAVE_SYS_SENDFILE_H 1
#define HAVE_SYS_SOCKET_H 1
#define HAVE_SYS_SOUNDCARD_H 1
#define HAVE_SYS_STAT_H 1
#define HAVE_SYS_STATVFS_H 1
#define HAVE_SYS_SYSCALL_H 1
#define HAVE_SYS_SYSMACROS_H 1
#define HAVE_SYS_TIME_H 1
#define HAVE_SYS_TIMES_H 1
#define HAVE_SYS_TIMERFD_H 1
#define HAVE_SYS_TYPES_H 1
#define HAVE_SYS_UIO_H 1
#define HAVE_SYS_UN_H 1
#define HAVE_SYS_UTSNAME_H 1
#define HAVE_SYS_WAIT_H 1
#define HAVE_SYS_XATTR_H 1
#define HAVE_SYSEXITS_H 1
#define HAVE_SYSLOG_H 1
#define HAVE_TERMIOS_H 1
#define HAVE_UTIME_H 1
#define HAVE_UTMP_H 1
#define HAVE_DIRENT_H 1
#define MAJOR_IN_SYSMACROS 1
#define HAVE_NET_IF_H 1
#define HAVE_LINUX_NETLINK_H 1
#define HAVE_LINUX_QRTR_H 1
#define HAVE_LINUX_VM_SOCKETS_H 1
#define HAVE_LINUX_CAN_H 1
#define HAVE_LINUX_CAN_BCM_H 1
#define HAVE_LINUX_CAN_J1939_H 1
#define HAVE_LINUX_CAN_RAW_H 1
#define HAVE_CLOCK_T 1
#define HAVE_MAKEDEV 1
#define HAVE_HTOLE64 1
#define _LARGEFILE_SOURCE 1
#define _FILE_OFFSET_BITS 64
#if defined(SCO_DS)
#undef _OFF_T
#endif
#define RETSIGTYPE void
#define HAVE_SSIZE_T 1
#define HAVE___UINT128_T 1
#define HAVE_GCC_UINT128_T 1
#define SIZEOF_INT 4
#define SIZEOF_LONG 8
#define ALIGNOF_LONG 8
#define SIZEOF_LONG_LONG 8
#define SIZEOF_VOID_P 8
#define SIZEOF_SHORT 2
#define SIZEOF_FLOAT 4
#define SIZEOF_DOUBLE 8
#define SIZEOF_FPOS_T 16
#define SIZEOF_SIZE_T 8
#define ALIGNOF_SIZE_T 8
#define SIZEOF_PID_T 4
#define SIZEOF_UINTPTR_T 8
#define ALIGNOF_MAX_ALIGN_T 16
#define HAVE_LONG_DOUBLE 1
#define SIZEOF_LONG_DOUBLE 16
#define SIZEOF__BOOL 1
#define SIZEOF_OFF_T 8
#define SIZEOF_TIME_T 8
#define SIZEOF_PTHREAD_T 8
#define SIZEOF_PTHREAD_KEY_T 4
#define PTHREAD_KEY_T_IS_COMPATIBLE_WITH_INT 1
#define PY_HAVE_PERF_TRAMPOLINE 1
#define HAVE_LIBDL 1
#define HAVE_EXECINFO_H 1
#define HAVE_BACKTRACE 1
#define HAVE_DLADDR1 1
#define HAVE_LINK_H 1
#define HAVE_BACKTRACE 1
#define HAVE_DLADDR1 1
#define HAVE_DLFCN_H 1
#define HAVE_BACKTRACE 1
#define HAVE_DLADDR1 1
#define HAVE_UUID_H 1
#define HAVE_UUID_GENERATE_TIME_SAFE 1
#define HAVE_FFI_PREP_CIF_VAR 1
#define HAVE_FFI_PREP_CLOSURE_LOC 1
#define HAVE_FFI_CLOSURE_ALLOC 1
#define WITH_DECIMAL_CONTEXTVAR 1
#define HAVE_LIBSQLITE3 1
#define HAVE_LIBSQLITE3 1
#define HAVE_LIBSQLITE3 1
#define HAVE_LIBSQLITE3 1
#define HAVE_LIBSQLITE3 1
#define HAVE_LIBSQLITE3 1
#define HAVE_LIBSQLITE3 1
#define HAVE_LIBSQLITE3 1
#define HAVE_LIBSQLITE3 1
#define PY_SQLITE_HAVE_SERIALIZE 1
#define PTHREAD_SYSTEM_SCHED_SUPPORTED 1
#define HAVE_PTHREAD_SIGMASK 1
#define HAVE_PTHREAD_GETCPUCLOCKID 1
#define ENABLE_IPV6 1
#define HAVE_LINUX_CAN_RAW_FD_FRAMES 1
#define HAVE_LINUX_CAN_RAW_JOIN_FILTERS 1
#define WITH_DOC_STRINGS 1
#define HAVE_STD_ATOMIC 1
#define HAVE_BUILTIN_ATOMIC 1
#define WITH_MIMALLOC 1
#define WITH_PYMALLOC 1
#define PY_COERCE_C_LOCALE 1
#define HAVE_DLOPEN 1
#define HAVE_DYNAMIC_LOADING 1
#define HAVE_ACCEPT4 1
#define HAVE_ALARM 1
#define HAVE_BIND_TEXTDOMAIN_CODESET 1
#define HAVE_CHMOD 1
#define HAVE_CHOWN 1
#define HAVE_CLOCK 1
#define HAVE_CONFSTR 1
#define HAVE_COPY_FILE_RANGE 1
#define HAVE_CTERMID 1
#define HAVE_DLADDR 1
#define HAVE_DUP 1
#define HAVE_DUP3 1
#define HAVE_EXECV 1
#define HAVE_EXPLICIT_BZERO 1
#define HAVE_FACCESSAT 1
#define HAVE_FCHMOD 1
#define HAVE_FCHMODAT 1
#define HAVE_FCHOWN 1
#define HAVE_FCHOWNAT 1
#define HAVE_FDOPENDIR 1
#define HAVE_FEXECVE 1
#define HAVE_FORK 1
#define HAVE_FPATHCONF 1
#define HAVE_FSTATAT 1
#define HAVE_FTIME 1
#define HAVE_FTRUNCATE 1
#define HAVE_FUTIMENS 1
#define HAVE_FUTIMES 1
#define HAVE_FUTIMESAT 1
#define HAVE_GAI_STRERROR 1
#define HAVE_GETEGID 1
#define HAVE_GETEUID 1
#define HAVE_GETGID 1
#define HAVE_GETGRENT 1
#define HAVE_GETGRGID 1
#define HAVE_GETGRGID_R 1
#define HAVE_GETGRNAM_R 1
#define HAVE_GETGROUPLIST 1
#define HAVE_GETHOSTNAME 1
#define HAVE_GETITIMER 1
#define HAVE_GETLOADAVG 1
#define HAVE_GETLOGIN 1
#define HAVE_GETLOGIN_R 1
#define HAVE_GETPEERNAME 1
#define HAVE_GETPGID 1
#define HAVE_GETPID 1
#define HAVE_GETPPID 1
#define HAVE_GETPRIORITY 1
#define HAVE_GETPWENT 1
#define HAVE_GETPWNAM_R 1
#define HAVE_GETPWUID 1
#define HAVE_GETPWUID_R 1
#define HAVE_GETRESGID 1
#define HAVE_GETRESUID 1
#define HAVE_GETRUSAGE 1
#define HAVE_GETSID 1
#define HAVE_GETSPENT 1
#define HAVE_GETSPNAM 1
#define HAVE_GETUID 1
#define HAVE_GETWD 1
#define HAVE_GRANTPT 1
#define HAVE_IF_NAMEINDEX 1
#define HAVE_INITGROUPS 1
#define HAVE_KILL 1
#define HAVE_KILLPG 1
#define HAVE_LCHOWN 1
#define HAVE_LINKAT 1
#define HAVE_LOCKF 1
#define HAVE_LSTAT 1
#define HAVE_LUTIMES 1
#define HAVE_MADVISE 1
#define HAVE_MBRTOWC 1
#define HAVE_MEMRCHR 1
#define HAVE_MKDIRAT 1
#define HAVE_MKFIFO 1
#define HAVE_MKFIFOAT 1
#define HAVE_MKNOD 1
#define HAVE_MKNODAT 1
#define HAVE_MKTIME 1
#define HAVE_MMAP 1
#define HAVE_MREMAP 1
#define HAVE_NICE 1
#define HAVE_OPENAT 1
#define HAVE_OPENDIR 1
#define HAVE_PATHCONF 1
#define HAVE_PAUSE 1
#define HAVE_PIPE 1
#define HAVE_PIPE2 1
#define HAVE_POLL 1
#define HAVE_POSIX_FADVISE 1
#define HAVE_POSIX_FALLOCATE 1
#define HAVE_POSIX_OPENPT 1
#define HAVE_POSIX_SPAWN 1
#define HAVE_POSIX_SPAWNP 1
#define HAVE_PREAD 1
#define HAVE_PREADV 1
#define HAVE_PREADV2 1
#define HAVE_PROCESS_VM_READV 1
#define HAVE_PTHREAD_CONDATTR_SETCLOCK 1
#define HAVE_PTHREAD_KILL 1
#define HAVE_PTHREAD_GETNAME_NP 1
#define HAVE_PTHREAD_SETNAME_NP 1
#define HAVE_PTHREAD_GETATTR_NP 1
#define HAVE_PTSNAME 1
#define HAVE_PTSNAME_R 1
#define HAVE_PWRITE 1
#define HAVE_PWRITEV 1
#define HAVE_PWRITEV2 1
#define HAVE_READLINK 1
#define HAVE_READLINKAT 1
#define HAVE_READV 1
#define HAVE_REALPATH 1
#define HAVE_RENAMEAT 1
#define HAVE_SCHED_GET_PRIORITY_MAX 1
#define HAVE_SCHED_RR_GET_INTERVAL 1
#define HAVE_SCHED_SETAFFINITY 1
#define HAVE_SCHED_SETPARAM 1
#define HAVE_SCHED_SETSCHEDULER 1
#define HAVE_SEM_CLOCKWAIT 1
#define HAVE_SEM_GETVALUE 1
#define HAVE_SEM_OPEN 1
#define HAVE_SEM_TIMEDWAIT 1
#define HAVE_SEM_UNLINK 1
#define HAVE_SENDFILE 1
#define HAVE_SETEGID 1
#define HAVE_SETEUID 1
#define HAVE_SETGID 1
#define HAVE_SETHOSTNAME 1
#define HAVE_SETITIMER 1
#define HAVE_SETLOCALE 1
#define HAVE_SETPGID 1
#define HAVE_SETPGRP 1
#define HAVE_SETPRIORITY 1
#define HAVE_SETREGID 1
#define HAVE_SETRESGID 1
#define HAVE_SETRESUID 1
#define HAVE_SETREUID 1
#define HAVE_SETSID 1
#define HAVE_SETUID 1
#define HAVE_SETVBUF 1
#define HAVE_SHUTDOWN 1
#define HAVE_SIGACTION 1
#define HAVE_SIGALTSTACK 1
#define HAVE_SIGFILLSET 1
#define HAVE_SIGINTERRUPT 1
#define HAVE_SIGPENDING 1
#define HAVE_SIGRELSE 1
#define HAVE_SIGTIMEDWAIT 1
#define HAVE_SIGWAIT 1
#define HAVE_SIGWAITINFO 1
#define HAVE_SNPRINTF 1
#define HAVE_SPLICE 1
#define HAVE_STRFTIME 1
#define HAVE_STRSIGNAL 1
#define HAVE_SYMLINKAT 1
#define HAVE_SYNC 1
#define HAVE_SYSCONF 1
#define HAVE_TCGETPGRP 1
#define HAVE_TCSETPGRP 1
#define HAVE_TEMPNAM 1
#define HAVE_TIMEGM 1
#define HAVE_TIMES 1
#define HAVE_TMPFILE 1
#define HAVE_TMPNAM 1
#define HAVE_TMPNAM_R 1
#define HAVE_TRUNCATE 1
#define HAVE_TTYNAME_R 1
#define HAVE_UMASK 1
#define HAVE_UNAME 1
#define HAVE_UNLINKAT 1
#define HAVE_UNLOCKPT 1
#define HAVE_UTIMENSAT 1
#define HAVE_UTIMES 1
#define HAVE_VFORK 1
#define HAVE_WAIT 1
#define HAVE_WAIT3 1
#define HAVE_WAIT4 1
#define HAVE_WAITID 1
#define HAVE_WAITPID 1
#define HAVE_WCSCOLL 1
#define HAVE_WCSFTIME 1
#define HAVE_WCSXFRM 1
#define HAVE_WMEMCMP 1
#define HAVE_WRITEV 1
#define HAVE_GETENTROPY 1
#define HAVE_GETGROUPS 1
#define HAVE_SYSTEM 1
#define HAVE_DIRFD 1
#define HAVE_CHROOT 1
#define HAVE_LINK 1
#define HAVE_SYMLINK 1
#define HAVE_FCHDIR 1
#define HAVE_FSYNC 1
#define HAVE_FDATASYNC 1
#define HAVE_EPOLL 1
#define HAVE_EPOLL_CREATE1 1
#define HAVE_PRLIMIT 1
#define HAVE_MEMFD_CREATE 1
#define HAVE_EVENTFD 1
#define HAVE_TIMERFD_CREATE 1
#define HAVE_FLOCK 1
#define HAVE_GETPAGESIZE 1
#define HAVE_ZLIB_COPY 1
#define HAVE_HSTRERROR 1
#define HAVE_GETSERVBYNAME 1
#define HAVE_GETSERVBYPORT 1
#define HAVE_GETHOSTBYNAME 1
#define HAVE_GETHOSTBYADDR 1
#define HAVE_GETPROTOBYNAME 1
#define HAVE_INET_ATON 1
#define HAVE_INET_NTOA 1
#define HAVE_INET_PTON 1
#define HAVE_GETPEERNAME 1
#define HAVE_GETSOCKNAME 1
#define HAVE_ACCEPT 1
#define HAVE_BIND 1
#define HAVE_CONNECT 1
#define HAVE_LISTEN 1
#define HAVE_RECVFROM 1
#define HAVE_SENDTO 1
#define HAVE_SETSOCKOPT 1
#define HAVE_SOCKET 1
#define HAVE_SETGROUPS 1
#define HAVE_DECL_UT_NAMESIZE 1
#define HAVE_UT_NAMESIZE 1
#define HAVE_OPENPTY 1
#define HAVE_LOGIN_TTY 1
#define HAVE_FORKPTY 1
#define HAVE_FSEEKO 1
#define HAVE_FSTATVFS 1
#define HAVE_FTELLO 1
#define HAVE_STATVFS 1
#define HAVE_DUP2 1
#define HAVE_GETPGRP 1
#define HAVE_SETPGRP 1
#define HAVE_SETNS 1
#define HAVE_UNSHARE 1
#define HAVE_CLOCK_GETTIME 1
#define HAVE_CLOCK_GETRES 1
#define HAVE_CLOCK_SETTIME 1
#define HAVE_CLOCK_NANOSLEEP 1
#define HAVE_NANOSLEEP 1
#define HAVE_DEVICE_MACROS 1
#define SYS_SELECT_WITH_SYS_TIME 1
#define HAVE_GETADDRINFO 1
#define HAVE_GETNAMEINFO 1
#define HAVE_STRUCT_TM_TM_ZONE 1
#define HAVE_TM_ZONE 1
#define HAVE_STRUCT_STAT_ST_RDEV 1
#define HAVE_STRUCT_STAT_ST_BLKSIZE 1
#define HAVE_STRUCT_STAT_ST_BLOCKS 1
#define HAVE_STRUCT_PASSWD_PW_GECOS 1
#define HAVE_STRUCT_PASSWD_PW_PASSWD 1
#define HAVE_SIGINFO_T_SI_BAND 1
#define HAVE_ADDRINFO 1
#define HAVE_SOCKADDR_STORAGE 1
#define HAVE_SOCKADDR_ALG 1
#define HAVE_PROTOTYPES 1
#define HAVE_SOCKETPAIR 1
#define HAVE_GETHOSTBYNAME_R 1
#define HAVE_GETHOSTBYNAME_R 1
#define HAVE_GETHOSTBYNAME_R_6_ARG 1
#define HAVE_GCC_ASM_FOR_X64 1
#define DOUBLE_IS_LITTLE_ENDIAN_IEEE754 1
#define HAVE_GCC_ASM_FOR_X87 1
#define HAVE_ACOSH 1
#define HAVE_ASINH 1
#define HAVE_ATANH 1
#define HAVE_ERF 1
#define HAVE_ERFC 1
#define HAVE_EXPM1 1
#define HAVE_LOG1P 1
#define HAVE_LOG2 1
#define HAVE_DECL_RTLD_LAZY 1
#define HAVE_DECL_RTLD_NOW 1
#define HAVE_DECL_RTLD_GLOBAL 1
#define HAVE_DECL_RTLD_LOCAL 1
#define HAVE_DECL_RTLD_NODELETE 1
#define HAVE_DECL_RTLD_NOLOAD 1
#define HAVE_DECL_RTLD_DEEPBIND 1
#define HAVE_DECL_RTLD_MEMBER 0
#define HAVE_WCHAR_H 1
#define SIZEOF_WCHAR_T 4
#define HAVE_GETC_UNLOCKED 1
#define HAVE_WORKING_TZSET 1
#define HAVE_STAT_TV_NSEC 1
#define HAVE_NCURSESW 1
#define HAVE_PANELW 1
#define HAVE_NCURSESW_CURSES_H 1
#define HAVE_NCURSESW_NCURSES_H 1
#define HAVE_NCURSESW_PANEL_H 1
#define HAVE_NCURSES_CURSES_H 1
#define HAVE_NCURSES_NCURSES_H 1
#define HAVE_NCURSES_PANEL_H 1
#define HAVE_CURSES_H 1
#define HAVE_NCURSES_H 1
#define HAVE_PANEL_H 1
#define HAVE_TERM_H 1
#define MVWDELCH_IS_EXPRESSION 1
#define HAVE_CURSES_IS_PAD 1
#define HAVE_CURSES_IS_TERM_RESIZED 1
#define HAVE_CURSES_RESIZE_TERM 1
#define HAVE_CURSES_RESIZETERM 1
#define HAVE_CURSES_IMMEDOK 1
#define HAVE_CURSES_SYNCOK 1
#define HAVE_CURSES_WCHGAT 1
#define HAVE_CURSES_FILTER 1
#define HAVE_CURSES_HAS_KEY 1
#define HAVE_CURSES_TYPEAHEAD 1
#define HAVE_CURSES_USE_ENV 1
#define HAVE_DEV_PTMX 1
#define HAVE_SOCKLEN_T 1
#define HAVE_COMPUTED_GOTOS 1
#define Py_REMOTE_DEBUG 1
#define HAVE_DIRENT_D_TYPE 1
#define HAVE_GETRANDOM_SYSCALL 1
#define HAVE_GETRANDOM 1
#define HAVE_SHM_OPEN 1
#define HAVE_SHM_UNLINK 1
#define PY_SSL_DEFAULT_CIPHERS 1
#define PY_BUILTIN_HASHLIB_HASHES "md5,sha1,sha2,sha3,blake2"
#define _PYTHREAD_NAME_MAXLEN 15
#define _Py_HACL_CAN_COMPILE_VEC128 1
#define _Py_HACL_CAN_COMPILE_VEC256 1

configure: exit 0
